size,pg_sentence-transformers/all-MiniLM-L6-v2_throughput,pg_sentence-transformers/all-MiniLM-L6-v2_time_s,pg_sentence-transformers/all-MiniLM-L6-v2_py_cpu,pg_sentence-transformers/all-MiniLM-L6-v2_py_mem_delta,pg_sentence-transformers/all-MiniLM-L6-v2_py_mem_peak,pg_sentence-transformers/all-MiniLM-L6-v2_pg_cpu,pg_sentence-transformers/all-MiniLM-L6-v2_pg_mem_delta,pg_sentence-transformers/all-MiniLM-L6-v2_pg_mem_peak,pg_sentence-transformers/all-MiniLM-L6-v2_sys_cpu,pg_sentence-transformers/all-MiniLM-L6-v2_sys_mem,mysql_sentence-transformers/all-MiniLM-L6-v2_throughput,mysql_sentence-transformers/all-MiniLM-L6-v2_time_s,mysql_sentence-transformers/all-MiniLM-L6-v2_py_cpu,mysql_sentence-transformers/all-MiniLM-L6-v2_py_mem_delta,mysql_sentence-transformers/all-MiniLM-L6-v2_py_mem_peak,mysql_sentence-transformers/all-MiniLM-L6-v2_pg_cpu,mysql_sentence-transformers/all-MiniLM-L6-v2_pg_mem_delta,mysql_sentence-transformers/all-MiniLM-L6-v2_pg_mem_peak,mysql_sentence-transformers/all-MiniLM-L6-v2_sys_cpu,mysql_sentence-transformers/all-MiniLM-L6-v2_sys_mem,redis_sentence-transformers/all-MiniLM-L6-v2_throughput,redis_sentence-transformers/all-MiniLM-L6-v2_time_s,redis_sentence-transformers/all-MiniLM-L6-v2_py_cpu,redis_sentence-transformers/all-MiniLM-L6-v2_py_mem_delta,redis_sentence-transformers/all-MiniLM-L6-v2_py_mem_peak,redis_sentence-transformers/all-MiniLM-L6-v2_pg_cpu,redis_sentence-transformers/all-MiniLM-L6-v2_pg_mem_delta,redis_sentence-transformers/all-MiniLM-L6-v2_pg_mem_peak,redis_sentence-transformers/all-MiniLM-L6-v2_sys_cpu,redis_sentence-transformers/all-MiniLM-L6-v2_sys_mem,pg_BAAI/bge-large-en-v1.5_throughput,pg_BAAI/bge-large-en-v1.5_time_s,pg_BAAI/bge-large-en-v1.5_py_cpu,pg_BAAI/bge-large-en-v1.5_py_mem_delta,pg_BAAI/bge-large-en-v1.5_py_mem_peak,pg_BAAI/bge-large-en-v1.5_pg_cpu,pg_BAAI/bge-large-en-v1.5_pg_mem_delta,pg_BAAI/bge-large-en-v1.5_pg_mem_peak,pg_BAAI/bge-large-en-v1.5_sys_cpu,pg_BAAI/bge-large-en-v1.5_sys_mem,mysql_BAAI/bge-large-en-v1.5_throughput,mysql_BAAI/bge-large-en-v1.5_time_s,mysql_BAAI/bge-large-en-v1.5_py_cpu,mysql_BAAI/bge-large-en-v1.5_py_mem_delta,mysql_BAAI/bge-large-en-v1.5_py_mem_peak,mysql_BAAI/bge-large-en-v1.5_pg_cpu,mysql_BAAI/bge-large-en-v1.5_pg_mem_delta,mysql_BAAI/bge-large-en-v1.5_pg_mem_peak,mysql_BAAI/bge-large-en-v1.5_sys_cpu,mysql_BAAI/bge-large-en-v1.5_sys_mem,redis_BAAI/bge-large-en-v1.5_throughput,redis_BAAI/bge-large-en-v1.5_time_s,redis_BAAI/bge-large-en-v1.5_py_cpu,redis_BAAI/bge-large-en-v1.5_py_mem_delta,redis_BAAI/bge-large-en-v1.5_py_mem_peak,redis_BAAI/bge-large-en-v1.5_pg_cpu,redis_BAAI/bge-large-en-v1.5_pg_mem_delta,redis_BAAI/bge-large-en-v1.5_pg_mem_peak,redis_BAAI/bge-large-en-v1.5_sys_cpu,redis_BAAI/bge-large-en-v1.5_sys_mem
32,381.38762247661356,0.08390413876622915,5.1,0.00390625,755.7265625,49.7,4.4921875,326.0625,1.7,6525.25,375.7094405080155,0.08517220104113221,5.1,0.0,755.7265625,0.0,0.0,0.0,2.4,6277.3671875,382.1474942850664,0.08373730164021254,5.1,0.00390625,756.0703125,0.0,0.0,0.6796875,0.9,6280.69921875,50.390107155224804,0.6350452858023345,1.3,0.0,756.0703125,86.3,4.59375,326.63671875,2.2,6632.4921875,50.28309593892244,0.6363967731595039,1.3,0.0,756.0703125,0.0,0.0,0.0,2.2,6253.171875,50.356086954796844,0.6354743177071214,1.3,0.0,756.11328125,0.0,0.0,0.6796875,1.8,6253.41796875
64,384.2471220757566,0.16655947780236602,3.6,0.00390625,756.1171875,66.8,6.5703125,328.16015625,1.5,6569.45703125,378.91445082894853,0.1689035608433187,3.6,0.0,756.1171875,0.0,0.0,0.0,1.7,6303.3359375,384.0605301888686,0.1666403990238905,3.6,0.0,756.140625,0.0,0.0,0.6796875,1.3,6305.3046875,50.66499332013434,1.2631996138952672,0.7,0.0,756.140625,94.1,7.70703125,329.7421875,2.4,6742.8046875,50.39129838574877,1.2700605471618474,0.7,0.0,756.140625,0.0,0.0,0.0,2.5,6365.4140625,50.50098105057329,1.2673021131195128,0.7,0.00390625,756.1484375,0.0,0.0,0.6796875,2.3,6360.71484375
128,421.09794232572744,0.30396728916093707,4.8,0.30078125,756.44921875,90.0,9.08203125,330.6640625,1.9,6671.85546875,413.126496635323,0.3098324630409479,2.4,0.0,756.44921875,0.0,0.0,0.0,2.0,6346.56640625,419.2898487145769,0.3052780800499022,4.8,0.0,756.44921875,0.0,0.0,0.6796875,1.3,6345.625,54.59139492740268,2.3446918725967407,0.4,0.0234375,756.47265625,97.9,11.11328125,333.140625,2.7,6669.74609375,54.284806552290505,2.357934164814651,0.4,0.0,756.47265625,0.0,0.0,0.0,2.8,6429.6640625,54.34551451461773,2.355300177820027,0.4,0.0,756.4765625,0.0,0.0,0.6796875,2.6,6409.62890625
256,450.5005649061644,0.5682567791081965,1.5,0.44921875,756.92578125,103.5,12.51953125,334.1171875,2.3,6747.609375,445.9329268098997,0.5740773659199476,1.5,0.3828125,756.671875,0.0,0.0,0.0,2.4,6412.01171875,451.6479389667036,0.566813169978559,1.5,0.0,756.671875,0.0,0.0,0.6796875,1.8,6410.765625,57.912697190627476,4.420446852222085,0.2,0.15625,756.828125,100.5,14.94140625,336.9765625,2.9,6718.8125,57.723164168463256,4.434961313847452,0.2,0.484375,756.65625,0.0,0.0,0.0,3.0,6382.71875,57.78126814815159,4.43050158303231,0.2,0.0,756.65625,0.0,0.0,0.6796875,2.8,6378.84765625
512,443.99157728578103,1.1531750289723277,0.8,0.14453125,756.80078125,111.7,17.09765625,338.6796875,2.7,6711.17578125,440.63671511355665,1.1619549221359193,0.8,0.62109375,757.12109375,0.0,0.0,0.0,2.9,6379.890625,443.027753509108,1.1556838052347302,0.8,0.0,757.1328125,0.0,0.0,0.6796875,2.6,6378.59765625,56.498986825560564,9.062109407037497,0.1,0.60546875,757.73828125,101.7,16.3125,338.359375,3.0,6714.30859375,56.333198011321834,9.088779229205102,0.1,0.77734375,757.1328125,0.0,0.0,0.0,3.1,6373.890625,56.365516609658044,9.083567947149277,0.1,0.0,757.140625,0.0,0.0,0.6796875,3.0,6386.5234375
1024,436.5797935190325,2.345504797063768,0.8,0.76953125,757.91015625,118.1,20.2734375,341.84765625,3.2,6729.76171875,435.1341728418022,2.353297129739076,0.8,0.9140625,758.23828125,0.0,0.0,0.0,3.1,6382.94140625,437.8958634793892,2.338455521967262,0.8,0.0,758.25390625,0.0,0.0,0.6796875,3.1,6383.30859375,55.22836974048475,18.541195490863174,0.1,1.18359375,759.4375,102.4,21.90234375,343.94140625,3.2,6741.00390625,55.24209303283566,18.536589469760656,0.1,1.625,758.26953125,0.0,0.0,0.0,3.4,6423.21875,55.227280981053156,18.541561014950275,0.1,0.0,758.28125,0.0,0.0,0.6796875,3.3,6446.99609375
2048,427.78976005862273,4.787398369982839,0.2,1.3125,759.59375,120.9,32.015625,353.58984375,3.4,6768.30859375,426.79694263903224,4.798534842673689,0.6,2.4296875,760.8125,0.0,0.0,0.0,3.5,6424.078125,428.6680317007745,4.777589763049036,0.4,0.0,760.8203125,0.0,0.0,0.6796875,3.4,6431.046875,54.16873364243209,37.80778804095462,0.1,2.44921875,763.26953125,102.7,32.4765625,354.50390625,3.2,6778.55859375,54.10597001192773,37.85164556792006,0.1,3.5078125,760.85546875,0.0,0.0,0.0,3.2,6411.7265625,54.08222196292135,37.86826660716906,0.0,0.0,760.85546875,0.0,0.0,0.6796875,3.2,6464.10546875
4096,438.79788174127185,9.334593831095845,0.2,2.76953125,763.625,122.7,32.109375,353.69140625,3.7,6811.75,438.8269280393052,9.333975967019796,0.4,4.73046875,765.90625,0.0,0.0,0.0,3.7,6447.59765625,440.30406381527735,9.302662265952677,0.3,0.0,765.90625,0.0,0.0,0.6796875,3.7,6472.30078125,55.35685591717797,73.99264160031453,0.0,5.015625,770.921875,102.9,37.65625,359.6875,3.2,6855.0625,55.312705374559464,74.0517024481669,0.0,7.234375,766.02734375,0.0,0.0,0.0,3.3,6454.2109375,55.28920985466303,74.08317121490836,0.0,0.0,766.02734375,0.0,0.0,0.6796875,3.2,6509.2890625
32,380.6749970608531,0.08406120771542192,5.1,0.00390625,755.796875,49.3,4.16015625,325.7578125,2.6,6779.4375,377.9361938312666,0.08467037696391344,5.1,0.0,755.796875,0.0,0.0,0.0,1.3,6463.75390625,382.374065786746,0.08368768403306603,10.2,0.00390625,756.140625,0.0,0.0,0.6796875,0.7,6464.4921875,50.40096375884284,0.6349084940738976,1.3,0.0,756.140625,85.0,4.55078125,326.5859375,2.1,6780.29296875,50.12363888794761,0.6384213259443641,1.3,0.0,756.140625,0.0,0.0,0.0,2.4,6463.7734375,50.416907409293806,0.634707713034004,2.7,0.0,756.16796875,0.0,0.0,0.6796875,1.7,6463.9375
64,383.8007920212994,0.16675317334011197,3.6,0.046875,756.21484375,70.2,6.85546875,328.4296875,1.4,6787.203125,378.79148795247033,0.16895839013159275,3.6,0.00390625,756.21875,0.0,0.0,0.0,1.7,6472.48046875,383.4563620533259,0.16690295515581965,3.6,0.0,756.2421875,0.0,0.0,0.6796875,1.2,6473.21875,50.463785166851814,1.2682362170889974,0.7,0.00390625,756.24609375,94.5,7.38671875,329.42578125,2.4,6792.55859375,50.225870563103015,1.2742437170818448,1.4,0.0,756.24609375,0.0,0.0,0.0,2.5,6481.22265625,50.38147613475875,1.2703081551007926,1.4,0.00390625,756.265625,0.0,0.0,0.6796875,2.2,6479.65234375
128,419.5941554289944,0.3050566799938679,4.8,0.31640625,756.58203125,87.5,9.421875,331.00390625,1.8,6805.96875,413.4668846513733,0.3095773924142122,4.7,0.0,756.58203125,0.0,0.0,0.0,1.9,6515.91015625,419.7286849395677,0.3049589046277106,2.4,0.0,756.58203125,0.0,0.0,0.6796875,1.5,6512.65625,54.3187200449445,2.3564620059914887,0.4,0.0390625,756.62109375,98.2,10.29296875,332.328125,2.7,6823.6171875,54.13431645251391,2.3644890780560672,0.4,0.0,756.62109375,0.0,0.0,0.0,2.8,6475.71875,54.23327797443011,2.3601745050400496,0.8,0.00390625,756.62890625,0.0,0.0,0.6796875,2.6,6474.5078125
256,450.6116264897885,0.5681167216971517,1.5,0.41796875,757.046875,103.5,12.44921875,334.0234375,2.2,6816.46484375,444.5933849548333,0.5758070377632976,2.9,0.36328125,756.7734375,0.0,0.0,0.0,2.2,6493.015625,451.9977540960372,0.5663744956254959,1.5,0.0,756.7734375,0.0,0.0,0.6796875,1.8,6491.07421875,57.682064213367966,4.4381213379092515,0.2,0.4609375,757.234375,100.3,15.17578125,337.21484375,2.9,6802.66015625,57.60337431266692,4.4441840960644186,0.4,0.1953125,756.7890625,0.0,0.0,0.0,3.0,6469.9296875,57.64507602249326,4.440969076007605,0.2,0.0,756.7890625,0.0,0.0,0.6796875,2.9,6455.9140625
512,442.40903755099913,1.1573000471107662,2.4,0.140625,756.9296875,112.1,17.01171875,338.60546875,2.5,6778.08203125,438.5348534450605,1.1675240769982338,1.6,0.5859375,757.21484375,0.0,0.0,0.0,3.0,6478.2890625,442.51495288737806,1.1570230489596725,0.8,0.0,757.2265625,0.0,0.0,0.6796875,2.5,6478.2890625,56.418924175333565,9.074969214387238,0.1,0.90625,758.1328125,101.8,15.5703125,337.6015625,3.1,6807.02734375,56.30537935280122,9.093269699718803,0.1,0.0,757.3515625,0.0,0.0,0.0,3.1,6467.921875,56.329321465192585,9.089404712896794,0.1,0.0,757.3671875,0.0,0.0,0.6796875,3.0,6456.0390625
1024,435.1275697291259,2.3533328413031995,0.8,0.6875,758.0546875,117.3,20.1796875,341.7734375,3.1,6801.1015625,433.9197250549524,2.3598835011944175,0.4,0.8984375,758.3671875,0.0,0.0,0.0,3.2,6510.3125,437.07009904583254,2.342873608227819,0.4,0.0,758.3828125,0.0,0.0,0.6796875,3.2,6492.8984375,55.25442914514686,18.532450987957418,0.1,1.76171875,760.14453125,102.4,21.9609375,343.99609375,3.1,7145.734375,55.20426435140141,18.549291654024273,0.1,0.0,758.51953125,0.0,0.0,0.0,3.2,6770.34375,55.16988618604054,18.560850325971842,0.1,0.0,758.53125,0.0,0.0,0.6796875,3.1,6782.03125
2048,427.7806103968103,4.78750076610595,0.6,1.3125,759.84375,120.3,31.96875,353.55859375,3.4,7137.921875,427.2457318474293,4.793494346085936,0.4,2.30859375,760.94140625,0.0,0.0,0.0,3.6,6775.3203125,428.74113845016814,4.776775112841278,0.2,0.0,760.94921875,0.0,0.0,0.6796875,3.4,6794.390625,54.16034538288148,37.813643645029515,0.1,2.4375,763.38671875,102.7,29.8203125,351.8671875,3.3,7139.390625,54.11925976068077,37.84235056163743,0.1,3.5078125,760.9609375,0.0,0.0,0.0,3.2,6765.90625,54.07896352406939,37.87054829718545,0.0,0.0,760.9609375,0.0,0.0,0.6796875,3.2,6812.8125
4096,438.9564856275846,9.331221052911133,0.1,2.7890625,763.75,121.9,31.40234375,352.984375,3.6,7194.9375,439.2516388316816,9.32495098002255,0.3,4.74609375,766.046875,0.0,0.0,0.0,3.7,6804.09375,440.6190425500906,9.296012211125344,0.1,0.00390625,766.05078125,0.0,0.0,0.6796875,3.6,6811.91796875,55.348973502822496,74.00317911570892,0.0,5.015625,771.06640625,102.9,40.06640625,362.09765625,3.2,7131.12109375,55.27941074785599,74.0963035710156,0.0,7.234375,766.17578125,0.0,0.0,0.0,3.2,6775.42578125,55.275117017489634,74.10205931728706,0.0,0.0,766.17578125,0.0,0.0,0.6796875,3.3,6859.72265625
32,381.1484469305511,0.08395678969100118,5.1,0.00390625,755.73046875,49.4,4.15625,325.74609375,2.6,7348.89453125,376.5936513641614,0.08497222373262048,5.1,0.0,755.73046875,0.0,0.0,0.0,1.3,7067.69921875,383.4956327037476,0.0834429319947958,5.1,0.00390625,756.07421875,0.0,0.0,0.6796875,0.9,7067.9453125,50.20374465759362,0.637402652297169,1.3,0.0,756.078125,86.1,4.5546875,326.58984375,2.1,7290.2109375,50.135369399689225,0.6382719501852989,1.3,0.00390625,756.0859375,0.0,0.0,0.0,2.1,6949.82421875,50.204134572529455,0.6373977018520236,1.3,0.0,756.1640625,0.0,0.0,0.6796875,2.0,7069.09765625
64,383.39383215050896,0.1669301763176918,3.6,0.06640625,756.23046875,70.3,6.65625,328.23828125,1.6,7373.91796875,377.1245510591498,0.1697052069939673,7.1,0.01953125,756.25,0.0,0.0,0.0,1.5,6934.4921875,383.640685918147,0.16682276502251625,3.6,0.0,756.2734375,0.0,0.0,0.6796875,1.1,6933.46484375,50.48377294936826,1.2677340907976031,0.7,0.04296875,756.31640625,94.5,7.421875,329.45703125,2.4,7249.70703125,50.19803194845418,1.27495038183406,0.7,0.0,756.31640625,0.0,0.0,0.0,2.5,6918.84765625,50.42326804440058,1.2692552958615124,0.7,0.00390625,756.32421875,0.0,0.0,0.6796875,2.3,6917.0234375
128,420.1806663809779,0.30463086534291506,4.8,0.2734375,756.59765625,87.5,9.34765625,330.921875,1.7,7233.05078125,413.2618868290754,0.3097309577278793,2.4,0.0,756.59765625,0.0,0.0,0.0,1.7,6958.37109375,420.649256510015,0.3042915160767734,2.4,0.0,756.59765625,0.0,0.0,0.6796875,1.4,6953.23828125,54.28968013020899,2.357722493354231,0.4,0.04296875,756.640625,97.7,10.546875,332.58203125,2.7,7256.35546875,54.07254304587991,2.3671903111971915,0.4,0.0,756.640625,0.0,0.0,0.0,2.8,6911.0390625,54.24053841102791,2.359858580864966,0.4,0.0,756.64453125,0.0,0.0,0.6796875,2.6,6911.69921875
256,451.12447985046185,0.567470867652446,1.5,0.42578125,757.0703125,105.0,12.4296875,334.00390625,2.1,7254.9921875,444.676591884516,0.5756992939859629,2.9,0.375,756.8046875,0.0,0.0,0.0,2.2,6931.05859375,453.74032245926827,0.5641993610188365,1.5,0.0,756.8046875,0.0,0.0,0.6796875,1.8,6928.78515625,57.67171962092722,4.438917404972017,0.2,0.3046875,757.109375,100.3,14.984375,337.02734375,2.9,7257.7890625,57.59416462342489,4.444894750602543,0.2,0.15625,756.78125,0.0,0.0,0.0,3.0,6930.08984375,57.676566193744364,4.43854440189898,0.2,0.0,756.78125,0.0,0.0,0.6796875,2.9,6927.0703125
512,442.87523014898795,1.156081815250218,0.8,0.140625,756.921875,113.0,17.16796875,338.7421875,2.6,7247.71875,438.99545149704824,1.1662991000339389,0.8,0.625,757.24609375,0.0,0.0,0.0,2.8,6909.19921875,444.42627442563105,1.1520470986142755,1.6,0.0,757.2578125,0.0,0.0,0.6796875,2.6,6911.9296875,56.38327763608829,9.080706575885415,0.2,0.609375,757.8671875,101.8,15.46875,337.50390625,3.0,7248.1796875,56.287426280238336,9.096170030068606,0.2,0.77734375,757.26171875,0.0,0.0,0.0,3.1,6922.00390625,56.30928727855562,9.092638616915792,0.1,0.0,757.26953125,0.0,0.0,0.6796875,3.0,6911.0
1024,435.78030954815443,2.349807867780328,0.4,0.76953125,758.0390625,117.9,19.90234375,341.4765625,3.1,7248.50390625,434.2800344330698,2.3579255752265453,0.8,0.93359375,758.38671875,0.0,0.0,0.0,3.2,6931.921875,436.9936611552285,2.3432834181003273,0.4,0.0,758.3984375,0.0,0.0,0.6796875,3.1,6932.6328125,55.228607552604835,18.541115653235465,0.1,1.18359375,759.58203125,102.4,21.5625,343.59765625,3.1,7274.015625,55.18941505537516,18.55428253719583,0.1,1.62890625,758.4140625,0.0,0.0,0.0,3.2,6910.0859375,55.16555898793216,18.562306242994964,0.1,0.0,758.42578125,0.0,0.0,0.6796875,3.2,6925.7890625
2048,427.78296532775204,4.787474411074072,0.2,1.3125,759.73828125,119.9,31.55859375,353.140625,3.3,7271.91015625,427.05663458730777,4.795616867020726,0.4,2.44140625,760.96875,0.0,0.0,0.0,3.5,6911.671875,428.9816057647699,4.774097472894937,0.4,0.0,760.9765625,0.0,0.0,0.6796875,3.5,6917.125,54.116830473518306,37.844049292616546,0.1,2.453125,763.4296875,102.6,31.75390625,353.7890625,3.2,7281.00390625,54.10307372751765,37.85367186926305,0.1,3.5078125,761.00390625,0.0,0.0,0.0,3.3,6951.95703125,54.04267169129703,37.895979897119105,0.1,0.0,761.0078125,0.0,0.0,0.6796875,3.2,6957.4765625
4096,439.0373993175017,9.32950132805854,0.3,2.76953125,763.77734375,122.1,31.359375,352.94140625,3.7,7308.69140625,439.24450946923787,9.32510233297944,0.3,4.734375,766.0625,0.0,0.0,0.0,3.8,6929.3515625,440.44968765189765,9.29958656989038,0.2,0.0,766.0625,0.0,0.0,0.6796875,3.6,6945.46484375,55.313366632735914,74.05081717763096,0.0,4.9921875,771.0546875,102.9,40.52734375,362.55859375,3.2,7325.1328125,55.28685645387985,74.0863247201778,0.1,7.23828125,766.140625,0.0,0.0,0.0,3.2,6895.24609375,55.26915552561588,74.11005218094215,0.0,0.0,766.140625,0.0,0.0,0.6796875,3.3,7007.46875
32,382.21516989076406,0.08372247498482466,5.1,0.00390625,755.83203125,44.5,4.2734375,325.84765625,2.7,7278.9375,375.788713133962,0.08515423396602273,5.1,0.0,755.83203125,0.0,0.0,0.0,1.2,6957.8046875,384.2952884848742,0.08326930087059736,10.2,0.00390625,756.171875,0.0,0.0,0.6796875,0.9,6958.046875,50.41139398845433,0.6347771300934255,1.3,0.0,756.171875,87.7,4.58203125,326.62109375,2.1,7282.57421875,50.13362674704389,0.6382941366173327,1.3,0.0,756.171875,0.0,0.0,0.0,2.2,6967.95703125,50.18192359068336,0.6376798199489713,2.7,0.0,756.19921875,0.0,0.0,0.6796875,1.8,6968.203125
64,383.3080144395214,0.16696754982694983,7.2,0.04296875,756.2421875,70.1,6.75,328.33984375,1.7,7294.20703125,378.71106562343135,0.1689942697994411,3.6,0.0,756.2421875,0.0,0.0,0.0,1.4,6951.6484375,383.45375485161696,0.16690408997237682,3.6,0.0,756.265625,0.0,0.0,0.6796875,1.2,6951.453125,50.42838193585804,1.2691265819594264,0.7,0.015625,756.28125,93.0,7.13671875,329.17578125,2.5,7270.609375,50.114650413616964,1.277071664109826,0.7,0.0,756.28125,0.0,0.0,0.0,2.5,6973.90234375,50.39057993085779,1.270078655332327,0.7,0.00390625,756.30078125,0.0,0.0,0.6796875,2.2,6974.1484375
128,420.45527641692604,0.30443190317600965,4.8,0.25390625,756.5546875,89.9,9.34375,330.9375,1.8,7275.33203125,413.82006303644005,0.3093131808564067,2.4,0.0,756.5546875,0.0,0.0,0.0,1.9,6957.64453125,420.5404918861902,0.30437021516263485,2.4,0.0,756.55859375,0.0,0.0,0.6796875,1.5,6957.890625,54.31440155477676,2.356649366207421,0.4,0.125,756.68359375,98.2,10.88671875,332.91796875,2.7,7282.8671875,54.11897003052311,2.3651595721021295,0.4,0.0,756.68359375,0.0,0.0,0.0,2.8,6979.546875,54.24226647586778,2.35978339985013,0.4,0.0,756.6875,0.0,0.0,0.6796875,2.6,6978.765625
256,451.4493400835892,0.5670625190250576,2.9,0.33984375,757.02734375,102.1,12.0625,333.65234375,2.3,7276.55078125,443.5898547978129,0.5771096819080412,2.9,0.375,756.765625,0.0,0.0,0.0,2.3,6951.72265625,454.0049106501689,0.5638705529272556,1.5,0.0,756.765625,0.0,0.0,0.6796875,1.9,6951.078125,57.70985345252021,4.435984232928604,0.2,0.4609375,757.2265625,100.3,15.12890625,337.16796875,2.9,7274.4140625,57.57905564336369,4.446061109192669,0.2,0.1796875,756.765625,0.0,0.0,0.0,3.0,6941.99609375,57.64358098013716,4.441084256861359,0.4,0.0,756.765625,0.0,0.0,0.6796875,2.9,6938.27734375
512,442.29909113301085,1.157587727997452,1.6,0.14453125,756.91015625,111.3,16.92578125,338.5,2.7,7282.2578125,438.42196486142814,1.1678247009404004,1.6,0.57421875,757.18359375,0.0,0.0,0.0,2.9,6949.3046875,444.6775097948781,1.1513962112367153,0.8,0.0,757.1953125,0.0,0.0,0.6796875,2.6,6947.8515625,56.38864591129313,9.079842080362141,0.1,0.90625,758.1015625,101.9,15.83203125,337.87109375,3.0,7266.875,56.28410626627923,9.096706583164632,0.2,0.046875,757.3671875,0.0,0.0,0.0,3.1,6939.65234375,56.28410764636871,9.096706360112876,0.2,0.00390625,757.38671875,0.0,0.0,0.6796875,3.0,6943.60546875
1024,436.2035682776886,2.3475277931429446,0.8,0.765625,758.15234375,117.2,19.88671875,341.4765625,3.1,7281.5703125,433.6619758009277,2.3612861102446914,0.4,0.7734375,758.33984375,0.0,0.0,0.0,3.2,6935.875,437.18371593447307,2.3422647337429225,0.8,0.0,758.3515625,0.0,0.0,0.6796875,3.3,6933.015625,55.23116329732933,18.540257689077407,0.1,1.1796875,759.53125,102.3,23.03515625,345.0703125,3.1,7277.04296875,55.120876342275785,18.577353408560157,0.1,1.625,758.36328125,0.0,0.0,0.0,3.1,6926.96484375,55.1556371718021,18.565645372029394,0.1,0.0,758.375,0.0,0.0,0.6796875,3.1,6943.359375
2048,427.8968063502562,4.786200713831931,0.4,1.3125,759.6875,120.1,32.05859375,353.62890625,3.4,7288.015625,426.9659618705241,4.796635289210826,0.6,2.44140625,760.91796875,0.0,0.0,0.0,3.6,6940.82421875,429.2055955464822,4.7716060117818415,0.4,0.0,760.92578125,0.0,0.0,0.6796875,3.4,6937.1640625,54.12503855346919,37.83831023005769,0.1,2.4375,763.36328125,102.6,32.7265625,354.7578125,3.2,7272.140625,54.07090691445856,37.87619104003534,0.1,3.5078125,760.93359375,0.0,0.0,0.0,3.2,6931.12109375,54.04492056400143,37.89440300082788,0.0,0.00390625,760.9375,0.0,0.0,0.6796875,3.3,6989.5
4096,438.84189943304386,9.333657531999052,0.3,2.7890625,763.7265625,122.0,31.98046875,353.5703125,3.6,7340.05078125,439.360184791381,9.322647207882255,0.3,4.734375,766.01171875,0.0,0.0,0.0,3.7,6973.265625,440.603520169636,9.29633970791474,0.2,0.0,766.01171875,0.0,0.0,0.6796875,4.0,6952.015625,55.304578374875874,74.06258433498442,0.0,5.01171875,771.0234375,102.8,39.765625,361.7890625,3.2,7279.21875,55.281048224206586,74.09410876920447,0.0,7.234375,766.12890625,0.0,0.0,0.0,3.2,6925.66015625,55.259736957904565,74.12268362985924,0.0,0.0,766.12890625,0.0,0.0,0.6796875,3.2,6987.83984375
32,380.8070475286667,0.08403205825015903,5.1,0.00390625,755.70703125,49.3,4.2421875,325.82421875,2.7,7305.4140625,377.835632023208,0.08469291217625141,5.1,0.0,755.70703125,0.0,0.0,0.0,1.3,7070.01171875,384.12288162191777,0.08330667484551668,5.1,0.00390625,756.046875,0.0,0.0,0.6796875,0.7,7070.875,50.314808532764744,0.6359956627711654,1.3,0.0,756.046875,87.5,4.4765625,326.51171875,2.1,7342.203125,50.04428890372,0.639433603733778,1.3,0.0,756.046875,0.0,0.0,0.0,2.1,7004.8671875,50.37020505154891,0.6352962027303874,1.3,0.0,756.08203125,0.0,0.0,0.6796875,1.7,6995.49609375
64,382.6972295463947,0.16723403008654714,3.6,0.0859375,756.16796875,70.1,6.734375,328.30859375,1.5,7312.2578125,378.18036825390146,0.1692314180545509,7.1,0.01953125,756.1875,0.0,0.0,0.0,1.8,7008.95703125,382.9982234671592,0.16710260277613997,3.6,0.0,756.20703125,0.0,0.0,0.6796875,1.0,7007.21875,50.40384470868675,1.2697444087825716,0.7,0.04296875,756.25,94.4,7.515625,329.55078125,2.4,7300.62890625,50.14245852082751,1.2763634230941534,0.7,0.0,756.25,0.0,0.0,0.0,2.5,6944.453125,50.44036893958078,1.26882497780025,0.7,0.00390625,756.26953125,0.0,0.0,0.6796875,2.3,6943.09375
128,419.10161728807094,0.3054151898249984,4.8,0.28125,756.55078125,89.7,9.29296875,330.8828125,1.9,7253.05078125,412.9824040676961,0.3099405658431351,4.7,0.0,756.55078125,0.0,0.0,0.0,1.9,6956.734375,419.2696162182349,0.30529281171038747,2.4,0.0,756.5546875,0.0,0.0,0.6796875,1.4,6956.6640625,54.26907398959758,2.358617728110403,0.8,0.015625,756.5703125,98.5,10.88671875,332.91796875,2.7,7244.19140625,54.07280151236199,2.367178996093571,0.8,0.0,756.5703125,0.0,0.0,0.0,2.8,6921.0546875,54.245591841427704,2.359638740308583,0.4,0.0,756.57421875,0.0,0.0,0.6796875,2.6,6923.7109375
256,450.6229077474859,0.5681024990044534,1.5,0.4609375,757.03515625,103.4,12.30859375,333.8828125,2.2,7241.12109375,444.30735928153223,0.5761777171865106,2.9,0.37109375,756.765625,0.0,0.0,0.0,6.0,6961.46875,452.0718061865126,0.5662817200645804,1.5,0.0,756.765625,0.0,0.0,0.6796875,2.0,6958.7109375,57.69755150845137,4.436930048279464,0.2,0.453125,757.21875,100.5,14.9453125,336.9765625,2.9,7291.25390625,57.525119573671866,4.450229776091874,0.2,0.1796875,756.765625,0.0,0.0,0.0,3.0,6949.6640625,57.629609348632194,4.442160946317017,0.4,0.0,756.765625,0.0,0.0,0.6796875,2.9,6944.95703125
512,443.15581202358084,1.1553498478606343,0.8,0.140625,756.90625,112.3,17.375,338.94921875,2.9,7265.390625,438.4841329919326,1.1676591271534562,0.8,0.58203125,757.1875,0.0,0.0,0.0,2.8,6936.1875,442.9004481784897,1.1560159898363054,1.6,0.0,757.19921875,0.0,0.0,0.6796875,2.6,6933.41796875,56.3714483199739,9.082612124737352,0.2,0.90234375,758.1015625,101.7,16.015625,338.046875,3.1,7234.26171875,56.294591528506245,9.095012257806957,0.1,0.77734375,757.21484375,0.0,0.0,0.0,3.1,6890.67578125,56.28079498112545,9.097241788636893,0.1,0.0,757.234375,0.0,0.0,0.6796875,3.0,6896.46484375
1024,435.0843622153536,2.3535665469244123,0.8,0.765625,758.0,118.1,19.96875,341.5390625,3.2,7243.2421875,434.7505220421745,2.3553738249465823,0.4,0.9296875,758.34375,0.0,0.0,0.0,3.3,6913.90625,437.5478200589735,2.3403156250715256,0.8,0.0,758.359375,0.0,0.0,0.6796875,3.0,6918.27734375,55.24227633128593,18.536527963820845,0.1,1.1796875,759.5390625,102.3,21.8203125,343.8671875,3.1,7277.375,55.08325189831796,18.59004261204973,0.2,1.62890625,758.37109375,0.0,0.0,0.0,3.1,6892.015625,55.139008964409435,18.571244192309678,0.1,0.0,758.3828125,0.0,0.0,0.6796875,3.1,6907.71875
2048,427.5993814488599,4.789529846981168,0.2,1.31640625,759.69921875,119.6,32.0390625,353.62109375,3.5,7260.22265625,427.04377908152975,4.795761231798679,0.4,2.4453125,760.93359375,0.0,0.0,0.0,3.5,6900.9140625,428.72568537906545,4.776947287842631,0.2,0.0,760.9375,0.0,0.0,0.6796875,3.4,6907.91015625,54.10567577802455,37.851851410232484,0.0,2.44921875,763.38671875,102.6,33.0703125,355.1015625,3.2,7285.12890625,54.08881115428334,37.86365343024954,0.1,3.5078125,760.93359375,0.0,0.0,0.0,3.2,6898.8515625,54.00822915227627,37.92014720989391,0.0,0.0,760.93359375,0.0,0.0,0.6796875,3.2,6930.640625
4096,438.65345875521496,9.33766716811806,0.2,2.76953125,763.703125,122.1,31.97265625,353.5625,3.6,7304.03515625,438.76636633748245,9.335264309775084,0.4,4.7578125,766.01171875,0.0,0.0,0.0,3.7,6911.4765625,440.263515980062,9.303519031964242,0.2,0.00390625,766.015625,0.0,0.0,0.6796875,3.6,6947.0859375,55.32163632664562,74.03974777273834,0.0,5.01953125,771.03515625,102.8,40.67578125,362.7109375,3.3,7273.8828125,55.29332253041801,74.07766096433625,0.1,7.23828125,766.140625,0.0,0.0,0.0,3.2,6913.2578125,55.25817951264854,74.12477276893333,0.0,0.0,766.140625,0.0,0.0,0.6796875,3.2,6965.3984375
32,379.93281504876245,0.08422541758045554,10.2,0.00390625,755.6875,49.3,4.234375,325.80078125,2.7,7242.29296875,377.26074266791153,0.08482197159901261,10.1,0.0,755.6875,0.0,0.0,0.0,1.3,6953.55859375,383.11575461249066,0.08352566976100206,10.2,0.0,756.02734375,0.0,0.0,0.6796875,0.8,6952.19140625,50.294716906173576,0.6362497289665043,2.7,0.0,756.02734375,86.2,4.48828125,326.52734375,2.2,7266.453125,50.09425977833091,0.6387957450933754,2.7,0.0,756.02734375,0.0,0.0,0.0,2.2,6953.9140625,50.29032075024409,0.6363053470849991,1.3,0.00390625,756.0703125,0.0,0.0,0.6796875,1.8,6952.6953125
64,382.61061562572496,0.16727188788354397,3.6,0.046875,756.1171875,73.6,6.671875,328.24609375,1.5,7261.72265625,378.31365287363326,0.16917179571464658,3.5,0.00390625,756.12109375,0.0,0.0,0.0,1.4,6977.08203125,383.9809275802126,0.166674945037812,3.6,0.0,756.14453125,0.0,0.0,0.6796875,1.4,7034.2265625,50.41430880724169,1.2694808579981327,0.7,0.00390625,756.1484375,94.4,7.65234375,329.68359375,2.4,7286.1484375,50.189643058524545,1.2751634819433093,0.7,0.0,756.1484375,0.0,0.0,0.0,2.5,6920.29296875,50.454880096689614,1.268460055347532,1.4,0.00390625,756.15625,0.0,0.0,0.6796875,2.3,6918.46875
128,419.15663832059687,0.3053750991821289,2.4,0.3125,756.46875,89.6,9.13671875,330.7109375,1.9,7239.88671875,413.1950132411686,0.30978108616545796,2.4,0.0,756.46875,0.0,0.0,0.0,1.9,6943.10546875,419.6577897701699,0.3050104230642319,2.4,0.0,756.46875,0.0,0.0,0.6796875,1.4,6944.828125,54.288461613485055,2.357775412965566,0.4,0.03125,756.5,98.1,10.390625,332.421875,2.7,7234.6171875,54.049097986546776,2.3682171353138983,0.8,0.0,756.5,0.0,0.0,0.0,2.8,6930.11328125,54.318818775917016,2.356457722838968,0.4,0.0,756.5078125,0.0,0.0,0.6796875,2.6,6930.55859375
256,452.06373797928364,0.5662918267771602,2.9,0.44921875,756.95703125,102.2,12.3671875,333.94140625,2.1,7246.8515625,443.5343341650133,0.5771819232031703,1.4,0.38671875,756.703125,0.0,0.0,0.0,2.4,6929.32421875,451.1563960614413,0.5674307229928672,2.9,0.0,756.703125,0.0,0.0,0.6796875,1.9,6927.23046875,57.74061904067415,4.4336206340231,0.4,0.15625,756.859375,100.4,14.85546875,336.890625,2.9,7257.98828125,57.56318454168362,4.447286960203201,0.2,0.484375,756.6875,0.0,0.0,0.0,3.0,6983.96484375,57.6724853080449,4.438858471810818,0.2,0.0,756.6875,0.0,0.0,0.6796875,2.9,6977.484375
512,442.87529650892424,1.156081642024219,0.8,0.140625,756.828125,112.2,17.03125,338.6171875,2.7,7266.74609375,439.38486737770995,1.1652654381468892,1.6,0.6171875,757.14453125,0.0,0.0,0.0,2.8,6942.81640625,445.86517859630635,1.1483291913755238,0.8,0.0,757.15625,0.0,0.0,0.6796875,2.6,6940.32421875,56.35153152346797,9.085822268854827,0.1,0.60546875,757.76171875,101.7,15.59765625,337.6328125,3.0,7244.5078125,56.26330912257524,9.100069085601717,0.1,0.78125,757.16015625,0.0,0.0,0.0,3.1,6930.06640625,56.317437384983144,9.091322754975408,0.2,0.0,757.17578125,0.0,0.0,0.6796875,3.5,6951.4765625
1024,436.1247913995187,2.3479518252424896,0.8,0.765625,757.94140625,117.2,20.546875,342.12890625,3.2,7301.7109375,434.9449359218928,2.3543210080824792,1.2,0.9140625,758.26953125,0.0,0.0,0.0,3.1,6982.0078125,437.4477726257337,2.340850871987641,0.4,0.0,758.28125,0.0,0.0,0.6796875,3.2,6959.2109375,55.15499487306461,18.565861575305462,0.1,1.1796875,759.4609375,102.2,21.3359375,343.37109375,3.1,7292.19921875,55.156098119971944,18.56549021601677,0.1,1.62890625,758.29296875,0.0,0.0,0.0,3.4,6944.4140625,55.101554666393724,18.583867663983256,0.1,0.0,758.30859375,0.0,0.0,0.6796875,3.1,6944.36328125
2048,427.7918731654343,4.787374722305685,0.4,1.3125,759.62109375,120.3,31.91796875,353.5,3.4,7305.26171875,427.513058778683,4.79049694025889,0.4,2.4296875,760.83984375,0.0,0.0,0.0,3.6,6964.7578125,428.9214649900313,4.774766867980361,0.4,0.0,760.84765625,0.0,0.0,0.6796875,3.5,6956.3984375,54.11129593295771,37.84792000800371,0.1,2.4453125,763.29296875,102.6,31.2890625,353.32421875,3.2,7304.6875,54.05459756626088,37.88761904090643,0.1,3.5078125,760.87890625,0.0,0.0,0.0,3.2,6931.5703125,54.03126947504217,37.90397708397359,0.0,0.0,760.8828125,0.0,0.0,0.6796875,3.2,6937.734375
4096,438.5743386487508,9.339351710863411,0.3,2.78125,763.6640625,122.2,31.8984375,353.48046875,3.6,7317.30078125,438.96845627900854,9.3309665909037,0.4,4.73046875,765.9453125,0.0,0.0,0.0,3.7,6923.48046875,440.42691144330644,9.300067488104105,0.2,0.0,765.9453125,0.0,0.0,0.6796875,3.6,6948.7265625,55.32735288482574,74.03209780389443,0.0,5.015625,770.9609375,102.9,38.54296875,360.57421875,3.3,7362.6484375,55.2747777916557,74.10251408768818,0.1,7.234375,766.06640625,0.0,0.0,0.0,3.2,6904.30859375,55.23363358529764,74.15771395293996,0.0,0.0,766.06640625,0.0,0.0,0.6796875,3.2,6962.703125
32,381.6976554404025,0.0838359878398478,5.1,0.00390625,755.77734375,49.3,4.27734375,325.8515625,2.7,7258.875,376.56170655777066,0.084979432169348,5.1,0.0,755.77734375,0.0,0.0,0.0,1.3,6946.578125,384.09966169851697,0.08331171097233891,10.2,0.0,756.1171875,0.0,0.0,0.6796875,0.7,6946.82421875,50.28334064977852,0.636393676046282,1.3,0.0,756.1171875,86.2,4.46484375,326.50390625,2.1,7258.78515625,50.09018911164985,0.6388476579450071,1.3,0.0,756.1171875,0.0,0.0,0.0,2.1,6946.09375,50.29657215784382,0.6362262601032853,1.3,0.00390625,756.15234375,0.0,0.0,0.6796875,1.8,6943.22265625
64,383.5047445414678,0.16688189888373017,3.6,0.046875,756.19921875,70.2,6.7890625,328.37109375,1.5,7252.625,377.07526545728786,0.1697273883037269,3.5,0.00390625,756.203125,0.0,0.0,0.0,1.6,6936.5390625,384.4734321044821,0.16646143700927496,7.2,0.0,756.2265625,0.0,0.0,0.6796875,0.9,6936.01171875,50.44709192077703,1.2686558840796351,0.7,0.00390625,756.23046875,94.5,7.30859375,329.33984375,2.5,7254.91796875,50.24091852503567,1.273862060625106,0.7,0.0,756.23046875,0.0,0.0,0.0,2.5,6924.2578125,50.44436376946938,1.268724496010691,0.7,0.00390625,756.25,0.0,0.0,0.6796875,2.2,6924.51953125
128,419.20224129966175,0.30534187890589237,4.8,0.31640625,756.56640625,87.3,9.08984375,330.6796875,1.7,7239.359375,413.0405444169472,0.30989693803712726,2.4,0.0,756.56640625,0.0,0.0,0.0,2.0,6925.55859375,420.66526076760294,0.30427993927150965,4.8,0.0,756.5703125,0.0,0.0,0.6796875,1.5,6925.8046875,54.2823715546646,2.3580399369820952,0.4,0.0390625,756.609375,98.1,10.8046875,332.83984375,2.6,7246.04296875,54.075852643879216,2.367045432329178,0.4,0.0,756.609375,0.0,0.0,0.0,2.8,6926.8203125,54.25214037055344,2.3593539190478623,0.4,0.0,756.6171875,0.0,0.0,0.6796875,2.6,6926.625
256,450.6497522685444,0.5680686580017209,1.5,0.41796875,757.03515625,104.8,12.2890625,333.87109375,2.2,7262.71484375,447.11928365037494,0.5725541468709707,1.5,0.36328125,756.76171875,0.0,0.0,0.0,2.5,6933.4375,452.1744195401307,0.5661532119847834,2.9,0.0,756.76953125,0.0,0.0,0.6796875,1.9,6932.55078125,57.70030560069819,4.436718269251287,0.4,0.4609375,757.23046875,100.5,15.16796875,337.203125,2.9,7263.89453125,57.537452966618986,4.4492758507840335,0.4,0.1953125,756.78515625,0.0,0.0,0.0,3.0,6957.93359375,57.6284254654816,4.442252203356475,0.4,0.0,756.78515625,0.0,0.0,0.6796875,2.8,6953.8203125
512,443.3403776945643,1.154868867713958,1.6,0.140625,756.92578125,112.3,16.921875,338.51171875,2.7,7252.48046875,439.2639688222226,1.1655861539766192,0.8,0.5859375,757.2109375,0.0,0.0,0.0,2.9,6972.42578125,445.00987321206617,1.1505362708121538,0.8,0.0,757.21875,0.0,0.0,0.6796875,2.7,6963.484375,56.40185985539527,9.077714836224914,0.1,0.90625,758.125,101.7,15.5390625,337.5703125,3.0,7253.91015625,56.228788192106926,9.1056559542194,0.2,0.0,757.34765625,0.0,0.0,0.0,3.1,6919.5078125,56.31350394778595,9.09195777401328,0.1,0.0,757.34765625,0.0,0.0,0.6796875,3.0,6921.7734375
1024,435.65641058110117,2.3504761438816786,0.4,0.6875,758.03515625,117.9,20.52734375,342.1015625,3.2,7271.2265625,434.4075035628679,2.3572336840443313,0.4,0.8984375,758.34765625,0.0,0.0,0.0,3.1,6930.76171875,436.61539691263636,2.3453135350719094,0.8,0.0,758.35546875,0.0,0.0,0.6796875,3.2,6933.34375,55.22015542613101,18.54395359987393,0.1,1.765625,760.12109375,102.3,21.0078125,343.0390625,3.1,7316.70703125,55.165120479030904,18.562453795224428,0.1,0.0,758.49609375,0.0,0.0,0.0,3.1,6913.75390625,55.14591902345607,18.568917122669518,0.1,0.0,758.5078125,0.0,0.0,0.6796875,3.4,6954.83203125
2048,427.2548935079212,4.793391558807343,0.2,1.3125,759.8203125,119.9,31.8125,353.40234375,3.5,7308.61328125,427.3259105524478,4.792594947852194,0.6,2.30859375,760.91796875,0.0,0.0,0.0,3.5,6953.671875,429.4801579571161,4.768555571325123,0.4,0.0,760.92578125,0.0,0.0,0.6796875,3.4,6947.78515625,54.111325565173466,37.847899281885475,0.0,2.44921875,763.375,102.6,29.453125,351.4921875,3.2,7294.1953125,54.042176289058226,37.89632728789002,0.1,3.5078125,760.94921875,0.0,0.0,0.0,3.2,6914.77734375,54.03845334314569,37.89893813198432,0.0,0.0,760.953125,0.0,0.0,0.6796875,3.2,6950.45703125
4096,438.54939392111334,9.339882934000343,0.2,2.7734375,763.7265625,122.0,31.84375,353.4140625,3.6,7301.91796875,438.90431961321787,9.332330116070807,0.4,4.74609375,766.0234375,0.0,0.0,0.0,3.7,6925.5390625,440.24378103064026,9.30393608380109,0.2,0.0,766.0234375,0.0,0.0,0.6796875,3.7,6949.07421875,55.31546698632846,74.0480054342188,0.0,5.01953125,771.04296875,102.8,41.5625,363.6015625,3.2,7346.6015625,55.2689166592066,74.1103724767454,0.1,7.234375,766.15234375,0.0,0.0,0.0,3.3,6974.21484375,55.278601028142496,74.09738893201575,0.0,0.0,766.15234375,0.0,0.0,0.6796875,3.3,7010.0078125
32,381.9814208425191,0.08377370797097683,5.1,0.00390625,755.8671875,44.5,4.20703125,325.796875,2.7,7299.46484375,377.15833539220614,0.08484500274062157,5.1,0.0,755.8671875,0.0,0.0,0.0,1.3,7051.47265625,382.3003128010318,0.08370382897555828,5.1,0.0,756.203125,0.0,0.0,0.6796875,0.8,7049.93359375,50.31933877917108,0.6359384041279554,1.3,0.0,756.20703125,87.5,4.51171875,326.546875,2.2,7313.1015625,50.0115467264663,0.6398522360250354,1.3,0.0,756.20703125,0.0,0.0,0.0,2.1,6984.9453125,50.159683411857046,0.6379625592380762,1.3,0.00390625,756.2421875,0.0,0.0,0.6796875,1.8,6982.6171875
64,382.2765960453118,0.16741804406046867,3.6,0.0546875,756.296875,70.0,6.6875,328.26171875,1.5,7272.88671875,376.9992278012824,0.16976162092760205,3.5,0.015625,756.3125,0.0,0.0,0.0,1.5,7000.0625,383.91461566668534,0.1667037340812385,3.6,0.0,756.3359375,0.0,0.0,0.6796875,1.0,6998.734375,50.398665101983994,1.2698749038390815,1.4,0.015625,756.3515625,93.7,7.31640625,329.3671875,2.5,7257.41796875,50.339178610847895,1.2713755322620273,0.7,0.00390625,756.35546875,0.0,0.0,0.0,2.5,6875.58984375,50.44847739314259,1.2686210428364575,0.7,0.00390625,756.375,0.0,0.0,0.6796875,2.2,6876.328125
128,418.67284146792696,0.3057279749773443,4.8,0.28125,756.65625,87.2,9.203125,330.79296875,1.9,7194.81640625,412.7071990912541,0.31014724308624864,7.1,0.0,756.65625,0.0,0.0,0.0,1.8,6876.3828125,418.4350913263233,0.30590168619528413,2.4,0.0,756.65625,0.0,0.0,0.6796875,1.4,6877.796875,54.266990925383084,2.358708264771849,0.4,0.0390625,756.6953125,98.1,10.39453125,332.4296875,2.6,7210.12890625,54.05389808076272,2.368006832897663,0.4,0.0,756.6953125,0.0,0.0,0.0,2.8,6911.328125,54.21940569761823,2.360778366215527,0.4,0.0,756.69921875,0.0,0.0,0.6796875,2.6,6907.90625
256,448.9741474616035,0.5701887323521078,2.9,0.4375,757.13671875,103.0,12.44921875,334.0390625,2.2,7230.04296875,443.68571022239973,0.5769850010983646,4.4,0.37890625,756.875,0.0,0.0,0.0,2.4,6898.33203125,451.906209163955,0.5664892289787531,2.9,0.00390625,756.87890625,0.0,0.0,0.6796875,2.2,6889.73046875,57.716797508531485,4.435450528282672,0.2,0.30859375,757.1875,100.3,14.63671875,336.68359375,2.9,7203.89453125,57.5433393513271,4.448820712976158,0.2,0.18359375,756.8828125,0.0,0.0,0.0,3.0,6873.7578125,57.650814337496605,4.440527040977031,0.2,0.0,756.8828125,0.0,0.0,0.6796875,2.9,6874.25
512,444.7732457742551,1.1511483769863844,0.8,0.140625,757.0234375,113.4,17.3984375,338.97265625,2.7,7200.74609375,437.95059131122935,1.1690816502086818,0.8,0.58984375,757.3125,0.0,0.0,0.0,2.8,6875.265625,443.3405623555927,1.1548683866858482,0.8,0.0,757.32421875,0.0,0.0,0.6796875,2.6,6874.56640625,56.35200598964555,9.085745769087225,0.1,0.6015625,757.92578125,101.6,15.67578125,337.7109375,3.0,7223.421875,56.27347253135562,9.098425545264035,0.2,0.78125,757.33984375,0.0,0.0,0.0,3.1,6890.53515625,56.30366042826612,9.093547313008457,0.1,0.0,757.36328125,0.0,0.0,0.6796875,3.0,6881.1953125
1024,435.1507110357573,2.3532076911069453,0.4,0.76953125,758.1328125,117.3,19.99609375,341.578125,3.0,7219.34765625,434.31136560512766,2.3577554747462273,1.2,0.91796875,758.46484375,0.0,0.0,0.0,3.1,6876.671875,437.05442139232355,2.34295764984563,0.4,0.0,758.4765625,0.0,0.0,0.6796875,3.2,6877.41015625,55.22335914428013,18.542877794243395,0.1,1.18359375,759.66015625,102.3,22.96875,345.00390625,3.1,7212.078125,55.161137798199434,18.563794020097703,0.1,1.62890625,758.4921875,0.0,0.0,0.0,3.1,6869.11328125,55.12910991915262,18.57457886589691,0.1,0.0,758.50390625,0.0,0.0,0.6796875,3.1,6888.078125
2048,427.68489886841746,4.788572160061449,0.2,1.30859375,759.8125,119.8,32.10546875,353.6796875,3.4,7255.234375,427.58444739223785,4.789697128813714,0.6,2.43359375,761.03515625,0.0,0.0,0.0,3.5,6901.203125,428.5570226975796,4.778827300760895,0.4,0.0,761.04296875,0.0,0.0,0.6796875,3.5,6900.953125,54.12759235892062,37.83652497269213,0.0,3.65625,764.69921875,102.6,31.40625,353.44140625,3.3,7269.41015625,54.08047089554939,37.869492740835994,0.1,0.39453125,761.59375,0.0,0.0,0.0,3.2,6898.546875,54.05013283283767,37.890748693142086,0.1,0.0,761.59375,0.0,0.0,0.6796875,3.2,6929.3359375
4096,438.43043615429536,9.34241709113121,0.2,2.76171875,764.35546875,122.5,31.73828125,353.32421875,3.7,7272.78515625,438.7251029754686,9.336142318323255,0.3,4.2109375,766.1171875,0.0,0.0,0.0,3.7,6900.63671875,440.4650664380192,9.299261875916272,0.2,0.0,766.1171875,0.0,0.0,0.6796875,3.6,6928.5390625,55.32599773287548,74.0339111420326,0.0,7.4609375,773.578125,102.8,39.03125,361.078125,3.2,7316.484375,55.2636557173163,74.11742757214233,0.0,0.61328125,766.9765625,0.0,0.0,0.0,3.2,6893.22265625,55.28205882040008,74.09275427507237,0.0,0.0,766.9765625,0.0,0.0,0.6796875,3.3,6960.54296875
32,380.94895437502277,0.08400075556710362,5.1,0.00390625,755.83984375,49.3,4.234375,325.80859375,2.8,6630.70703125,377.4367490584812,0.08478241739794612,10.1,0.0,755.83984375,0.0,0.0,0.0,1.4,6313.546875,383.54770067597894,0.08343160431832075,10.2,0.0,756.171875,0.0,0.0,0.6796875,0.8,6313.5390625,50.33669239773891,0.6357191638089716,2.7,0.0,756.171875,86.2,4.40625,326.4453125,2.1,6639.390625,50.078116945160126,0.6390016628429294,1.3,0.0,756.171875,0.0,0.0,0.0,2.1,6319.875,50.38442471311708,0.6351169073022902,1.3,0.00390625,756.20703125,0.0,0.0,0.6796875,1.8,6319.3125
64,382.7462296535857,0.1672126203775406,3.6,0.03125,756.23828125,66.5,6.73828125,328.3203125,1.5,6635.45703125,378.4239352186155,0.16912249475717545,3.5,0.0,756.23828125,0.0,0.0,0.0,1.5,6316.359375,384.6431278485942,0.16638799803331494,7.2,0.0,756.26171875,0.0,0.0,0.6796875,1.0,6316.60546875,50.40675944944928,1.2696709865704179,1.4,0.0,756.26171875,93.6,7.59375,329.62890625,2.4,6637.109375,50.18834225255995,1.275196532253176,0.7,0.0,756.26171875,0.0,0.0,0.0,2.6,6314.90234375,50.4060417737318,1.2696890640072525,0.7,0.00390625,756.28125,0.0,0.0,0.6796875,2.3,6315.3671875
128,418.73190501332584,0.3056848510168493,4.8,0.28515625,756.56640625,89.5,9.2578125,330.83203125,1.7,6637.68359375,413.42711231127817,0.3096071742475033,2.4,0.0,756.56640625,0.0,0.0,0.0,1.8,6346.70703125,419.9772733911663,0.3047783966176212,4.8,0.0,756.56640625,0.0,0.0,0.6796875,1.5,6348.6484375,54.29970866876269,2.357287048827857,0.8,0.0390625,756.60546875,98.1,10.49609375,332.52734375,2.7,6659.23046875,54.02146675435626,2.369428445585072,0.4,0.0,756.60546875,0.0,0.0,0.0,2.8,6385.1640625,54.19432533783151,2.3618709007278085,0.4,0.0,756.609375,0.0,0.0,0.6796875,2.6,6382.296875
256,450.10609610044645,0.5687547940760851,1.5,0.421875,757.03125,103.2,12.87890625,334.4609375,2.1,6660.94921875,444.34357451231153,0.5761307571083307,1.5,0.40234375,756.79296875,0.0,0.0,0.0,2.7,6339.546875,454.1756974219338,0.5636585168540478,3.0,0.0,756.79296875,0.0,0.0,0.6796875,2.0,6339.546875,57.69847026492172,4.436859397217631,0.2,0.15625,756.94921875,100.1,15.1796875,337.21484375,2.9,6678.09375,57.606809825940786,4.4439190570265055,0.2,0.484375,756.765625,0.0,0.0,0.0,2.9,6343.75390625,57.623406108804105,4.442639151122421,0.2,0.0,756.765625,0.0,0.0,0.6796875,2.9,6340.9296875
512,442.0635027762511,1.1582046397961676,1.6,0.140625,756.90625,112.0,17.32421875,338.9140625,2.6,6672.8125,438.1374684666544,1.168583006132394,0.8,0.5703125,757.17578125,0.0,0.0,0.0,3.0,6363.71875,444.8533155890404,1.1509411800652742,0.8,0.0,757.19140625,0.0,0.0,0.6796875,2.5,6363.1171875,56.38871906492981,9.079830300994217,0.2,0.90625,758.09765625,101.9,15.984375,338.015625,3.1,6715.0703125,56.271947582641175,9.098672109190375,0.3,0.0,757.31640625,0.0,0.0,0.0,3.1,6356.60546875,56.325597961982055,9.090005584061146,0.2,0.0,757.33203125,0.0,0.0,0.6796875,3.0,6345.7109375
1024,435.89129853869247,2.3492095470428467,0.4,0.6640625,757.99609375,117.5,20.49609375,342.078125,3.0,6684.05078125,433.9926701394669,2.3594868541695178,0.8,0.9296875,758.33984375,0.0,0.0,0.0,3.2,6340.21484375,437.3595080205385,2.3413232848979533,0.4,0.0,758.3515625,0.0,0.0,0.6796875,3.1,6336.203125,55.22947998622874,18.540822768118232,0.1,1.1796875,759.53125,102.3,21.33203125,343.37890625,3.2,6707.6640625,55.17764934554393,18.558238927274942,0.1,1.62890625,758.36328125,0.0,0.0,0.0,3.2,6336.2578125,55.14743796462309,18.568405673839152,0.1,0.0,758.375,0.0,0.0,0.6796875,3.1,6350.37109375
2048,428.0600971679857,4.784374936018139,0.4,1.3125,759.6875,119.7,31.53515625,353.140625,3.4,6701.56640625,426.517014841124,4.801684173755348,0.6,2.44140625,760.91796875,0.0,0.0,0.0,3.5,6336.953125,428.8257583734951,4.775832514744252,0.4,0.0,760.9296875,0.0,0.0,0.6796875,3.5,6351.81640625,54.09464972390652,37.85956671228632,0.1,3.64453125,764.57421875,102.6,33.26171875,355.30859375,3.2,6676.99609375,54.09802429099759,37.857205079868436,0.1,0.37890625,761.453125,0.0,0.0,0.0,3.3,6376.66796875,54.00831534165378,37.92008669488132,0.0,0.0,761.453125,0.0,0.0,0.6796875,3.3,6399.60546875
4096,438.85513906274696,9.333375948946923,0.3,2.7890625,764.2421875,121.9,31.3046875,352.87890625,3.7,6736.02734375,439.2637711552353,9.324693427886814,0.4,4.23046875,766.0234375,0.0,0.0,0.0,3.7,6354.5703125,440.2869363131089,9.303024146705866,0.1,0.0,766.0234375,0.0,0.0,0.6796875,3.6,6390.95703125,55.2906399116522,74.08125510113314,0.0,7.4609375,773.484375,102.8,36.40234375,358.43359375,3.2,6773.640625,55.28393537867316,74.09023927012458,0.1,0.55078125,766.81640625,0.0,0.0,0.0,3.2,6357.87109375,55.25567788721427,74.12812866689637,0.0,0.0,766.81640625,0.0,0.0,0.6796875,3.2,6416.30078125
32,381.5308732836268,0.08387263584882021,5.1,0.00390625,755.81640625,49.2,4.27734375,325.859375,2.7,6707.6484375,377.50687243255123,0.08476666873320937,5.1,0.0,755.81640625,0.0,0.0,0.0,1.2,6392.45703125,383.3467093978033,0.08347534807398915,5.1,0.0,756.15234375,0.0,0.0,0.6796875,0.9,6392.20703125,50.27669912748324,0.6364777432754636,2.7,0.0,756.15625,86.1,4.48046875,326.53125,2.1,6710.27734375,50.179682445728325,0.6377083002589643,1.3,0.0,756.15625,0.0,0.0,0.0,2.2,6388.953125,50.31347273703269,0.6360125481151044,1.3,0.00390625,756.19140625,0.0,0.0,0.6796875,1.8,6389.4453125
64,382.87306876931547,0.16715722577646375,3.6,0.00390625,756.1953125,73.4,6.62890625,328.2109375,1.6,6724.125,377.60630379620613,0.1694886959157884,3.5,0.0,756.1953125,0.0,0.0,0.0,1.4,6430.6796875,383.90958614591824,0.16670591803267598,3.6,0.0,756.21875,0.0,0.0,0.6796875,1.0,6430.5703125,50.3317065892522,1.2715642750263214,1.4,0.0,756.21875,94.9,7.4453125,329.48046875,2.5,6716.1328125,50.28685307040559,1.272698450833559,1.4,0.0,756.21875,0.0,0.0,0.0,2.6,6392.08203125,50.4447734649263,1.2687141918577254,1.4,0.00390625,756.2421875,0.0,0.0,0.6796875,2.2,6392.8203125
128,418.92071866555005,0.3055470744147897,4.8,0.2265625,756.46875,89.6,9.4140625,330.98828125,1.9,6710.73046875,412.3375931625218,0.3104252489283681,2.4,0.0,756.46875,0.0,0.0,0.0,1.9,6392.44921875,419.5346710354954,0.30509993294253945,2.4,0.0,756.47265625,0.0,0.0,0.6796875,1.6,6392.44921875,54.322184098000754,2.3563117375597358,0.4,0.03125,756.50390625,97.8,11.01171875,333.05078125,2.7,6714.6640625,54.05489640371999,2.3679630989208817,0.4,0.0,756.50390625,0.0,0.0,0.0,2.8,6424.3671875,54.196270175689676,2.361786144785583,0.4,0.0,756.5078125,0.0,0.0,0.6796875,2.6,6403.4765625
256,450.50673115823645,0.5682490011677146,1.5,0.44140625,756.94921875,103.4,12.3125,333.88671875,2.2,6690.53125,443.5689700768326,0.5771368541754782,2.9,0.38671875,756.69921875,0.0,0.0,0.0,2.4,6407.30859375,452.7786987216045,0.5653976229950786,1.5,0.0,756.69921875,0.0,0.0,0.6796875,2.2,6409.54296875,57.73402416453088,4.434127080254257,0.2,0.15625,756.85546875,100.4,15.078125,337.125,2.9,6692.8359375,57.54780885294304,4.448475191369653,0.2,0.48046875,756.68359375,0.0,0.0,0.0,2.9,6361.078125,57.628274182912804,4.442263864912093,0.4,0.0,756.68359375,0.0,0.0,0.6796875,2.8,6361.078125
512,443.9977877069978,1.1531588989309967,1.6,0.14453125,756.828125,112.4,16.62109375,338.19140625,2.7,6695.89453125,439.4627511993881,1.1650589238852262,0.8,0.6171875,757.14453125,0.0,0.0,0.0,2.9,6383.99609375,443.3107899416978,1.154945946764201,0.8,0.0,757.15234375,0.0,0.0,0.6796875,2.7,6384.953125,56.360357115945895,9.084399499930441,0.1,0.60546875,757.7578125,101.7,15.87890625,337.9140625,3.1,6804.5625,56.27694960896563,9.097863398026675,0.1,0.77734375,757.15234375,0.0,0.0,0.0,3.1,6365.5546875,56.30181764218708,9.093844949267805,0.2,0.0,757.1640625,0.0,0.0,0.6796875,3.0,6352.7265625
1024,435.55177902393007,2.3510407931171358,0.4,0.76953125,757.93359375,116.6,20.01171875,341.59375,3.0,6681.7265625,434.1689473993213,2.358528877142817,0.8,0.9140625,758.26171875,0.0,0.0,0.0,3.1,6360.3359375,436.1497815380384,2.3478172942996025,0.8,0.0,758.2734375,0.0,0.0,0.6796875,3.1,6358.390625,55.22840310757243,18.541184288915247,0.1,1.1875,759.4609375,102.4,21.46484375,343.5,3.2,6718.6171875,55.14144501091149,18.570423749275506,0.1,1.625,758.2890625,0.0,0.0,0.0,3.2,6358.93359375,55.144730226389115,18.56931742699817,0.1,0.0,758.30078125,0.0,0.0,0.6796875,3.1,6369.93359375
2048,427.6680670532438,4.788760624825954,0.4,1.3125,759.61328125,119.8,31.93359375,353.515625,3.4,6729.72265625,427.3387681022292,4.792450750712305,0.6,2.4296875,760.83203125,0.0,0.0,0.0,3.5,6411.11328125,428.4825784128317,4.779657571110874,0.4,0.0,760.83984375,0.0,0.0,0.6796875,3.5,6398.265625,54.069470095176406,37.877197545953095,0.1,2.44921875,763.2890625,102.6,31.80859375,353.83984375,3.2,6740.1171875,54.077370114331735,37.87166416691616,0.1,3.5078125,760.875,0.0,0.0,0.0,3.2,6356.625,54.0276148548767,37.9065410438925,0.0,0.0,760.875,0.0,0.0,0.6796875,3.2,6396.59375
4096,438.57459742740025,9.339346200227737,0.2,2.76953125,763.64453125,121.9,31.85546875,353.4296875,4.1,6794.34765625,439.1074664637871,9.32801264571026,0.4,4.73046875,765.92578125,0.0,0.0,0.0,3.6,6401.86328125,440.61676524313845,9.296060257125646,0.2,0.0,765.92578125,0.0,0.0,0.6796875,3.7,6423.25,55.32847319868403,74.03059877129272,0.0,5.01953125,770.9453125,102.9,41.63671875,363.68359375,3.2,6783.125,55.280273195031974,74.09514756826684,0.1,7.234375,766.046875,0.0,0.0,0.0,3.2,6357.1875,55.27981495531186,74.09576177690178,0.0,0.0,766.046875,0.0,0.0,0.6796875,3.2,6413.4453125
32,379.2115879202774,0.08438560692593455,10.1,0.00390625,755.91796875,49.1,4.19921875,325.7734375,2.7,6875.19921875,375.7837175437583,0.08515536598861217,5.1,0.0,755.91796875,0.0,0.0,0.0,1.8,6556.17578125,383.94815596626984,0.08334458572790027,5.1,0.0,756.25390625,0.0,0.0,0.6796875,0.9,6542.390625,50.325543742530414,0.635859995149076,1.3,0.0,756.2578125,87.5,4.5625,326.58984375,2.1,6814.1875,50.166791789671876,0.6378721632063389,1.3,0.0,756.2578125,0.0,0.0,0.0,2.1,6438.74609375,50.26773120526423,0.6365912929177284,1.3,0.00390625,756.30078125,0.0,0.0,0.6796875,1.7,6431.73046875
64,382.39147062875327,0.16736774984747171,3.6,0.00390625,756.3046875,69.8,6.703125,328.27734375,1.4,6742.84375,377.5184260060228,0.16952814906835556,3.5,0.0,756.3046875,0.0,0.0,0.0,1.5,6477.51953125,384.6843388556762,0.1663701729848981,7.2,0.0,756.328125,0.0,0.0,0.6796875,1.2,6464.6640625,50.42581889388884,1.2691910890862346,0.7,0.0,756.328125,94.4,7.39453125,329.43359375,2.4,6746.58203125,50.28005408489245,1.272870548069477,0.7,0.0,756.328125,0.0,0.0,0.0,2.5,6423.578125,50.4122714312391,1.2695321631617844,0.7,0.00390625,756.3359375,0.0,0.0,0.6796875,2.3,6414.92578125
128,417.99664586463126,0.30622255289927125,2.4,0.25,756.5859375,89.4,9.31640625,330.890625,1.8,6719.00390625,413.57262488990847,0.3094982411712408,2.4,0.0,756.5859375,0.0,0.0,0.0,1.7,6397.04296875,418.6777428122032,0.30572439590469,2.4,0.0,756.58984375,0.0,0.0,0.6796875,1.6,6395.88671875,54.3157870572273,2.356589252129197,0.4,0.0390625,756.62890625,98.2,10.4609375,332.48046875,2.7,6713.63671875,54.09150871024617,2.366360322572291,0.8,0.0,756.62890625,0.0,0.0,0.0,2.8,6409.3203125,54.18595775485718,2.3622356289997697,0.8,0.0,756.6328125,0.0,0.0,0.6796875,2.6,6392.484375
256,449.9956143084971,0.5688944333232939,2.9,0.4453125,757.078125,103.4,12.4921875,334.0703125,2.3,6826.04296875,444.56230209737043,0.575847296975553,2.9,0.3203125,756.765625,0.0,0.0,0.0,2.2,6424.5234375,452.7450950854252,0.5654395879246294,1.5,0.0,756.765625,0.0,0.0,0.6796875,2.1,6409.87890625,57.67874765873475,4.438376531936228,0.2,0.4609375,757.2265625,100.3,14.9765625,337.0234375,2.9,6713.33203125,57.55159339088004,4.448182663880289,0.4,0.17578125,756.765625,0.0,0.0,0.0,3.0,6366.62890625,57.590519843061394,4.445176058448851,0.2,0.0,756.765625,0.0,0.0,0.6796875,3.7,6398.3203125
512,442.71815502768226,1.156491989735514,0.8,0.14453125,756.91015625,112.9,16.984375,338.55859375,2.6,6722.4609375,438.2412992504553,1.1683061383664608,1.6,0.5859375,757.1953125,0.0,0.0,0.0,2.8,6382.18359375,443.4364411486738,1.1546186837367713,0.8,0.0,757.20703125,0.0,0.0,0.6796875,2.5,6379.671875,56.35555054653607,9.08517430908978,0.1,0.8984375,758.10546875,101.8,15.2421875,337.2734375,3.1,6719.98046875,56.26946371453265,9.09907374624163,0.2,0.046875,757.37890625,0.0,0.0,0.0,3.1,6378.7890625,56.29308860425054,9.095255078282207,0.1,0.0,757.3984375,0.0,0.0,0.6796875,3.0,6364.29296875
1024,436.3857156538525,2.3465479351580143,0.8,0.76953125,758.16796875,117.2,20.34765625,341.921875,3.1,6690.6484375,435.08420192896546,2.353567413985729,0.8,0.76953125,758.3515625,0.0,0.0,0.0,3.3,6354.0,437.5638082618312,2.340230111964047,0.8,0.0,758.359375,0.0,0.0,0.6796875,3.2,6346.12890625,55.18035456442739,18.557329108938575,0.2,1.78125,760.125,102.2,20.1484375,342.1953125,3.3,6743.0390625,55.13788981911989,18.57162113673985,0.1,0.0,758.5,0.0,0.0,0.0,3.2,6342.8515625,55.13561078438418,18.572388796135783,0.1,0.0,758.51171875,0.0,0.0,0.6796875,3.1,6354.6796875
2048,427.62630238466284,4.789228325244039,0.6,1.30859375,759.8203125,120.4,31.77734375,353.359375,3.4,6694.0078125,427.29334593657643,4.792960198130459,0.6,2.31640625,760.92578125,0.0,0.0,0.0,3.6,6349.00390625,429.1014431524588,4.772764185909182,0.4,0.0,760.93359375,0.0,0.0,0.6796875,3.5,6355.15234375,54.124936439861315,37.83838161686435,0.1,3.65625,764.58984375,102.6,31.890625,353.9296875,3.2,6680.91796875,54.055033133482844,37.887313748244196,0.1,0.0,761.08984375,0.0,0.0,0.0,3.2,6335.21484375,53.97692017735209,37.94214255409315,0.0,0.0,761.09375,0.0,0.0,0.6796875,3.2,6368.81640625
4096,438.5827739097316,9.339172087144107,0.2,2.6484375,763.7421875,122.2,31.71484375,353.2890625,3.7,6775.125,439.23931238470396,9.325212667696178,0.3,4.7265625,766.01953125,0.0,0.0,0.0,3.7,6372.55078125,440.7080688050707,9.294134348630905,0.2,0.0,766.01953125,0.0,0.0,0.6796875,3.6,6380.83203125,55.29121049188942,74.0804906161502,0.0,7.46484375,773.484375,102.9,39.15234375,361.18359375,3.3,6781.97265625,55.25288084975503,74.13188121607527,0.0,0.62890625,766.89453125,0.0,0.0,0.0,3.2,6349.59765625,55.27500149165549,74.10221419204026,0.0,0.0,766.89453125,0.0,0.0,0.6796875,3.2,6406.57421875
32,381.1724996191574,0.08395149186253548,5.1,0.00390625,755.91015625,49.3,4.21875,325.796875,2.7,6720.51953125,377.21273421043645,0.08483276702463627,10.1,0.0,755.91015625,0.0,0.0,0.0,1.3,6429.6171875,383.3024502695308,0.08348498679697514,5.1,0.0,756.25,0.0,0.0,0.6796875,0.9,6427.33203125,50.288420658008825,0.6363293891772628,1.3,0.0,756.25,87.4,4.5546875,326.58984375,2.1,6735.4375,50.11330596535791,0.6385529628023505,1.3,0.0,756.25,0.0,0.0,0.0,2.2,6440.28515625,50.3423643358332,0.635647539049387,1.3,0.00390625,756.28515625,0.0,0.0,0.6796875,1.7,6432.44921875
64,382.57864936894725,0.16728586424142122,3.6,0.00390625,756.2890625,66.5,6.66796875,328.24609375,1.6,6686.03125,378.6993836328528,0.1689994828775525,3.5,0.0,756.2890625,0.0,0.0,0.0,1.6,6365.01171875,383.08151391432807,0.16706627095118165,3.6,0.0,756.3125,0.0,0.0,0.6796875,1.1,6363.6328125,50.34946300077275,1.2711158408783376,0.7,0.0,756.3125,93.5,7.3515625,329.390625,2.4,6681.6953125,50.244968357750786,1.2737593851052225,0.7,0.0,756.3125,0.0,0.0,0.0,2.5,6378.859375,50.44491512319644,1.2687106290832162,0.7,0.00390625,756.33203125,0.0,0.0,0.6796875,2.2,6378.31640625
128,419.392921109287,0.30520305316895247,2.4,0.23828125,756.5703125,87.3,9.45703125,331.0546875,1.9,6693.3671875,412.47941628532124,0.31031851517036557,2.4,0.0,756.5703125,0.0,0.0,0.0,1.9,6347.140625,419.0550466092143,0.30544913141056895,4.8,0.0,756.5703125,0.0,0.0,0.6796875,1.6,6347.38671875,54.254625375162746,2.3592458544299006,0.4,0.0390625,756.609375,98.1,10.68359375,332.71484375,2.7,6674.27734375,54.083648971746214,2.366704215295613,0.4,0.0,756.609375,0.0,0.0,0.0,2.8,6411.59765625,54.2543693652774,2.3592569869942963,0.4,0.0,756.6171875,0.0,0.0,0.6796875,2.6,6412.3359375
256,450.2499072171495,0.5685731321573257,1.5,0.43359375,757.05078125,100.5,12.453125,334.04296875,2.4,6752.54296875,444.26231951556343,0.576236130669713,1.5,0.35546875,756.76953125,0.0,0.0,0.0,2.2,6397.95703125,452.58619691470835,0.5656381077133119,2.9,0.0,756.76953125,0.0,0.0,0.6796875,2.1,6395.73828125,57.69617233262572,4.437036109156907,0.7,0.30859375,757.078125,100.5,14.828125,336.86328125,2.9,6684.234375,57.500694119963,4.452120168600231,0.2,0.1875,756.78125,0.0,0.0,0.0,3.0,6357.14453125,57.65457934394589,4.440237062051892,0.2,0.0,756.78125,0.0,0.0,0.6796875,2.9,6356.703125
512,442.37291127937914,1.1573945577256382,0.8,0.14453125,756.92578125,111.3,17.296875,338.87109375,2.7,6689.1875,437.4009159514322,1.1705508180893958,1.6,0.5625,757.1875,0.0,0.0,0.0,2.8,6349.88671875,443.91738856873377,1.153367750812322,2.4,0.0,757.19921875,0.0,0.0,0.6796875,2.5,6350.59765625,56.33296420273587,9.088816951960325,0.2,0.90625,758.10546875,101.7,15.34375,337.375,3.0,6688.74609375,56.261026293361596,9.100438327062875,0.1,0.0,757.32421875,0.0,0.0,0.0,3.1,6364.703125,56.305729095879386,9.093213216867298,0.1,0.0,757.34375,0.0,0.0,0.6796875,3.0,6356.24609375
1024,435.6719268125755,2.350392432883382,0.8,0.66796875,758.01171875,116.6,19.83203125,341.421875,3.1,6702.875,434.84512642682233,2.3548613926395774,0.8,0.93359375,758.359375,0.0,0.0,0.0,3.2,6366.9765625,437.51286788076914,2.340502589009702,0.8,0.0,758.3671875,0.0,0.0,0.6796875,3.0,6364.609375,55.21613712162844,18.5453031193465,0.1,1.765625,760.1328125,102.3,22.71484375,344.74609375,3.4,6734.78515625,55.158675754867915,18.564622627105564,0.1,0.0,758.5078125,0.0,0.0,0.0,3.2,6353.359375,55.13606094812902,18.57223716005683,0.1,0.0,758.515625,0.0,0.0,0.6796875,3.1,6352.94921875
2048,427.0551680002111,4.795633336063474,0.4,1.30859375,759.82421875,120.1,31.90625,353.49609375,3.4,6698.953125,427.225402021433,4.793722447939217,0.4,2.3046875,760.91796875,0.0,0.0,0.0,3.5,6371.046875,429.05574756914757,4.773272498045117,0.2,0.0,760.921875,0.0,0.0,0.6796875,3.5,6371.4296875,54.0955621808107,37.85892811603844,0.1,2.453125,763.375,102.6,31.84375,353.859375,3.2,6715.62109375,54.06189771533368,37.882502955850214,0.1,3.5078125,760.953125,0.0,0.0,0.0,3.2,6332.1640625,54.02191451952989,37.9105409020558,0.0,0.0,760.953125,0.0,0.0,0.6796875,3.2,6367.4296875
4096,438.87362580751443,9.332982797641307,0.3,2.77734375,763.73046875,122.2,31.73046875,353.3046875,3.7,6741.71484375,438.98741118409083,9.330563691910356,0.4,4.734375,766.015625,0.0,0.0,0.0,3.7,6366.5234375,440.45705469034476,9.299431025981903,0.1,0.0,766.015625,0.0,0.0,0.6796875,3.7,6385.0546875,55.272107051726564,74.10609471006319,0.0,7.4609375,773.4765625,102.9,40.26171875,362.29296875,3.2,6699.890625,55.264745638165785,74.11596584226936,0.1,0.16015625,766.421875,0.0,0.0,0.0,3.3,6351.42578125,55.210251049158764,74.18912108102813,0.0,0.0,766.421875,0.0,0.0,0.6796875,3.3,6408.91796875
32,381.24789720377726,0.0839348891749978,5.1,0.00390625,755.85546875,44.3,4.1875,325.77734375,2.7,6767.84765625,377.9541864778336,0.0846663461998105,5.1,0.0,755.85546875,0.0,0.0,0.0,1.2,6479.12109375,381.7008186761723,0.08383529307320714,5.1,0.0,756.19140625,0.0,0.0,0.6796875,0.8,6476.6484375,50.30583787508333,0.6361090750433505,1.3,0.0,756.1953125,86.2,4.53125,326.58203125,2.2,6792.73828125,50.08823489214046,0.6388725829310715,1.3,0.0,756.1953125,0.0,0.0,0.0,2.2,6473.6953125,50.28063126569381,0.636427968274802,2.7,0.00390625,756.23046875,0.0,0.0,0.6796875,1.8,6456.01953125
64,383.15919726265685,0.16703239921480417,3.6,0.07421875,756.3046875,70.1,6.8984375,328.48828125,1.5,6751.66015625,378.2134708836634,0.1692166063003242,3.5,0.01953125,756.32421875,0.0,0.0,0.0,1.7,6505.25,383.11372231786805,0.16705222567543387,3.6,0.0,756.34765625,0.0,0.0,0.6796875,1.0,6502.93359375,50.42852141124071,1.2691230718046427,0.7,0.0,756.34765625,94.4,7.43359375,329.46875,2.4,6746.1953125,50.09693852266772,1.2775231758132577,0.7,0.0,756.34765625,0.0,0.0,0.0,2.5,6362.890625,50.37312843884846,1.2705186670646071,1.4,0.00390625,756.3671875,0.0,0.0,0.6796875,2.2,6360.2734375
128,419.1862816853193,0.30535350413993,2.4,0.28125,756.6484375,87.2,9.20703125,330.796875,1.7,6700.7734375,413.3964220219106,0.3096301592886448,4.7,0.0,756.6484375,0.0,0.0,0.0,2.1,6395.88671875,421.3029455357328,0.3038193807005882,2.4,0.0,756.6484375,0.0,0.0,0.6796875,1.4,6395.88671875,54.27444676113623,2.3583842422813177,0.4,0.0390625,756.6875,98.5,10.6171875,332.6484375,2.7,6685.703125,54.053699936356615,2.36801551328972,0.8,0.0,756.6875,0.0,0.0,0.0,2.8,6363.67578125,54.25300911702688,2.3593161390163004,0.4,0.0,756.69140625,0.0,0.0,0.6796875,2.6,6358.71875
256,451.2217337908387,0.5673485579900444,2.9,0.421875,757.11328125,104.9,12.26171875,333.84375,2.4,6693.25390625,446.16459897336074,0.5737792747095227,1.5,0.375,756.85546875,0.0,0.0,0.0,2.7,6426.73828125,452.64431707904055,0.5655654789879918,1.5,0.0,756.85546875,0.0,0.0,0.6796875,2.1,6412.51953125,57.696493214433055,4.437011432368308,0.4,0.30859375,757.1640625,100.8,14.9375,336.96484375,2.9,6716.1796875,57.50683175746019,4.451644998975098,0.4,0.19140625,756.8671875,0.0,0.0,0.0,2.9,6365.375,57.655511292595044,4.4401652896776795,0.2,0.0,756.8671875,0.0,0.0,0.6796875,2.8,6362.65234375
512,443.64006802920727,1.1540887239389122,1.6,0.14453125,757.01171875,112.3,16.87109375,338.4609375,2.6,6695.96875,438.98740196057696,1.1663204859942198,0.8,0.58203125,757.29296875,0.0,0.0,0.0,3.0,6358.07421875,442.7764037448399,1.156339849345386,0.8,0.0,757.30859375,0.0,0.0,0.6796875,2.7,6359.27734375,56.360032648368076,9.084451799280941,0.2,0.90625,758.21484375,101.7,14.640625,336.671875,3.1,6782.71875,56.30532492929825,9.093278489075601,0.2,0.0,757.43359375,0.0,0.0,0.0,3.1,6377.890625,56.26691368901876,9.099486117716879,0.1,0.0,757.44921875,0.0,0.0,0.6796875,3.0,6366.2265625
1024,435.9456549415099,2.348916633054614,0.4,0.67578125,758.125,116.7,20.21484375,341.7890625,3.1,6699.953125,435.20775337382673,2.3528992580249906,0.4,0.890625,758.4296875,0.0,0.0,0.0,3.2,6386.23828125,437.06087402674626,2.342923059128225,1.2,0.0,758.44140625,0.0,0.0,0.6796875,3.1,6388.12890625,55.15392814568416,18.56622065603733,0.1,1.1796875,759.62109375,102.3,22.0625,344.10546875,3.1,6688.61328125,55.17192412481677,18.56016472587362,0.2,1.625,758.453125,0.0,0.0,0.0,3.2,6355.34765625,55.1392253780372,18.571171302814037,0.1,0.0,758.46484375,0.0,0.0,0.6796875,3.4,6408.8203125
2048,427.6073049229137,4.789441097993404,0.2,1.3125,759.77734375,120.6,31.62109375,353.1953125,3.4,6770.87109375,427.1623742839013,4.794429760891944,0.4,2.4296875,760.99609375,0.0,0.0,0.0,3.5,6420.05078125,428.6724879360327,4.7775400979444385,0.4,0.0,761.00390625,0.0,0.0,0.6796875,3.4,6408.2734375,54.08517935269413,37.866195961833,0.1,3.64453125,764.6484375,102.6,30.578125,352.609375,3.2,6742.58984375,54.06120726118097,37.88298678025603,0.1,0.0,761.1484375,0.0,0.0,0.0,3.2,6364.10546875,54.03703980992342,37.899929515086114,0.0,0.0,761.1484375,0.0,0.0,0.6796875,3.2,6386.73046875
4096,438.68459434389115,9.337004428263754,0.3,2.65625,763.8046875,122.4,31.7578125,353.34765625,3.7,6754.7109375,439.2879438939213,9.324180317111313,0.4,4.7265625,766.08203125,0.0,0.0,0.0,3.7,6373.8671875,440.28547360151316,9.303055053111166,0.2,0.00390625,766.08984375,0.0,0.0,0.6796875,3.6,6396.6796875,55.26550607018604,74.11494603520259,0.0,5.02734375,771.1171875,102.9,39.43359375,361.46484375,3.2,6718.5859375,55.2712324439466,74.10726735927165,0.1,7.234375,766.22265625,0.0,0.0,0.0,3.3,6404.8046875,55.24179714967126,74.14675501780584,0.0,0.0,766.2265625,0.0,0.0,0.6796875,3.2,6420.66796875
32,381.55389805498476,0.08386757457628846,10.2,0.00390625,755.671875,44.4,4.1640625,325.74609375,2.7,6780.2734375,377.4175743755681,0.08478672476485372,5.1,0.0,755.671875,0.0,0.0,0.0,1.4,6505.9296875,384.33192285090865,0.0832613636739552,5.1,0.0,756.015625,0.0,0.0,0.6796875,0.8,6505.04296875,50.278302978314514,0.6364574399776757,1.3,0.0,756.015625,87.4,4.62109375,326.65625,2.2,6766.1328125,50.136168584243926,0.6382617759518325,2.7,0.00390625,756.0234375,0.0,0.0,0.0,2.1,6502.9296875,50.318182063344366,0.6359530230984092,1.3,0.00390625,756.1015625,0.0,0.0,0.6796875,1.8,6502.12890625
64,382.53390196198774,0.16730543272569776,7.1,0.06640625,756.16796875,73.4,6.4921875,328.08203125,1.6,6758.59375,378.2226217525681,0.1692125122062862,7.1,0.01953125,756.1875,0.0,0.0,0.0,1.4,6475.0625,382.3270444654857,0.1673959530889988,3.6,0.0,756.2109375,0.0,0.0,0.6796875,1.0,6464.66015625,50.39144343900585,1.2700568912550807,0.7,0.04296875,756.25390625,94.3,7.203125,329.2421875,2.4,6732.328125,50.20135442912193,1.2748660016804934,0.7,0.0,756.25390625,0.0,0.0,0.0,2.5,6408.0859375,50.384905047601855,1.270221705082804,0.7,0.00390625,756.26171875,0.0,0.0,0.6796875,2.2,6408.2265625
128,418.5466576619777,0.3058201461099088,2.4,0.2734375,756.53515625,91.8,9.1875,330.76171875,1.7,6688.203125,413.7693252225619,0.3093511098995805,2.4,0.0,756.53515625,0.0,0.0,0.0,1.7,6373.51171875,420.37818873365364,0.30448772897943854,2.4,0.0,756.5390625,0.0,0.0,0.6796875,1.6,6368.6796875,54.27583697761127,2.358323834836483,0.4,0.04296875,756.58203125,98.1,10.83984375,332.87109375,2.6,6693.22265625,54.07537431344496,2.3670663703233004,0.4,0.0,756.58203125,0.0,0.0,0.0,2.8,6360.9140625,54.25692056614152,2.3591460529714823,0.4,0.0,756.5859375,0.0,0.0,0.6796875,2.6,6358.5078125
256,449.996492060079,0.5688933236524463,2.9,0.42578125,757.01171875,101.7,12.7265625,334.3046875,2.2,6669.03515625,443.56693654150166,0.5771395000629127,2.9,0.375,756.74609375,0.0,0.0,0.0,2.4,6367.96484375,453.1617432163416,0.5649197087623179,1.5,0.0,756.74609375,0.0,0.0,0.6796875,2.1,6366.6875,57.674962873962045,4.438667790032923,0.2,0.3046875,757.05078125,100.3,15.01171875,337.04296875,2.9,6680.90625,57.54313978854678,4.44883614173159,0.2,0.15625,756.72265625,0.0,0.0,0.0,3.0,6344.26953125,57.62984024332103,4.442143148742616,0.2,0.0,756.72265625,0.0,0.0,0.6796875,2.9,6342.703125
512,442.750518605171,1.1564074540510774,1.6,0.140625,756.86328125,112.1,16.984375,338.578125,2.6,6662.546875,441.2304213855285,1.160391430836171,1.6,0.625,757.1875,0.0,0.0,0.0,2.7,6356.125,443.58193976107356,1.1542399590834975,0.8,0.0,757.19921875,0.0,0.0,0.6796875,2.5,6356.125,56.35010877934181,9.08605167036876,0.1,0.60546875,757.8046875,101.9,15.0859375,337.10546875,3.1,6675.73828125,56.2612769538913,9.10039778193459,0.1,0.77734375,757.19921875,0.0,0.0,0.0,3.1,6353.53125,56.292531613470146,9.095345071982592,0.2,0.0,757.21875,0.0,0.0,0.6796875,3.0,6340.91796875
1024,435.62605593321877,2.3506399262696505,0.8,0.765625,757.984375,117.0,20.16015625,341.734375,3.0,6671.16796875,434.6183228482788,2.3560902662575245,1.2,0.93359375,758.33203125,0.0,0.0,0.0,3.2,6339.71484375,437.0876830394016,2.342779354657978,0.8,0.0,758.34375,0.0,0.0,0.6796875,3.1,6341.1640625,55.1923451075146,18.55329752713442,0.1,1.1796875,759.5234375,102.3,21.22265625,343.25390625,3.1,6689.63671875,55.158569961193834,18.564658233895898,0.1,1.62890625,758.35546875,0.0,0.0,0.0,3.2,6338.26171875,55.118318857403494,18.578215396031737,0.1,0.0,758.3671875,0.0,0.0,0.6796875,3.1,6348.19140625
2048,428.026192988502,4.784753908868879,0.4,1.31640625,759.68359375,119.7,31.9375,353.52734375,3.5,6714.859375,427.7291872292426,4.78807633696124,0.6,2.44140625,760.9140625,0.0,0.0,0.0,3.5,6359.75390625,428.85246918423826,4.775535054970533,0.2,0.0,760.91796875,0.0,0.0,0.6796875,3.4,6364.56640625,54.090700364584876,37.8623309773393,0.0,2.44921875,763.3671875,102.6,31.25,353.28515625,3.3,6749.63671875,54.05517100334416,37.88721711514518,0.1,3.5078125,760.9453125,0.0,0.0,0.0,3.2,6338.296875,54.0250167910421,37.90836396999657,0.1,0.0,760.9453125,0.0,0.0,0.6796875,3.2,6373.84375
4096,438.64193910622623,9.337912394665182,0.2,2.7734375,763.71875,121.8,31.42578125,353.0,4.0,6801.74609375,439.11822144077604,9.327784182038158,0.4,4.734375,766.00390625,0.0,0.0,0.0,3.7,6340.16015625,440.06149584084415,9.307790021877736,0.2,0.0,766.00390625,0.0,0.0,0.6796875,3.6,6368.05078125,55.31765926308752,74.04507086100057,0.0,4.9921875,770.99609375,102.9,40.9140625,362.94921875,3.2,6700.93359375,55.20783110913583,74.1923730331473,0.0,7.23828125,766.08203125,0.0,0.0,0.0,3.2,6346.98046875,55.248889627099544,74.13723656069487,0.0,0.0,766.0859375,0.0,0.0,0.6796875,3.3,6417.4921875
32,381.11602912407494,0.08396393107250333,10.1,0.00390625,755.765625,49.2,4.29296875,325.88671875,2.7,6678.09375,377.1228156941382,0.08485299395397305,10.1,0.0,755.765625,0.0,0.0,0.0,1.2,6444.6484375,382.9378274082058,0.08356447890400887,10.2,0.0,756.10546875,0.0,0.0,0.6796875,0.7,6445.140625,50.3326403370045,0.6357703427784145,1.3,0.0,756.10546875,86.2,4.4921875,326.52734375,2.2,6707.81640625,50.002917964616515,0.6399626522324979,1.3,0.0,756.10546875,0.0,0.0,0.0,2.2,6388.0,50.25269747886791,0.6367817372083664,2.7,0.00390625,756.15234375,0.0,0.0,0.6796875,1.7,6388.05859375
64,381.92411609112077,0.16757255513221025,7.1,0.05859375,756.2109375,69.9,6.99609375,328.5703125,1.5,6703.671875,378.1784046324566,0.16923229675740004,3.5,0.01171875,756.22265625,0.0,0.0,0.0,1.5,6411.4609375,384.0607834693973,0.1666402891278267,7.2,0.0,756.25,0.0,0.0,0.6796875,1.2,6411.4609375,50.49585697021315,1.2674307129345834,2.2,0.01171875,756.26171875,94.5,7.1796875,329.21875,2.4,6675.4140625,50.15597738107161,1.276019396726042,1.4,0.0,756.26171875,0.0,0.0,0.0,2.5,6362.5,50.421701787201215,1.2692947229370475,1.4,0.00390625,756.2734375,0.0,0.0,0.6796875,2.3,6362.05078125
128,419.57189219540163,0.305072866845876,2.4,0.2734375,756.546875,87.3,9.0625,330.65234375,1.8,6682.36328125,414.09872349631615,0.3091050339862704,2.4,0.0,756.546875,0.0,0.0,0.0,1.8,6362.203125,418.97364610092365,0.30550847575068474,4.8,0.0,756.55078125,0.0,0.0,0.6796875,1.7,6361.6796875,54.34349228596032,2.35538782319054,0.4,0.0625,756.61328125,97.8,10.55078125,332.5859375,2.7,6678.109375,54.11673420544141,2.3652572883293033,0.8,0.0,756.61328125,0.0,0.0,0.0,2.8,6351.765625,54.25282318418136,2.3593242247588933,0.4,0.0,756.62109375,0.0,0.0,0.6796875,2.6,6350.59375
256,451.24093271551084,0.5673244190402329,1.5,0.4375,757.05859375,103.5,12.2109375,333.78515625,2.2,6665.91015625,444.5448531507922,0.5758698997087777,1.5,0.36328125,756.78515625,0.0,0.0,0.0,2.5,6343.52734375,453.1470482715684,0.5649380283430219,1.5,0.0,756.7890625,0.0,0.0,0.6796875,2.1,6347.7109375,57.73495193488378,4.434055826161057,0.4,0.45703125,757.24609375,100.6,15.19921875,337.23046875,2.9,6675.73046875,57.52388963039796,4.4503249283879995,0.2,0.1796875,756.7890625,0.0,0.0,0.0,2.9,6371.6875,57.65394907882539,4.44028560211882,0.2,0.0,756.7890625,0.0,0.0,0.6796875,2.8,6371.68359375
512,441.85175719436893,1.158759678248316,0.8,0.140625,756.9296875,112.7,17.109375,338.69140625,2.7,6691.24609375,439.8982929638605,1.16390540311113,0.8,0.578125,757.20703125,0.0,0.0,0.0,2.8,6384.00390625,444.70316048366715,1.1513297981582582,1.6,0.0,757.21875,0.0,0.0,0.6796875,2.8,6384.9609375,56.404788735886456,9.077243465930223,0.1,0.90625,758.125,101.7,16.43359375,338.46484375,3.1,6742.5703125,56.26548238434945,9.099717594217509,0.1,0.77734375,757.234375,0.0,0.0,0.0,3.1,6373.25390625,56.28966966858781,9.095807508099824,0.1,0.0,757.24609375,0.0,0.0,0.6796875,3.1,6360.9140625
1024,435.7472938911881,2.3499859077855945,0.8,0.7734375,758.01953125,117.1,20.328125,341.91015625,3.1,6702.57421875,435.10863706686985,2.35343524068594,0.8,0.92578125,758.359375,0.0,0.0,0.0,3.2,6372.68359375,438.0164859503059,2.3378115501254797,1.2,0.0,758.37109375,0.0,0.0,0.6796875,3.1,6362.90625,55.23172999863343,18.54006745805964,0.1,1.18359375,759.5546875,102.4,21.21875,343.25,3.1,6727.21484375,55.132166978305186,18.57354891207069,0.1,1.625,758.3828125,0.0,0.0,0.0,3.2,6342.39453125,55.123102633975954,18.576603113207966,0.1,0.00390625,758.3984375,0.0,0.0,0.6796875,3.1,6361.59375
2048,426.9527207228091,4.796784047968686,0.4,1.30859375,759.70703125,119.4,32.39453125,353.9921875,3.4,6723.08984375,427.11413181020697,4.794971290975809,0.8,2.44140625,760.9375,0.0,0.0,0.0,3.5,6360.08203125,428.75564995339687,4.776613439898938,0.2,0.0,760.9453125,0.0,0.0,0.6796875,3.5,6357.6796875,54.1104186858761,37.84853360475972,0.0,2.44921875,763.39453125,102.6,31.67578125,353.72265625,3.2,6714.09375,54.047624247269944,37.892507367767394,0.1,3.5078125,760.9765625,0.0,0.0,0.0,3.2,6340.8046875,54.015250486461866,37.915218045935035,0.1,0.0,760.9765625,0.0,0.0,0.6796875,3.3,6404.1640625
4096,438.094242364601,9.349586467724293,0.2,2.76171875,763.73828125,122.0,31.4765625,353.05859375,3.6,6742.046875,438.9651862913686,9.331036100164056,0.5,4.72265625,766.01171875,0.0,0.0,0.0,3.7,6351.04296875,440.4651377461252,9.29926037043333,0.2,0.0,766.01171875,0.0,0.0,0.6796875,3.6,6377.61328125,55.32978164006675,74.02884809207171,0.0,4.9921875,771.00390625,102.9,39.52734375,361.56640625,3.2,6758.4375,55.26308574626247,74.1181920026429,0.1,7.234375,766.08984375,0.0,0.0,0.0,3.2,6344.30859375,55.20499923694428,74.19617890799418,0.0,0.0,766.08984375,0.0,0.0,0.6796875,3.2,6406.99609375
