size,mono_pg_unified_deferred_throughput,mono_pg_unified_deferred_time_s,mono_pg_unified_deferred_py_cpu,mono_pg_unified_deferred_py_mem_delta,mono_pg_unified_deferred_py_mem_peak,mono_pg_unified_deferred_pg_cpu,mono_pg_unified_deferred_pg_mem_delta,mono_pg_unified_deferred_pg_mem_peak,mono_pg_unified_deferred_qd_cpu,mono_pg_unified_deferred_qd_mem_delta,mono_pg_unified_deferred_qd_mem_peak,mono_pg_unified_deferred_sys_cpu,mono_pg_unified_deferred_sys_mem,mono_pg_direct_deferred_throughput,mono_pg_direct_deferred_time_s,mono_pg_direct_deferred_py_cpu,mono_pg_direct_deferred_py_mem_delta,mono_pg_direct_deferred_py_mem_peak,mono_pg_direct_deferred_pg_cpu,mono_pg_direct_deferred_pg_mem_delta,mono_pg_direct_deferred_pg_mem_peak,mono_pg_direct_deferred_qd_cpu,mono_pg_direct_deferred_qd_mem_delta,mono_pg_direct_deferred_qd_mem_peak,mono_pg_direct_deferred_sys_cpu,mono_pg_direct_deferred_sys_mem,poly_chroma_throughput,poly_chroma_time_s,poly_chroma_py_cpu,poly_chroma_py_mem_delta,poly_chroma_py_mem_peak,poly_chroma_pg_cpu,poly_chroma_pg_mem_delta,poly_chroma_pg_mem_peak,poly_chroma_qd_cpu,poly_chroma_qd_mem_delta,poly_chroma_qd_mem_peak,poly_chroma_sys_cpu,poly_chroma_sys_mem,poly_qdrant_deferred_throughput,poly_qdrant_deferred_time_s,poly_qdrant_deferred_py_cpu,poly_qdrant_deferred_py_mem_delta,poly_qdrant_deferred_py_mem_peak,poly_qdrant_deferred_pg_cpu,poly_qdrant_deferred_pg_mem_delta,poly_qdrant_deferred_pg_mem_peak,poly_qdrant_deferred_qd_cpu,poly_qdrant_deferred_qd_mem_delta,poly_qdrant_deferred_qd_mem_peak,poly_qdrant_deferred_sys_cpu,poly_qdrant_deferred_sys_mem
32,357.09644156558363,0.08961164625361562,9.7,0.0078125,1045.41796875,56.2,13.77734375,344.48828125,0.0,0.0,0.0,2.4,6876.76953125,331.506988970198,0.09652888495475054,69.9,9.55859375,1075.48046875,0.0,2.703125,333.55078125,0.0,0.0,0.0,2.0,6870.1640625,293.6646858693182,0.10896781785413623,70.5,6.6328125,1085.26171875,0.0,2.140625,333.06640625,0.0,0.0,0.0,2.0,6925.12109375,319.7647939677904,0.10007355595007539,68.8,2.0546875,1089.5,0.0,2.14453125,332.8828125,0.0,0.0,0.0,1.7,6864.64453125
64,358.0188800234952,0.17876152228564024,6.7,0.0078125,1089.51171875,79.2,20.5390625,351.328125,0.0,0.0,0.0,1.9,6881.640625,339.5655697151792,0.18847611686214805,91.5,3.1796875,1094.30078125,3.2,5.55078125,336.43359375,0.0,0.0,0.0,2.2,6884.828125,302.83434408223496,0.21133666392415762,97.2,7.5234375,1102.359375,0.0,3.203125,333.9375,0.0,0.0,0.0,2.0,6912.91796875,332.9092224024528,0.1922445991076529,93.5,2.71484375,1105.96484375,0.0,3.203125,333.9375,0.0,0.0,0.0,1.9,6978.375
128,360.96311994860355,0.3546068640425801,6.3,0.01953125,1100.41015625,104.5,27.62890625,358.35546875,0.0,0.0,0.0,2.2,6968.0078125,339.6959984914259,0.3768075001426041,111.2,5.72265625,1110.796875,4.0,8.6640625,339.5,0.0,0.0,0.0,2.6,7007.984375,309.3947988420316,0.4137108977884054,114.6,8.89453125,1117.9375,1.9,5.3125,336.04296875,0.0,0.0,0.0,2.4,7004.9609375,339.92708934314413,0.3765513370744884,111.1,2.30859375,1122.04296875,2.0,5.33203125,336.0546875,0.0,0.0,0.0,2.2,6955.046875
256,360.87794277210514,0.7093811221420765,2.4,0.015625,1120.78515625,117.5,36.53125,367.27734375,0.0,0.0,0.0,2.7,6981.5703125,338.8254724559542,0.7555512227118015,117.8,5.14453125,1125.93359375,5.7,9.5,340.3984375,0.0,0.0,0.0,2.9,6995.3125,314.7132822687223,0.8134388169273734,122.3,13.890625,1139.9375,1.1,7.87109375,338.69921875,0.0,0.0,0.0,2.9,6975.98828125,337.7390486871047,0.7579816458746791,119.8,7.1015625,1147.0703125,1.1,7.87890625,338.66796875,0.0,0.0,0.0,2.5,7019.91015625
512,360.7639610062702,1.4192104958929121,2.0,0.140625,1147.2109375,126.9,48.0390625,378.82421875,0.0,0.0,0.0,3.0,7080.1875,338.3969449028229,1.5130160236731172,125.0,1.6171875,1148.828125,6.1,14.67578125,345.5859375,0.0,0.0,0.0,3.3,7032.79296875,316.01595757192723,1.6201713480986655,133.3,21.58984375,1169.31640625,1.1,12.2734375,343.0625,0.0,0.0,0.0,3.2,7064.375,346.2466775820772,1.4787145499140024,130.2,8.2578125,1177.59765625,1.9,12.28125,343.078125,0.0,0.0,0.0,3.3,7302.50390625
1024,359.78405446100084,2.8461517048999667,1.3,7.7109375,1185.30859375,130.2,73.64453125,404.484375,0.0,0.0,0.0,3.6,7144.68359375,337.0222302585073,3.038375240750611,128.6,-0.83984375,1184.52734375,6.3,46.6953125,377.65234375,0.0,0.0,0.0,3.7,7157.33984375,312.610264666508,3.2756441989913583,136.1,36.09375,1211.578125,1.5,17.484375,348.29296875,0.0,0.0,0.0,3.8,7106.4140625,345.44252775294524,2.9643136491067708,132.3,17.76953125,1229.390625,1.6,17.484375,348.28125,0.0,0.0,0.0,3.4,7139.5
2048,357.56056761141133,5.727700942195952,1.0,17.58984375,1246.94140625,132.5,115.6640625,446.44921875,0.0,0.0,0.0,3.8,7224.07421875,333.6165652722965,6.138783900998533,131.2,25.27734375,1235.87109375,7.2,86.16015625,417.0703125,0.0,0.0,0.0,4.0,7157.20703125,313.5769223246102,6.531092864926904,138.6,69.3046875,1285.2109375,1.5,28.0234375,359.0078125,0.0,0.0,0.0,4.0,7144.7265625,344.89912377861293,5.937968115322292,135.2,35.38671875,1319.6484375,1.6,28.01171875,358.80078125,0.0,0.0,0.0,3.9,7360.4140625
4096,361.9573145779992,11.316251488868147,1.0,-9.52734375,1289.65625,135.6,238.91015625,569.71484375,0.0,0.0,0.0,4.3,7539.25,338.30911158170795,12.107270717155188,134.6,67.9609375,1339.03515625,5.7,52.640625,383.5859375,0.0,0.0,0.0,4.3,7443.9921875,310.54479422520836,13.18972359597683,139.7,117.56640625,1414.9765625,1.7,98.6640625,429.5234375,0.0,0.0,0.0,4.2,7418.1171875,343.1959220054883,11.93487374810502,136.9,26.5703125,1441.58984375,1.7,98.6484375,429.51171875,0.0,0.0,0.0,4.2,6973.57421875
32,354.88913986549846,0.09016900323331356,9.6,0.00390625,1045.78125,60.6,15.9296875,346.78125,0.0,0.0,0.0,2.3,6320.640625,327.6104147800638,0.09767699241638184,78.5,10.74609375,1077.1796875,4.5,3.6640625,334.6015625,0.0,0.0,0.0,1.9,6368.8125,281.19815031424093,0.11379875708371401,77.4,8.80078125,1088.88671875,4.2,2.41015625,333.28125,0.0,0.0,0.0,2.0,6362.375,317.8966653662657,0.1006616409868002,72.8,2.20703125,1093.015625,0.0,2.4375,333.30859375,0.0,0.0,0.0,1.8,6409.93359375
64,360.18650903453,0.1776857222430408,6.8,0.01171875,1093.03125,79.4,20.265625,351.11328125,0.0,0.0,0.0,2.4,6467.9921875,336.56679200112075,0.19015542091801763,90.2,3.15625,1097.78515625,3.2,5.65625,336.63671875,0.0,0.0,0.0,2.4,6460.03515625,303.651886196195,0.2107676682062447,94.0,7.22265625,1103.984375,0.0,3.3046875,334.2265625,0.0,0.0,0.0,2.1,6450.69140625,333.5064506544985,0.19190033618360758,90.1,1.77734375,1106.234375,0.0,3.3046875,334.21875,0.0,0.0,0.0,1.9,6384.20703125
128,360.8229343554725,0.354744634591043,4.2,0.01171875,1106.24609375,100.0,28.16796875,359.05859375,0.0,0.0,0.0,2.1,6461.171875,338.9077949382677,0.3776838476769626,104.7,6.84765625,1113.10546875,4.0,8.69921875,339.64453125,0.0,0.0,0.0,2.4,6437.31640625,308.43933952903757,0.41499245911836624,108.5,10.421875,1120.37890625,0.0,5.37890625,336.203125,0.0,0.0,0.0,2.4,6460.453125,341.6593088653116,0.37464221427217126,105.2,3.08984375,1126.2265625,0.0,5.3671875,336.21484375,0.0,0.0,0.0,2.1,6459.96484375
256,362.61728583696697,0.7059784792363644,2.4,0.02734375,1121.0,113.0,36.58984375,367.41796875,0.0,0.0,0.0,2.6,6445.78515625,337.97764850034287,0.75744653865695,118.6,6.56640625,1130.63671875,5.7,9.50390625,340.4609375,0.0,0.0,0.0,2.9,6436.55859375,312.19391095689616,0.8200031807646155,123.4,13.73046875,1140.67578125,1.1,7.953125,338.8359375,0.0,0.0,0.0,2.7,6500.79296875,342.6151883767037,0.7471939618699253,119.9,5.5625,1147.59375,1.1,7.953125,338.83984375,0.0,0.0,0.0,2.5,6458.6953125
512,359.83715614110645,1.4228658471256495,1.9,0.0390625,1147.6328125,127.2,48.6328125,379.48046875,0.0,0.0,0.0,3.2,6497.23046875,337.54561805984287,1.5168320150114596,125.8,11.796875,1159.4296875,6.1,14.953125,345.92578125,0.0,0.0,0.0,3.3,6512.703125,313.75160310742064,1.6318641719408333,131.8,23.046875,1170.828125,1.7,12.59765625,343.5390625,0.0,0.0,0.0,3.2,6523.97265625,346.4214899355601,1.4779683561064303,128.9,6.41796875,1178.0,1.2,12.59375,343.5234375,0.0,0.0,0.0,3.0,6501.35546875
1024,360.15965867560715,2.843183503020555,1.7,8.30078125,1186.30078125,129.9,73.71875,404.78125,0.0,0.0,0.0,3.5,6545.1640625,336.8750980513319,3.0397022692486644,128.5,-2.44921875,1183.8671875,6.3,47.06640625,378.30078125,0.0,0.0,0.0,3.8,6566.23828125,313.09005210339427,3.2706245156005025,135.9,39.0234375,1213.8203125,1.5,17.73828125,349.02734375,0.0,0.0,0.0,3.8,6511.703125,346.2298737660915,2.9575726347975433,134.2,25.54296875,1239.390625,1.6,17.73046875,348.71484375,0.0,0.0,0.0,3.6,6643.9609375
2048,356.6398074843193,5.7424885192885995,1.0,9.1015625,1248.21875,133.7,116.3671875,447.35546875,0.0,0.0,0.0,3.9,6853.81640625,333.73862854051964,6.136538670863956,130.6,23.06640625,1231.88671875,7.3,86.0390625,417.1328125,0.0,0.0,0.0,3.9,6638.41015625,313.3487361515546,6.535848923958838,139.2,72.47265625,1285.15234375,1.7,27.984375,358.96875,0.0,0.0,0.0,4.1,6626.17578125,344.8080995511847,5.9395356508903205,135.6,32.91796875,1317.09375,1.6,27.98046875,358.9453125,0.0,0.0,0.0,3.9,6789.02734375
4096,363.0390533905362,11.282532724086195,1.0,-7.10546875,1289.30859375,134.9,236.1953125,567.12890625,0.0,0.0,0.0,4.5,6874.1953125,338.6417011184302,12.09537982614711,133.8,62.91015625,1333.9375,5.6,52.51171875,383.55078125,0.0,0.0,0.0,4.3,7005.94921875,310.4556381545007,13.193511396180838,139.4,120.390625,1412.8515625,1.7,97.046875,427.91015625,0.0,0.0,0.0,4.2,6787.7734375,343.4591064131886,11.92572834296152,136.8,17.4296875,1430.328125,1.7,97.203125,427.87890625,0.0,0.0,0.0,4.1,7730.6875
32,356.38527680515716,0.08979046577587724,9.6,0.015625,1047.9296875,56.0,14.37109375,345.046875,0.0,0.0,0.0,2.2,6934.8125,330.783245941695,0.09674008702859282,69.5,9.30078125,1077.3046875,0.0,3.484375,334.26171875,0.0,0.0,0.0,2.0,6895.9921875,286.9243380521195,0.11152765993028879,78.2,7.42578125,1087.6328125,0.0,2.24609375,332.91015625,0.0,0.0,0.0,1.9,6911.671875,320.6534269295711,0.09979622019454837,68.5,2.6015625,1090.66796875,4.4,2.28125,333.015625,0.0,0.0,0.0,1.7,6908.05859375
64,359.0340940473146,0.17825605161488056,6.7,0.00390625,1090.67578125,85.7,20.75,351.46484375,0.0,0.0,0.0,1.8,6990.0,338.9486838389709,0.18881914298981428,94.2,4.48046875,1096.55859375,3.2,5.69140625,336.46484375,0.0,0.0,0.0,2.1,6973.21875,301.9154545628466,0.21197987394407392,99.6,7.20703125,1103.25390625,3.0,3.375,334.05078125,0.0,0.0,0.0,2.1,7044.9453125,334.833841989133,0.19113958021625876,93.4,1.828125,1105.71875,3.2,3.37109375,334.046875,0.0,0.0,0.0,1.9,7113.25
128,361.7688755739872,0.35381706012412906,2.1,0.01171875,1105.73046875,102.3,27.3046875,357.9765625,0.0,0.0,0.0,2.1,7013.8125,340.12661520508163,0.37633044365793467,107.0,6.16015625,1111.90625,4.0,8.625,339.45703125,0.0,0.0,0.0,2.4,7043.21484375,310.67398465593374,0.412007462233305,107.2,8.5546875,1119.015625,1.9,5.22265625,335.93359375,0.0,0.0,0.0,2.4,6980.46484375,343.71419108105425,0.37240243004634976,107.7,1.03125,1122.81640625,2.0,5.2109375,335.890625,0.0,0.0,0.0,2.1,7021.328125
256,362.6469685099747,0.7059206948615611,2.4,0.01953125,1122.8359375,117.8,36.3515625,367.03125,0.0,0.0,0.0,2.7,7091.6953125,337.60461687654583,0.7582834688946605,120.7,3.83203125,1126.671875,5.7,9.421875,340.4140625,0.0,0.0,0.0,2.9,7167.3984375,312.8523007299865,0.818277504760772,125.7,12.52734375,1139.29296875,2.1,8.125,338.7734375,0.0,0.0,0.0,2.9,7101.85546875,344.6346549407978,0.7428156058304012,121.6,5.4140625,1147.5625,2.3,8.12890625,338.7890625,0.0,0.0,0.0,2.5,7084.7734375
512,360.46895419854434,1.420371973887086,1.3,4.62890625,1142.984375,124.8,48.01171875,378.671875,0.0,0.0,0.0,3.2,7092.0078125,338.5984744159458,1.5121154957450926,125.6,6.4296875,1151.109375,6.1,14.765625,345.54296875,0.0,0.0,0.0,3.3,7077.1953125,313.4383986537878,1.6334948181174695,131.1,20.25,1168.8828125,1.7,12.5,343.1640625,0.0,0.0,0.0,3.3,7057.9453125,346.13095486081926,1.4792089317925274,130.0,17.15234375,1186.06640625,1.9,12.515625,343.19140625,0.0,0.0,0.0,3.1,7067.90234375
1024,359.5670875956098,2.8478691051714122,1.0,13.36328125,1182.63671875,129.8,73.16015625,403.80859375,0.0,0.0,0.0,3.5,7117.32421875,336.2676745814016,3.0451930928975344,129.8,32.46875,1201.77734375,6.3,46.37109375,377.22265625,0.0,0.0,0.0,3.7,7098.22265625,313.18737126045136,3.2696082089096308,136.3,20.48828125,1213.24609375,1.5,17.48046875,348.1796875,0.0,0.0,0.0,3.8,7106.0546875,346.57341714012364,2.9546409198082983,133.6,28.74609375,1242.015625,1.9,17.46875,348.1484375,0.0,0.0,0.0,3.5,7153.51171875
2048,355.58309354744387,5.759553919080645,1.2,40.51953125,1247.51171875,133.7,116.0546875,446.7265625,0.0,0.0,0.0,3.9,7360.89453125,332.9130848998375,6.151755797211081,131.8,23.703125,1230.6953125,7.2,85.65625,416.42578125,0.0,0.0,0.0,4.0,7202.546875,311.35631044246605,6.577673010993749,137.9,73.16015625,1284.65625,1.5,27.80859375,358.45703125,0.0,0.0,0.0,4.0,7182.34375,344.17294536028606,5.950496770907193,135.7,44.3359375,1328.0390625,1.8,27.8046875,358.48046875,0.0,0.0,0.0,3.9,7343.68359375
4096,362.6409016523655,11.294920074753463,1.0,-15.59375,1291.94140625,135.0,239.921875,570.796875,0.0,0.0,0.0,4.2,7520.27734375,338.2552684646172,12.109197939746082,134.5,65.28125,1338.8359375,5.8,52.46484375,383.23828125,0.0,0.0,0.0,4.4,7499.61328125,309.52593811777047,13.233139764983207,139.2,113.78515625,1412.078125,1.6,97.57421875,428.21875,0.0,0.0,0.0,4.2,7395.3828125,342.61548925668524,11.95509289111942,136.9,40.47265625,1452.5859375,1.8,97.57421875,428.23828125,0.0,0.0,0.0,4.1,7745.03515625
32,357.92474432236116,0.08940426865592599,14.4,0.0078125,1048.37109375,55.9,13.5625,344.21484375,0.0,0.0,0.0,2.3,6925.8515625,334.1166971058598,0.09577492019161582,69.8,7.9765625,1077.23828125,0.0,3.33203125,334.11328125,0.0,0.0,0.0,1.9,7007.66015625,297.4977213609324,0.1075638490729034,79.4,6.69140625,1088.6328125,4.3,2.078125,332.75390625,0.0,0.0,0.0,2.0,7053.671875,318.80627008191505,0.10037443740293384,68.1,2.0546875,1092.8984375,0.0,2.08203125,332.74609375,0.0,0.0,0.0,1.7,6970.57421875
64,361.41491870926643,0.1770817879587412,6.7,0.015625,1088.58984375,75.9,18.55078125,349.21875,0.0,0.0,0.0,1.9,6996.3203125,341.6119631332565,0.18734706891700625,88.1,2.5859375,1095.625,3.2,5.48046875,336.265625,0.0,0.0,0.0,2.1,6966.0625,304.8165636967375,0.20996234333142638,97.3,7.06640625,1103.20703125,3.0,3.1484375,333.8046875,0.0,0.0,0.0,2.2,6959.23046875,335.9531411806552,0.19050275813788176,90.5,0.88671875,1104.63671875,0.0,3.1484375,333.80859375,0.0,0.0,0.0,1.8,6978.55078125
128,361.5821874460621,0.3539997390471399,6.3,0.0,1099.9921875,100.2,28.0703125,358.73046875,0.0,0.0,0.0,2.5,7051.421875,339.9190154883038,0.3765602810308337,106.9,5.81640625,1110.4609375,6.0,8.63671875,339.41015625,0.0,0.0,0.0,2.5,6983.1875,310.2374351623597,0.41258721705526114,112.8,9.28515625,1118.01953125,0.0,5.2265625,335.88671875,0.0,0.0,0.0,2.4,7012.22265625,340.472402843098,0.3759482381865382,109.0,3.6015625,1123.48828125,2.0,5.20703125,335.8828125,0.0,0.0,0.0,2.2,7014.9140625
256,361.6402675821554,0.7078857719898224,2.4,0.0390625,1122.265625,115.1,35.94140625,366.61328125,0.0,0.0,0.0,2.7,7032.76953125,338.30749623877887,0.7567080329172313,119.8,7.30859375,1129.58984375,5.7,9.41015625,340.203125,0.0,0.0,0.0,2.8,6992.19140625,311.6906269943223,0.8213272322900593,124.3,15.671875,1141.1328125,2.1,8.0,338.68359375,0.0,0.0,0.0,2.8,7007.69921875,342.597606565457,0.7472323072142899,119.8,3.84375,1147.75390625,1.1,8.00390625,338.68359375,0.0,0.0,0.0,2.5,7010.64453125
512,360.01022485545064,1.42218182887882,1.9,4.6953125,1146.10546875,127.2,48.75390625,379.4296875,0.0,0.0,0.0,3.1,7059.75390625,337.5336911242671,1.51688561309129,125.2,5.70703125,1153.49609375,6.1,14.80078125,345.6328125,0.0,0.0,0.0,3.3,7043.10546875,313.7059698490358,1.6321015511639416,131.2,21.14453125,1171.96484375,1.1,12.50390625,343.28515625,0.0,0.0,0.0,3.3,7014.26171875,346.10324243083573,1.4793273718096316,129.4,10.60546875,1182.62890625,1.9,12.55859375,343.23046875,0.0,0.0,0.0,3.1,7056.24609375
1024,360.9752908742687,2.8367592627182603,1.0,1.46484375,1184.09375,130.2,73.90234375,404.62109375,0.0,0.0,0.0,3.5,7135.28125,336.99899155305957,3.038584760390222,130.1,-2.48046875,1181.625,6.3,46.80859375,377.59765625,0.0,0.0,0.0,3.7,7107.97265625,312.1007213512937,3.2809920962899923,134.9,39.44921875,1215.08203125,1.5,17.59375,348.30859375,0.0,0.0,0.0,3.8,7075.78125,345.20647553015556,2.9663406470790505,132.8,20.30078125,1235.80859375,1.9,17.58984375,348.33984375,0.0,0.0,0.0,3.5,7217.703125
2048,355.5050231241742,5.760818741749972,1.0,14.15625,1249.80078125,132.6,117.90234375,448.7421875,0.0,0.0,0.0,3.8,7302.59375,333.3507816218988,6.143678409978747,130.7,23.2734375,1233.03515625,7.2,85.0,416.11328125,0.0,0.0,0.0,4.0,7225.6796875,315.33560273411285,6.49466784670949,137.5,70.20703125,1282.97265625,1.5,27.81640625,358.4765625,0.0,0.0,0.0,4.0,7165.1875,345.35917113804163,5.930058244150132,134.8,29.55859375,1311.55859375,1.7,27.80859375,358.484375,0.0,0.0,0.0,4.0,7296.16796875
4096,362.024608228819,11.314148007892072,1.0,-3.14453125,1287.8828125,135.9,236.0703125,566.7421875,0.0,0.0,0.0,4.2,7422.07421875,338.28139701421816,12.108262636233121,134.8,69.71484375,1339.1796875,5.7,52.5,383.25,0.0,0.0,0.0,4.7,7579.73046875,311.61984367038036,13.144220700953156,139.9,112.5234375,1410.15625,1.7,97.2734375,427.93359375,0.0,0.0,0.0,4.3,7459.4453125,342.73079857543325,11.951070685870945,135.9,15.5703125,1425.75390625,1.7,97.28515625,428.12109375,0.0,0.0,0.0,4.0,7674.4609375
32,354.7958384341002,0.09019271517172456,14.4,0.00390625,1048.90625,55.9,14.78515625,345.4453125,0.0,0.0,0.0,2.3,6891.6484375,330.39719312562056,0.09685312304645777,74.0,9.62109375,1078.78125,4.5,3.515625,334.3046875,0.0,0.0,0.0,2.0,6906.28125,283.33784223808584,0.11293937917798758,73.4,7.3046875,1089.140625,0.0,2.2578125,332.90234375,0.0,0.0,0.0,1.9,6935.34765625,314.8080043696343,0.10164925782009959,67.9,1.69921875,1092.4921875,4.4,2.25390625,332.91796875,0.0,0.0,0.0,1.6,6974.43359375
64,359.3948747107868,0.17807710822671652,6.7,0.015625,1092.51171875,79.0,19.45703125,350.11328125,0.0,0.0,0.0,1.9,6959.0859375,341.56342641801183,0.18737369123846292,88.1,4.05078125,1096.58203125,3.2,5.5859375,336.3671875,0.0,0.0,0.0,2.3,6888.640625,305.44152797345555,0.20953273912891746,94.2,7.28515625,1103.5390625,0.0,3.23828125,333.88671875,0.0,0.0,0.0,2.1,6907.640625,334.8705883366527,0.19111860590055585,93.2,1.48046875,1105.7734375,3.2,3.2421875,333.92578125,0.0,0.0,0.0,1.8,6917.25390625
128,360.00232701995486,0.35555325727909803,4.2,0.01171875,1105.78515625,102.0,28.35546875,359.00390625,0.0,0.0,0.0,2.1,6936.6171875,340.0963153021711,0.3763639717362821,107.0,6.37890625,1112.16796875,4.0,8.69140625,339.4609375,0.0,0.0,0.0,2.6,6932.30859375,310.5846684116427,0.41212594509124756,110.8,9.953125,1119.796875,1.9,5.47265625,336.125,0.0,0.0,0.0,2.4,6974.8359375,327.8823228921314,0.39038396114483476,107.9,3.2265625,1125.125,0.0,5.46484375,336.140625,0.0,0.0,0.0,2.2,7078.1171875
256,361.2759145462426,0.7085996870882809,2.4,0.03125,1123.875,118.7,37.63671875,368.296875,0.0,0.0,0.0,2.6,7072.35546875,338.50601332347793,0.7562642609700561,119.9,2.5390625,1126.42578125,5.7,9.4765625,340.2265625,0.0,0.0,0.0,2.9,7088.32421875,312.9780870193135,0.8179486379958689,125.8,14.046875,1140.71484375,1.1,8.11328125,338.78515625,0.0,0.0,0.0,2.9,7021.19921875,343.9641995711249,0.7442635027691722,125.0,5.38671875,1147.2265625,2.3,8.125,338.83203125,0.0,0.0,0.0,2.6,7031.09375
512,362.3282472291488,1.4130833130329847,2.0,1.4609375,1148.6875,126.0,48.78515625,379.5078125,0.0,0.0,0.0,3.0,7035.5703125,338.0839215468847,1.514416886959225,126.0,2.5625,1151.25390625,6.1,14.53125,345.359375,0.0,0.0,0.0,3.3,7067.94921875,315.26564361794453,1.6240272619761527,132.4,22.17578125,1170.89453125,1.1,12.4375,343.16796875,0.0,0.0,0.0,3.5,7071.3828125,345.36454172932804,1.4824915071949363,128.5,10.83203125,1182.453125,1.2,12.44140625,343.234375,0.0,0.0,0.0,3.0,7055.72265625
1024,359.03780211601287,2.852067369967699,1.3,4.62890625,1187.08203125,130.9,73.765625,404.75390625,0.0,0.0,0.0,3.5,7100.06640625,336.36283922971046,3.0443315389566123,129.6,-3.015625,1184.078125,6.3,46.62109375,377.5078125,0.0,0.0,0.0,3.7,7094.42578125,312.1840556136382,3.2801162698306143,135.2,37.77734375,1214.32421875,1.5,17.4921875,348.27734375,0.0,0.0,0.0,3.7,7119.3203125,346.0683409419884,2.958953128196299,131.8,21.203125,1235.60546875,1.3,17.4765625,348.25,0.0,0.0,0.0,3.4,7172.578125
2048,357.7868143905757,5.724079025909305,0.9,9.37109375,1244.84375,132.6,142.03515625,472.8203125,0.0,0.0,0.0,4.2,7287.21484375,333.7206107749971,6.136869986075908,131.5,24.34375,1233.26953125,7.3,85.09765625,416.0,0.0,0.0,0.0,4.1,7248.2578125,313.89907119962896,6.524390123784542,139.0,71.109375,1284.23046875,1.5,27.51953125,358.3046875,0.0,0.0,0.0,4.0,7156.83984375,345.15016300315904,5.933649233076721,134.9,29.203125,1312.46484375,1.8,27.50390625,358.31640625,0.0,0.0,0.0,3.8,7351.16015625
4096,362.5522850605791,11.297680827789009,1.1,-1.13671875,1290.80078125,135.3,239.05078125,569.83984375,0.0,0.0,0.0,4.1,7502.35546875,338.69587986485124,12.093445015139878,134.6,65.7265625,1338.15625,5.7,51.96875,383.05859375,0.0,0.0,0.0,4.4,7434.52734375,311.3866820428889,13.154062894172966,139.7,117.98046875,1415.39453125,1.6,97.15625,427.94140625,0.0,0.0,0.0,4.2,7376.06640625,343.4951932159648,11.924475453794003,136.1,30.4921875,1445.9140625,1.7,97.15625,427.94921875,0.0,0.0,0.0,4.1,7586.30078125
32,359.61270304496423,0.08898462075740099,4.8,0.04296875,1046.12109375,56.1,12.76953125,343.48828125,0.0,0.0,0.0,2.3,6915.89453125,333.2067316030372,0.09603647515177727,69.9,8.421875,1074.83984375,4.5,3.28515625,334.140625,0.0,0.0,0.0,2.0,6966.7734375,295.47448290109855,0.10830038413405418,70.5,6.5625,1084.8828125,0.0,2.09765625,332.83203125,0.0,0.0,0.0,1.9,7027.7109375,320.2988262398869,0.09990670392289758,68.4,2.234375,1088.9296875,0.0,2.09375,332.83203125,0.0,0.0,0.0,1.7,7074.43359375
64,356.61671367583125,0.17946438724175096,10.0,0.01171875,1088.9453125,82.0,20.91796875,351.6328125,0.0,0.0,0.0,1.8,7008.85546875,339.1768577749335,0.1886921189725399,87.7,5.609375,1094.60546875,0.0,5.59375,336.40625,0.0,0.0,0.0,2.2,6951.046875,300.7842840800687,0.21277707442641258,93.4,9.1328125,1103.265625,0.0,3.28515625,334.0078125,0.0,0.0,0.0,2.1,6992.26953125,330.97474896533663,0.19336822582408786,96.0,3.69921875,1107.8203125,3.1,3.3125,334.05078125,0.0,0.0,0.0,1.8,6981.54296875
128,361.720117246584,0.3538647531531751,4.2,0.00390625,1107.82421875,102.3,26.84765625,357.77734375,0.0,0.0,0.0,2.2,6988.828125,342.26607943962307,0.3739780471660197,105.4,4.2421875,1112.0703125,6.0,8.46484375,339.28515625,0.0,0.0,0.0,2.5,6963.765625,315.0957269999096,0.4062257562763989,110.2,9.12890625,1118.57421875,0.0,5.16796875,335.890625,0.0,0.0,0.0,2.4,6999.984375,341.5339788242152,0.37477969378232956,111.1,2.91015625,1122.203125,0.0,5.171875,335.9140625,0.0,0.0,0.0,2.1,7026.75390625
256,361.7209166876595,0.7077279421500862,2.4,0.01171875,1122.21484375,115.2,37.09375,367.82421875,0.0,0.0,0.0,2.8,7042.47265625,339.323886273151,0.7544414359144866,117.9,1.4765625,1123.69921875,5.7,9.31640625,340.15234375,0.0,0.0,0.0,2.9,7019.01953125,313.4118475257493,0.8168166009709239,123.8,14.7421875,1140.10546875,1.1,8.0625,338.7734375,0.0,0.0,0.0,2.9,7040.80078125,343.9575482929951,0.744277894962579,123.8,5.9765625,1147.01953125,2.3,8.0703125,338.80078125,0.0,0.0,0.0,2.5,7040.51953125
512,362.32029309090416,1.4131143349222839,2.0,0.33203125,1147.3515625,126.0,46.828125,377.5390625,0.0,0.0,0.0,3.1,7078.41015625,338.9000459314589,1.5107699339278042,126.3,20.17578125,1167.52734375,6.7,14.25390625,345.0859375,0.0,0.0,0.0,3.4,7068.8359375,317.826969917071,1.610939437057823,131.1,4.5234375,1168.140625,0.6,12.23046875,342.94140625,0.0,0.0,0.0,3.2,7037.55078125,346.6948708236408,1.4768029269762337,127.1,12.52734375,1181.4296875,1.9,12.21484375,342.94921875,0.0,0.0,0.0,3.0,7072.45703125
1024,359.53453182452427,2.8481269790790975,1.7,4.53515625,1185.96484375,131.7,74.27734375,404.9921875,0.0,0.0,0.0,3.6,7097.3125,335.98503694987613,3.047754772938788,130.7,-5.7734375,1180.203125,6.6,46.71484375,377.546875,0.0,0.0,0.0,3.8,7080.3046875,313.2641689706504,3.2688066540285945,135.7,40.3671875,1212.9609375,1.8,17.47265625,348.20703125,0.0,0.0,0.0,3.7,7065.04296875,345.14580797471694,2.9668620517477393,133.4,11.53515625,1224.5390625,1.3,17.47265625,348.203125,0.0,0.0,0.0,3.7,7249.7578125
2048,356.7748100588923,5.740315577946603,1.0,18.89453125,1243.2109375,133.6,140.33984375,471.0546875,0.0,0.0,0.0,3.8,7297.0703125,333.16657737958684,6.147075184155256,130.3,-6.296875,1236.91796875,7.2,84.6796875,415.53515625,0.0,0.0,0.0,4.0,7268.98828125,314.6775936682995,6.508248573169112,137.8,69.1875,1286.9765625,1.8,27.44921875,358.16015625,0.0,0.0,0.0,4.0,7257.00390625,345.25710563422246,5.9318112982437015,135.3,28.234375,1314.25390625,1.7,27.49609375,358.421875,0.0,0.0,0.0,3.9,7392.890625
4096,363.01543968562476,11.283266638871282,1.0,-2.0859375,1291.59375,134.8,231.82421875,562.5390625,0.0,0.0,0.0,4.2,7467.3203125,338.9697101945094,12.083675552159548,133.5,67.87109375,1341.48828125,5.6,51.60546875,382.44921875,0.0,0.0,0.0,4.3,7451.93359375,311.02604278240597,13.169315223116428,138.9,111.69921875,1413.8125,1.6,103.3515625,434.07421875,0.0,0.0,0.0,4.7,7352.6796875,343.696142605051,11.91750355111435,136.3,38.97265625,1452.8046875,1.7,103.3515625,434.07421875,0.0,0.0,0.0,4.2,7616.015625
32,358.0037163590184,0.08938454696908593,4.8,0.00390625,1046.46875,56.0,14.3984375,345.1328125,0.0,0.0,0.0,2.3,6962.171875,331.95386774149046,0.09639893705025315,69.7,9.64453125,1076.484375,4.5,3.4296875,334.2734375,0.0,0.0,0.0,2.1,6988.37890625,283.72570816393045,0.11278498591855168,77.7,7.203125,1086.55078125,0.0,2.23046875,332.95703125,0.0,0.0,0.0,2.3,7008.0078125,322.2259762001013,0.09930918784812093,77.9,1.35546875,1090.40625,4.5,2.23046875,332.95703125,0.0,0.0,0.0,1.7,7002.89453125
64,358.9901976854756,0.17827784828841686,6.7,0.015625,1090.42578125,85.6,20.4375,351.16015625,0.0,0.0,0.0,1.9,7019.5078125,339.5768397403476,0.18846986163407564,91.1,4.14453125,1094.58984375,3.2,5.65234375,336.46484375,0.0,0.0,0.0,2.1,7001.55859375,301.81750680261194,0.21204866701737046,93.5,7.8984375,1102.1796875,3.0,3.3359375,334.0625,0.0,0.0,0.0,2.1,7007.16015625,333.699721466899,0.19178919214755297,93.0,1.20703125,1105.57421875,3.1,3.3359375,334.0625,0.0,0.0,0.0,1.8,6994.9765625
128,361.3080056981419,0.35426837485283613,4.2,0.0078125,1105.58203125,102.2,27.8515625,358.59375,0.0,0.0,0.0,2.2,6979.7890625,341.52043102085156,0.37479456095024943,105.2,5.921875,1111.50390625,6.0,8.63671875,339.4765625,0.0,0.0,0.0,2.5,6966.2890625,311.3108297054562,0.41116462321951985,113.0,9.1875,1118.98046875,0.0,5.39453125,336.08203125,0.0,0.0,0.0,2.3,6988.96484375,341.60244504308895,0.37470457796007395,111.3,2.37109375,1125.5234375,0.0,5.41015625,336.0859375,0.0,0.0,0.0,2.1,6961.93359375
256,360.9031638462666,0.709331548307091,3.6,0.01953125,1119.62890625,116.1,36.84375,367.5078125,0.0,0.0,0.0,2.5,7010.37890625,338.45496077402976,0.756378335878253,119.8,6.4375,1126.078125,5.7,9.42578125,340.19921875,0.0,0.0,0.0,3.0,7030.0859375,312.4736530660403,0.8192690727300942,124.5,11.30859375,1140.61328125,2.1,8.09375,338.76953125,0.0,0.0,0.0,2.9,7045.2578125,344.89501690717094,0.7422548527829349,120.6,5.046875,1146.66015625,1.2,8.078125,338.7265625,0.0,0.0,0.0,2.6,7022.89453125
512,362.35589308000255,1.4129755022004247,2.0,4.46484375,1142.69140625,126.7,47.1328125,377.80859375,0.0,0.0,0.0,3.1,7060.484375,337.88254682772407,1.5153194647282362,126.0,5.046875,1149.5,6.1,14.42578125,345.3046875,0.0,0.0,0.0,3.3,7060.8828125,315.28991469960994,1.623902244027704,131.8,21.875,1168.90234375,1.1,12.3203125,342.99609375,0.0,0.0,0.0,3.3,7041.46484375,345.9624446845372,1.4799294197000563,128.7,11.55859375,1180.5859375,1.9,12.29296875,343.01171875,0.0,0.0,0.0,3.1,7104.58203125
1024,360.46325144168543,2.8407888901419938,1.7,3.3359375,1183.921875,129.7,73.28125,403.99609375,0.0,0.0,0.0,3.6,7298.14453125,336.8576190729726,3.039859994314611,130.3,-3.359375,1180.96875,6.6,46.42578125,377.265625,0.0,0.0,0.0,3.7,7164.7265625,312.6313046375165,3.2754237493500113,135.4,38.859375,1212.21875,1.2,17.43359375,348.08984375,0.0,0.0,0.0,3.6,7115.6953125,345.9646251126582,2.959840185008943,133.1,13.703125,1225.94921875,1.6,17.4296875,348.1484375,0.0,0.0,0.0,3.6,7131.86328125
2048,356.7372319032975,5.740920254029334,1.2,21.3359375,1247.28515625,132.9,138.4765625,469.41015625,0.0,0.0,0.0,4.0,7241.3359375,334.1809956720436,6.1284155189059675,130.9,-7.83984375,1239.4453125,7.0,85.46484375,416.23828125,0.0,0.0,0.0,4.1,7214.3125,312.6516547432854,6.550421112217009,138.5,65.09765625,1285.3046875,1.5,27.69921875,358.359375,0.0,0.0,0.0,4.1,7250.89453125,344.9747730808492,5.93666598200798,136.3,46.0625,1330.42578125,1.6,27.69921875,358.375,0.0,0.0,0.0,4.0,7377.90234375
4096,361.69262584719837,11.324532786384225,1.0,18.26953125,1289.3984375,135.7,238.6796875,569.32421875,0.0,0.0,0.0,4.2,7505.76171875,338.7334652090511,12.092103145085275,134.1,67.27734375,1338.421875,5.6,51.87890625,382.66015625,0.0,0.0,0.0,4.3,7581.23828125,311.1505567545798,13.164045222103596,139.0,114.7890625,1412.7265625,1.6,96.55859375,427.22265625,0.0,0.0,0.0,4.2,7405.5859375,343.4901761024112,11.924649626016617,135.9,38.57421875,1451.33203125,1.7,96.546875,427.37890625,0.0,0.0,0.0,4.1,7727.47265625
32,361.37589606733263,0.0885504549369216,14.5,0.00390625,1047.73046875,56.5,11.88671875,342.546875,0.0,0.0,0.0,2.2,7043.29296875,333.5886840303391,0.09592651529237628,69.9,6.8046875,1074.47265625,4.5,3.28125,334.05859375,0.0,0.0,0.0,1.9,7002.5859375,296.0727802412999,0.10808153310790658,70.5,6.69140625,1084.34375,0.0,2.03125,332.69140625,0.0,0.0,0.0,1.9,6933.89453125,321.2935050346005,0.0995974070392549,68.6,1.46484375,1086.1640625,0.0,2.0390625,332.703125,0.0,0.0,0.0,1.7,6971.30078125
64,357.01600424484457,0.17926367232576013,6.7,0.01171875,1086.1796875,85.3,20.8203125,351.48828125,0.0,0.0,0.0,2.0,7019.90234375,339.31719334026377,0.18861407926306129,94.4,5.75390625,1093.3515625,3.2,5.64453125,336.5,0.0,0.0,0.0,2.2,7060.265625,299.96597261714976,0.21335753332823515,96.3,8.171875,1101.05078125,0.0,3.3046875,334.08203125,0.0,0.0,0.0,2.0,6977.73828125,333.56874445219916,0.19186449889093637,93.2,2.796875,1104.60546875,0.0,3.3046875,334.0390625,0.0,0.0,0.0,1.8,6948.828125
128,362.2622525082753,0.35333518497645855,6.4,0.0078125,1104.6171875,104.6,27.20703125,357.9296875,0.0,0.0,0.0,2.2,7037.48046875,341.6616921030791,0.3746396009810269,103.3,5.0546875,1109.6875,6.0,8.5703125,339.328125,0.0,0.0,0.0,2.5,7014.4609375,312.37369000880136,0.40976562397554517,111.4,10.8671875,1117.703125,1.9,5.27734375,335.99609375,0.0,0.0,0.0,2.3,7016.5,343.29964933487224,0.3728521140292287,107.6,1.95703125,1120.3515625,2.0,5.2890625,336.0234375,0.0,0.0,0.0,2.3,7013.1328125
256,362.20079859691134,0.7067902693524957,2.4,0.03125,1120.3828125,117.7,35.125,365.78515625,0.0,0.0,0.0,2.6,7020.16796875,339.60128265198597,0.7538251858204603,120.2,3.1953125,1123.58203125,5.7,9.34375,340.12109375,0.0,0.0,0.0,2.9,6981.26953125,313.8084818086171,0.8157841959036887,122.9,14.296875,1138.0,1.1,7.96484375,338.60546875,0.0,0.0,0.0,2.8,6999.19140625,344.6717085929384,0.7427357500419021,122.9,2.8828125,1141.921875,1.2,7.94921875,338.62109375,0.0,0.0,0.0,2.8,7025.7578125
512,362.79737540497194,1.4112560749053955,2.0,2.0546875,1143.9765625,123.6,46.94921875,377.59375,0.0,0.0,0.0,3.0,7079.1015625,338.47512797730076,1.5126665378920734,125.0,4.01171875,1147.98828125,5.5,14.4140625,345.4140625,0.0,0.0,0.0,3.4,7064.96875,314.74722020663916,1.6267022141255438,131.7,22.4921875,1167.7734375,2.3,12.3671875,343.02734375,0.0,0.0,0.0,3.3,7069.203125,343.3620886925862,1.4911372479982674,130.3,9.82421875,1178.46484375,1.2,12.359375,343.01171875,0.0,0.0,0.0,3.1,7063.39453125
1024,358.99374719662353,2.8524173693731427,1.0,2.15234375,1180.6171875,130.2,71.953125,402.61328125,0.0,0.0,0.0,3.5,7107.83984375,336.6621425441253,3.041625031735748,129.7,2.87890625,1183.515625,6.3,46.2734375,377.046875,0.0,0.0,0.0,3.7,7098.04296875,313.9159308189618,3.262019857764244,134.8,35.79296875,1210.26171875,1.5,17.34375,348.00390625,0.0,0.0,0.0,3.6,7045.9453125,345.46920883383206,2.9640847109258175,132.9,26.67578125,1236.96875,1.6,17.3515625,348.015625,0.0,0.0,0.0,3.6,7155.515625
2048,357.29186438775815,5.732008489780128,1.0,11.63671875,1248.60546875,133.1,118.97265625,449.62109375,0.0,0.0,0.0,3.9,7261.6015625,333.0139889229644,6.149891800712794,130.4,26.22265625,1238.94140625,7.2,84.98828125,415.77734375,0.0,0.0,0.0,4.0,7213.01171875,313.60747899749674,6.530456501059234,137.5,63.83203125,1283.0,1.7,27.48828125,358.1484375,0.0,0.0,0.0,4.0,7207.6640625,343.93701280110554,5.9545786692760885,135.4,38.03515625,1320.078125,1.8,27.484375,358.1640625,0.0,0.0,0.0,4.0,7368.328125
4096,362.79981746432503,11.289972604252398,1.0,-9.8046875,1289.84765625,135.2,237.703125,568.3515625,0.0,0.0,0.0,4.2,7400.515625,339.1675196209516,12.076628105714917,134.2,60.78125,1332.33984375,5.7,51.85546875,382.61328125,0.0,0.0,0.0,4.3,7591.65234375,310.6992687717021,13.183165883179754,139.2,119.2265625,1411.07421875,1.6,96.625,427.2734375,0.0,0.0,0.0,4.2,7422.9140625,343.4586621082589,11.925743770319968,136.1,46.78515625,1457.8828125,1.7,96.62109375,427.29296875,0.0,0.0,0.0,4.1,7606.89453125
32,355.00335572163476,0.09013999300077558,9.6,0.0078125,1045.30078125,56.0,14.453125,345.13671875,0.0,0.0,0.0,2.3,6976.078125,331.88312248895267,0.09641948575153947,69.7,9.7109375,1075.15234375,0.0,3.4765625,334.25390625,0.0,0.0,0.0,2.1,6952.015625,286.3512048097835,0.11175088305026293,78.0,8.0546875,1086.12109375,4.2,2.2890625,332.953125,0.0,0.0,0.0,1.9,6959.375,319.24871219422107,0.10023532994091511,68.4,2.2109375,1088.78125,0.0,2.26953125,333.15234375,0.0,0.0,0.0,1.7,6959.6640625
64,360.1425720336813,0.17770739970728755,6.7,0.01171875,1088.796875,82.3,19.38671875,350.0703125,0.0,0.0,0.0,2.0,6976.2421875,340.63674452451636,0.18788343016058207,88.1,4.0,1094.2109375,3.2,5.56640625,336.359375,0.0,0.0,0.0,2.2,6963.921875,302.43503752432326,0.2116156928241253,96.7,7.078125,1100.84765625,0.0,3.23046875,333.89453125,0.0,0.0,0.0,2.1,6988.51953125,335.96845310427324,0.1904940758831799,87.2,2.63671875,1104.2421875,0.0,3.23046875,333.89453125,0.0,0.0,0.0,2.1,7017.68359375
128,360.7835000783425,0.35478340880945325,6.3,0.0,1104.2421875,102.2,28.15234375,358.828125,0.0,0.0,0.0,2.2,7047.11328125,340.7950604037994,0.37559229834005237,107.1,5.19140625,1109.63671875,4.0,8.63671875,339.4140625,0.0,0.0,0.0,2.6,7021.703125,312.5772132251098,0.4094988200813532,111.5,9.375,1117.9296875,1.9,5.38671875,336.0625,0.0,0.0,0.0,2.5,7066.109375,340.8064713472235,0.37557972269132733,111.1,3.41015625,1121.8125,0.0,5.3984375,336.07421875,0.0,0.0,0.0,2.1,7038.3671875
256,362.994576250176,0.7052446971647441,2.4,0.02734375,1121.83984375,116.7,33.81640625,364.49609375,0.0,0.0,0.0,2.5,7060.51171875,339.98963803434066,0.752964124083519,119.2,5.05078125,1126.9140625,3.4,9.25390625,340.00390625,0.0,0.0,0.0,2.8,7027.8046875,317.5708784164089,0.8061192552559078,123.1,12.34765625,1137.99609375,2.1,7.875,338.53515625,0.0,0.0,0.0,2.8,7095.03125,344.69872821672146,0.7426775298081338,121.7,6.640625,1147.21875,1.2,7.8671875,338.53125,0.0,0.0,0.0,2.6,7072.10546875
512,362.1021701526074,1.4139655660837889,2.0,0.07421875,1147.29296875,125.3,46.92578125,377.59765625,0.0,0.0,0.0,3.0,7068.859375,338.22720813531225,1.513775319326669,126.1,2.1953125,1149.48828125,5.5,14.3359375,345.125,0.0,0.0,0.0,3.3,7052.765625,314.87366464890704,1.6260489760898054,131.7,20.39453125,1167.421875,1.1,12.23046875,342.90234375,0.0,0.0,0.0,3.3,7038.359375,345.84236590075375,1.4804432610981166,129.9,11.796875,1179.2421875,1.2,12.23046875,342.91796875,0.0,0.0,0.0,3.0,7062.03515625
1024,360.9938276842981,2.836613596882671,1.0,5.75390625,1184.99609375,130.6,71.6640625,402.328125,0.0,0.0,0.0,3.5,7110.859375,336.59430960599525,3.042238002177328,128.4,-4.14453125,1180.86328125,6.3,46.23828125,377.015625,0.0,0.0,0.0,3.8,7089.9453125,313.2152563272631,3.2693171207793057,135.6,38.70703125,1211.98046875,1.5,17.390625,348.0546875,0.0,0.0,0.0,3.7,7093.1640625,346.717593796037,2.953412282280624,131.7,21.49609375,1233.4921875,1.9,17.3671875,348.01171875,0.0,0.0,0.0,3.5,7164.3984375
2048,356.2672747721503,5.748493182007223,1.2,16.37890625,1249.87109375,133.7,116.12890625,446.80078125,0.0,0.0,0.0,3.9,7281.68359375,333.5331971661675,6.140318317338824,131.4,26.2109375,1232.4140625,7.3,85.1953125,415.9453125,0.0,0.0,0.0,4.0,7202.640625,312.9842736939769,6.54345975862816,138.0,72.5078125,1284.9765625,1.6,27.44921875,358.30859375,0.0,0.0,0.0,4.0,7172.265625,344.9139992603613,5.937712022103369,134.8,41.484375,1325.546875,1.6,27.4375,358.09765625,0.0,0.0,0.0,3.9,7307.6328125
4096,361.950365192479,11.316468758974224,1.0,-6.11328125,1297.0703125,135.7,234.37109375,565.03125,0.0,0.0,0.0,4.2,7474.2109375,338.7209890907919,12.09254853380844,134.7,57.95703125,1336.84765625,5.6,51.73828125,382.49609375,0.0,0.0,0.0,4.3,7708.53125,311.35720403702845,13.155308266170323,139.9,115.6171875,1412.98046875,1.6,96.19921875,426.8671875,0.0,0.0,0.0,4.3,7485.74609375,342.2920390034217,11.966389904730022,135.6,43.35546875,1456.36328125,1.7,96.0703125,426.734375,0.0,0.0,0.0,4.1,7655.71484375
32,353.3862862923203,0.09055246692150831,9.6,0.00390625,1046.2890625,61.0,15.45703125,346.12109375,0.0,0.0,0.0,2.4,7044.98828125,326.6584897288914,0.09796163579449058,69.5,10.64453125,1077.51953125,0.0,3.5703125,334.3515625,0.0,0.0,0.0,2.0,6979.28125,287.7788316738729,0.11119650397449732,78.6,7.94921875,1088.8515625,4.3,2.3203125,333.00390625,0.0,0.0,0.0,1.9,6972.5390625,315.86954192569226,0.10130764683708549,73.1,3.04296875,1094.703125,0.0,2.32421875,333.0,0.0,0.0,0.0,1.7,7147.90234375
64,359.89680119459626,0.17782875476405025,6.8,0.01953125,1094.7265625,79.6,19.13671875,349.796875,0.0,0.0,0.0,1.8,7064.609375,339.96170655437186,0.1882564970292151,88.4,2.73828125,1097.484375,6.4,5.42578125,336.203125,0.0,0.0,0.0,2.2,6988.890625,307.0615856780131,0.2084272438660264,89.0,6.859375,1106.59765625,0.0,3.05078125,333.70703125,0.0,0.0,0.0,2.2,6970.2265625,336.1386066554899,0.1903976476751268,94.1,1.32421875,1107.9375,0.0,3.05078125,333.73046875,0.0,0.0,0.0,1.9,6996.95703125
128,360.5980425332985,0.35496587585657835,4.2,0.00390625,1103.91796875,104.5,27.625,358.30078125,0.0,0.0,0.0,2.2,7035.59765625,341.54384363540566,0.3747688690200448,107.6,4.2890625,1112.2421875,4.0,8.609375,339.38671875,0.0,0.0,0.0,2.5,7043.6953125,312.3659792316929,0.40977573907002807,109.9,8.53125,1120.0234375,1.9,5.28125,335.95703125,0.0,0.0,0.0,2.4,7053.359375,342.197505442607,0.3740529897622764,109.7,3.171875,1124.7890625,0.0,5.25,335.93359375,0.0,0.0,0.0,2.2,7036.640625
256,361.32185544515454,0.7085095909424126,3.6,0.12890625,1118.1015625,116.5,35.640625,366.31640625,0.0,0.0,0.0,2.6,6994.39453125,338.615102435658,0.7560206209309399,117.8,3.68359375,1126.4296875,5.7,9.23046875,340.01953125,0.0,0.0,0.0,2.8,7005.59375,313.33674960992283,0.8170123687013984,124.0,14.90625,1141.46875,1.1,7.9453125,338.62109375,0.0,0.0,0.0,2.8,7042.99609375,345.61585197079876,0.7407067660242319,119.8,8.265625,1150.65234375,1.2,7.9453125,338.62109375,0.0,0.0,0.0,2.4,7042.53125
512,360.66704804379,1.41959184454754,2.0,0.06640625,1150.71875,126.9,48.84375,379.5,0.0,0.0,0.0,3.0,7029.48046875,337.32717772487297,1.5178142581135035,125.3,1.19921875,1151.91796875,6.1,14.515625,345.34375,0.0,0.0,0.0,3.5,7056.45703125,314.0437577615026,1.6303460500203073,130.9,22.81640625,1172.1953125,1.1,12.4765625,343.19921875,0.0,0.0,0.0,3.3,7080.25390625,345.4812911091229,1.481990525033325,131.2,7.8984375,1180.85546875,1.9,12.52734375,343.234375,0.0,0.0,0.0,3.0,7140.859375
1024,359.5962228898199,2.847638364415616,1.3,8.05859375,1188.9140625,130.8,72.44140625,403.09765625,0.0,0.0,0.0,3.5,7190.96875,336.17654899878085,3.046018537133932,128.9,-3.19140625,1185.734375,6.3,46.1484375,376.9140625,0.0,0.0,0.0,3.6,7172.0078125,313.26228249120044,3.268826338928193,136.9,37.4296875,1214.1484375,1.5,17.31640625,348.18359375,0.0,0.0,0.0,3.7,7130.64453125,345.1837749581555,2.9665357246994972,133.8,25.015625,1239.46484375,1.3,17.29296875,347.9609375,0.0,0.0,0.0,3.5,7242.17578125
2048,356.38792019129266,5.746547186281532,1.4,39.9140625,1243.2890625,133.1,114.84375,445.5078125,0.0,0.0,0.0,3.8,7282.484375,334.18264344351826,6.1283853012137115,130.9,20.9921875,1227.421875,7.2,84.65625,415.44921875,0.0,0.0,0.0,4.1,7272.18359375,313.2404632699569,6.538108067587018,138.1,73.84765625,1285.1875,1.5,27.42578125,358.07421875,0.0,0.0,0.0,4.1,7191.98046875,345.5359374983431,5.927024594973773,135.6,29.91796875,1314.15234375,1.8,27.39453125,358.06640625,0.0,0.0,0.0,3.9,7375.31640625
4096,362.85111529626624,11.28837649198249,1.1,-1.59765625,1291.93359375,135.5,234.68359375,565.33203125,0.0,0.0,0.0,4.2,7476.18359375,338.9174688192946,12.085538152605295,134.4,66.13671875,1339.7734375,5.7,51.84375,382.61328125,0.0,0.0,0.0,4.4,7442.08984375,311.0554463978945,13.168070347048342,139.6,113.6171875,1412.890625,1.6,96.53125,427.1796875,0.0,0.0,0.0,4.2,7380.35546875,342.99352200004375,11.941916500683874,137.5,11.5078125,1424.421875,1.7,96.6640625,427.3125,0.0,0.0,0.0,4.2,7612.37890625
