size,pg_local_indexed_throughput,pg_local_indexed_time_s,pg_local_indexed_py_cpu,pg_local_indexed_py_mem_delta,pg_local_indexed_py_mem_peak,pg_local_indexed_pg_cpu,pg_local_indexed_pg_mem_delta,pg_local_indexed_pg_mem_peak,pg_local_indexed_qd_cpu,pg_local_indexed_qd_mem_delta,pg_local_indexed_qd_mem_peak,pg_local_indexed_sys_cpu,pg_local_indexed_sys_mem,pg_local_deferred_throughput,pg_local_deferred_time_s,pg_local_deferred_py_cpu,pg_local_deferred_py_mem_delta,pg_local_deferred_py_mem_peak,pg_local_deferred_pg_cpu,pg_local_deferred_pg_mem_delta,pg_local_deferred_pg_mem_peak,pg_local_deferred_qd_cpu,pg_local_deferred_qd_mem_delta,pg_local_deferred_qd_mem_peak,pg_local_deferred_sys_cpu,pg_local_deferred_sys_mem,ext_direct_indexed_throughput,ext_direct_indexed_time_s,ext_direct_indexed_py_cpu,ext_direct_indexed_py_mem_delta,ext_direct_indexed_py_mem_peak,ext_direct_indexed_pg_cpu,ext_direct_indexed_pg_mem_delta,ext_direct_indexed_pg_mem_peak,ext_direct_indexed_qd_cpu,ext_direct_indexed_qd_mem_delta,ext_direct_indexed_qd_mem_peak,ext_direct_indexed_sys_cpu,ext_direct_indexed_sys_mem,ext_direct_deferred_throughput,ext_direct_deferred_time_s,ext_direct_deferred_py_cpu,ext_direct_deferred_py_mem_delta,ext_direct_deferred_py_mem_peak,ext_direct_deferred_pg_cpu,ext_direct_deferred_pg_mem_delta,ext_direct_deferred_pg_mem_peak,ext_direct_deferred_qd_cpu,ext_direct_deferred_qd_mem_delta,ext_direct_deferred_qd_mem_peak,ext_direct_deferred_sys_cpu,ext_direct_deferred_sys_mem,qd_indexed_throughput,qd_indexed_time_s,qd_indexed_py_cpu,qd_indexed_py_mem_delta,qd_indexed_py_mem_peak,qd_indexed_pg_cpu,qd_indexed_pg_mem_delta,qd_indexed_pg_mem_peak,qd_indexed_qd_cpu,qd_indexed_qd_mem_delta,qd_indexed_qd_mem_peak,qd_indexed_sys_cpu,qd_indexed_sys_mem,qd_deferred_throughput,qd_deferred_time_s,qd_deferred_py_cpu,qd_deferred_py_mem_delta,qd_deferred_py_mem_peak,qd_deferred_pg_cpu,qd_deferred_pg_mem_delta,qd_deferred_pg_mem_peak,qd_deferred_qd_cpu,qd_deferred_qd_mem_delta,qd_deferred_qd_mem_peak,qd_deferred_sys_cpu,qd_deferred_sys_mem,chroma_throughput,chroma_time_s,chroma_py_cpu,chroma_py_mem_delta,chroma_py_mem_peak,chroma_pg_cpu,chroma_pg_mem_delta,chroma_pg_mem_peak,chroma_qd_cpu,chroma_qd_mem_delta,chroma_qd_mem_peak,chroma_sys_cpu,chroma_sys_mem
32,422.49735585775375,0.07574011897668242,5.3,0.0078125,815.39453125,46.0,4.08203125,336.20703125,,,,3.1,6148.78125,429.492278986259,0.07450657803565264,5.3,0.0,815.39453125,51.5,3.76953125,335.75390625,,,,1.8,6172.2578125,367.4949971929361,0.08707601530477405,53.9,5.58984375,1024.5859375,0.0,2.50390625,6.37890625,,,,1.9,6100.55859375,375.2858223653278,0.08526834240183234,59.1,2.13671875,1030.609375,0.0,1.6328125,5.5078125,,,,1.1,6096.3828125,305.94095211855415,0.10459534684196115,53.9,2.44140625,1037.23828125,,,,1.8348898953615491,14.32421875,173.61328125,0.4,6091.1015625,292.8345633664709,0.10927671799436212,48.5,1.2890625,1039.7265625,,,,1.9166031845145177,12.21484375,176.27734375,0.3,6065.91796875,359.9015595540511,0.08891320182010531,67.5,6.01171875,1062.15625,,,,,,,1.1,6071.63671875
64,350.90197678804554,0.1823871172964573,6.6,0.0,1063.65625,71.6,5.859375,337.9609375,,,,1.2,6407.65234375,370.87092758007833,0.17256677523255348,6.9,0.0,1063.65625,67.3,5.87109375,337.83203125,,,,2.2,6381.06640625,323.78149404628465,0.1976641691289842,79.0,2.5390625,1066.734375,6.3,2.34765625,5.72265625,,,,1.8,6104.95703125,342.2157551561686,0.187016521114856,78.4,1.1953125,1068.19921875,0.0,1.828125,5.703125,,,,1.4,6071.94921875,313.77586073513083,0.20396725181490183,77.5,0.94921875,1069.1796875,,,,1.9484644194756553,13.84765625,179.05859375,0.5,6079.2734375,307.96461230209144,0.2078160848468542,73.4,1.03515625,1068.2421875,,,,1.9580786026200874,13.29296875,183.234375,0.5,6079.33984375,335.2751593667495,0.19088798621669412,83.9,4.828125,1074.5078125,,,,,,,1.3,6082.52734375
128,348.97859345859325,0.36678467504680157,4.1,0.00390625,1074.51171875,89.4,9.47265625,341.83984375,,,,1.4,6394.171875,377.59210989123994,0.3389901341870427,4.4,0.0,1074.51171875,90.6,9.26953125,341.27734375,,,,2.3,6418.71875,328.8473969534246,0.3892382946796715,90.5,4.84765625,1079.56640625,5.9,3.17578125,6.54296875,,,,2.1,6096.47265625,351.04819916215314,0.3646222949028015,93.2,4.67578125,1080.33984375,2.1,2.203125,6.078125,,,,1.8,6098.50390625,336.8002222094614,0.3800472551956773,92.0,3.50390625,1080.13671875,,,,2.115574972694648,14.9609375,186.3359375,0.6,6101.0625,336.8716044018488,0.37996672419831157,90.1,1.92578125,1082.390625,,,,2.02343383846274,17.0703125,189.6953125,0.5,6100.30859375,350.6955837228973,0.3649889132939279,99.1,5.78515625,1086.44921875,,,,,,,1.7,6100.17578125
256,425.2455583905699,0.6020051119849086,2.8,0.00390625,1086.453125,101.7,14.01171875,346.11328125,,,,1.8,6422.05078125,476.1721620906124,0.5376206766813993,1.5,0.0,1086.453125,102.7,13.46875,345.47265625,,,,2.7,6418.0546875,392.6902905061331,0.6519132410176098,96.0,4.83984375,1092.8125,11.7,5.69140625,9.05859375,,,,2.5,6126.890625,433.53139426245315,0.5904993349686265,102.9,6.93359375,1097.6328125,4.2,3.05859375,6.93359375,,,,2.2,6100.45703125,429.85356951832773,0.5955516439862549,103.4,6.26953125,1098.5078125,,,,2.448537080405933,25.53515625,195.6953125,0.9,6113.5,429.1436359159323,0.5965368668548763,104.7,6.390625,1100.16015625,,,,2.4645990639625586,21.0546875,205.15234375,0.9,6123.79296875,435.29318720078635,0.5881093651987612,114.4,7.73828125,1103.41015625,,,,,,,1.9,6126.296875
512,374.37990018877275,1.3675947873853147,1.3,0.00390625,1103.4140625,109.2,20.8125,352.97265625,,,,2.2,6441.72265625,419.59806523657096,1.2202153499238193,1.5,0.0,1103.4140625,110.7,20.7578125,352.7734375,,,,3.0,6511.82421875,349.08017479195144,1.4667117670178413,99.0,6.2421875,1113.34765625,13.9,6.99609375,10.36328125,,,,2.9,6191.85546875,388.36370261901317,1.318351835012436,109.9,13.33984375,1122.4765625,4.9,4.75,8.625,,,,2.8,6182.7109375,394.27693483360264,1.2985796397551894,112.8,9.56640625,1120.0078125,,,,2.424853967433445,39.28125,209.72265625,1.4,6177.7578125,395.06561594322886,1.2959872470237315,111.6,-7.0625,1112.9453125,,,,2.485319534282018,25.4296875,219.13671875,1.3,6181.00390625,395.85812646343055,1.2933926722034812,120.3,10.6484375,1124.99609375,,,,,,,2.7,6164.7265625
1024,360.215216404044,2.842744985129684,0.7,0.015625,1125.01171875,115.5,27.61328125,359.76953125,,,,2.8,6475.015625,409.2495730540606,2.5021406677551568,1.1,0.0,1125.01171875,116.8,27.9921875,360.0625,,,,3.1,6476.5859375,336.81929337389664,3.0402058912441134,101.6,14.49609375,1142.15234375,15.8,9.08984375,12.46484375,,,,3.4,6188.69921875,380.0841648007958,2.694140126928687,113.3,27.1953125,1160.84375,5.7,8.22265625,12.09765625,,,,3.3,6185.15625,390.33724693649077,2.623372501693666,117.7,13.41796875,1143.01171875,,,,2.326862859524802,65.6484375,235.1484375,2.1,6206.97265625,391.14472164723765,2.617956841364503,118.0,-2.5,1139.02734375,,,,2.3872395920414644,51.44921875,272.80859375,2.0,6238.36328125,389.1068503858271,2.6316678798757493,123.9,16.3515625,1156.671875,,,,,,,3.2,6238.8828125
2048,371.59914847466894,5.511315105017275,0.5,0.0078125,1156.6796875,117.6,40.6171875,372.7578125,,,,3.2,6517.19921875,432.6251472811267,4.733890327159315,0.6,0.0,1156.6796875,119.7,40.4453125,372.60546875,,,,3.6,6506.48828125,348.1020286307926,5.8833325621671975,100.3,16.3671875,1173.05859375,18.7,19.51171875,23.38671875,,,,3.5,6244.09375,399.1900885002183,5.1303879003971815,115.0,16.96484375,1174.66015625,6.9,16.390625,20.265625,,,,3.5,6296.53515625,417.0946994760943,4.910155901219696,120.2,35.5390625,1194.8359375,,,,2.4506135986733004,110.20703125,280.69140625,2.6,6316.8359375,417.35365992025856,4.907109237741679,120.5,20.85546875,1198.21875,,,,2.4641360008292734,36.96484375,288.27734375,2.6,6349.30859375,411.45987391220564,4.977399085182697,127.6,23.296875,1204.3359375,,,,,,,3.5,6277.984375
4096,365.65573849116333,11.20179329579696,0.3,0.0234375,1204.359375,118.3,55.55078125,388.01953125,,,,3.4,6610.19921875,432.7742869375245,9.46451793378219,0.3,0.0,1204.359375,121.9,56.44921875,388.57421875,,,,3.6,6592.15625,341.6179909387535,11.990000844933093,98.9,27.69140625,1232.05078125,21.0,22.85546875,26.1640625,,,,3.9,6362.484375,399.32272350938587,10.257367684971541,115.2,35.125,1233.3515625,7.7,27.51171875,31.38671875,,,,3.7,6300.53515625,419.3242138097112,9.768097965978086,121.8,65.078125,1264.60546875,,,,2.4307618118146848,205.3671875,378.9140625,3.2,6627.30078125,420.5953647183828,9.738576179370284,122.1,4.171875,1233.859375,,,,2.5070388097572227,36.6953125,366.46484375,3.3,6602.09375,418.3473325740137,9.790907413698733,129.9,67.12109375,1269.390625,,,,,,,3.8,6398.8515625
32,791.0996369375291,0.040450024884194136,13.0,0.0,815.359375,37.3,2.953125,335.20703125,,,,3.1,6195.06640625,821.2004198383265,0.03896734490990639,13.1,0.0,815.359375,31.5,3.09765625,335.0625,,,,1.5,6204.3671875,640.6690001665081,0.04994778893887997,53.8,4.57421875,1023.4609375,0.0,2.58203125,6.45703125,,,,1.8,6143.66796875,654.3451427438803,0.04890385502949357,60.0,1.72265625,1029.7109375,0.0,1.63671875,5.51171875,,,,1.0,6155.390625,463.53836731289255,0.0690341992303729,48.1,1.62109375,1034.73828125,,,,1.8153481111458007,12.25,190.109375,0.3,6122.0859375,445.74910121553114,0.07178926421329379,47.5,0.80859375,1036.7578125,,,,1.9344796380090499,11.5859375,192.125,0.3,6128.39453125,600.1626017756931,0.05331888375803828,58.1,5.83984375,1058.98828125,,,,,,,1.1,6145.31640625
64,352.58176738338767,0.18151817796751857,3.3,0.0,1060.48828125,71.9,6.0390625,338.01171875,,,,1.2,6463.1328125,370.4485703605896,0.17276352271437645,6.9,0.0,1060.48828125,70.5,6.0,337.8671875,,,,2.0,6511.97265625,324.6402783934412,0.1971412799321115,79.1,2.734375,1065.1640625,3.2,2.3828125,5.94140625,,,,1.9,6208.5234375,341.9966572110324,0.18713633203879,78.4,1.36328125,1066.54296875,0.0,2.05078125,5.92578125,,,,1.5,6196.23828125,309.4207362915647,0.20683810906484723,70.6,1.703125,1068.28515625,,,,1.9029080118694364,13.19140625,194.99609375,0.4,6156.74609375,305.7613552581942,0.2093135672621429,73.0,1.13671875,1069.45703125,,,,2.0559300873907613,12.74609375,198.5859375,0.5,6134.83984375,338.16076294924216,0.18925909511744976,84.2,4.703125,1075.63671875,,,,,,,1.3,6135.984375
128,370.42197884606765,0.3455518498085439,4.3,0.0,1075.63671875,87.0,9.4140625,341.5,,,,1.5,6464.47265625,404.25840906653684,0.3166291587986052,4.6,0.0,1075.63671875,88.5,9.3125,341.21875,,,,2.3,6477.0390625,347.5649914201131,0.3682764465920627,90.3,3.30078125,1079.77734375,6.2,3.15234375,6.51953125,,,,2.2,6157.95703125,372.06737457282924,0.34402371384203434,95.1,2.83984375,1081.046875,2.2,2.50390625,6.37890625,,,,1.8,6133.0390625,356.39618224952835,0.3591508730314672,91.9,1.98828125,1081.4375,,,,2.1311190884969564,13.64453125,198.55078125,0.6,6131.4765625,353.98925326392606,0.36159289814531803,93.5,3.40625,1083.59375,,,,2.0855706479313034,14.43359375,199.25,0.6,6126.78515625,371.4637646156202,0.3445827350951731,96.9,5.98828125,1088.703125,,,,,,,1.5,6134.80859375
256,395.31445024824956,0.6475857379846275,2.6,0.0078125,1088.7109375,100.9,13.3125,345.31640625,,,,1.8,6458.3515625,439.33388692573646,0.5827003279700875,2.8,0.0,1088.7109375,100.3,12.6875,344.6015625,,,,2.5,6486.51953125,366.2378410017882,0.6989993150345981,94.1,3.68359375,1090.9453125,11.0,5.6796875,9.046875,,,,2.4,6148.5859375,403.8139814996478,0.6339552658610046,102.2,5.68359375,1097.58984375,4.0,3.2265625,7.1015625,,,,2.4,6149.953125,399.66496826275693,0.6405365001410246,102.7,5.9140625,1098.265625,,,,2.3462505851146824,24.87109375,209.296875,0.9,6150.71875,397.56655587565143,0.6439173421822488,103.4,2.48828125,1100.75390625,,,,2.41072332448055,14.49609375,212.8359375,0.8,6154.2890625,408.23436540901884,0.6270907637663186,112.5,7.11328125,1102.5078125,,,,,,,2.0,6149.82421875
512,388.2458428104998,1.3187520471401513,1.4,0.0078125,1102.515625,110.8,21.125,353.2109375,,,,2.2,6482.7109375,438.72592706858603,1.1670155976898968,1.6,0.0,1102.515625,111.4,21.04296875,352.9921875,,,,3.0,6592.29296875,361.06693922191454,1.4180196090601385,99.5,4.96875,1110.8984375,14.3,6.9453125,10.3125,,,,3.0,6157.00390625,403.1473434802776,1.2700071283616126,109.4,13.8203125,1120.50390625,5.0,5.0078125,8.8828125,,,,2.6,6180.58203125,410.8133534320604,1.2463080757297575,112.0,10.63671875,1118.796875,,,,2.4888701161562827,36.93359375,218.79296875,1.4,6180.37109375,410.41390396352085,1.2475210879929364,112.6,3.546875,1122.34765625,,,,2.533954958514421,38.18359375,244.72265625,1.4,6202.7890625,414.0517221223176,1.236560489051044,120.1,10.58203125,1122.62109375,,,,,,,2.6,6199.1875
1024,372.49448041212435,2.749034022912383,0.7,0.00390625,1122.625,114.8,27.01171875,359.22265625,,,,2.8,6551.6015625,422.6671085305032,2.422710401006043,0.8,0.0,1122.625,117.7,27.31640625,359.2265625,,,,3.3,6546.53515625,346.5989908919182,2.954422912094742,100.8,14.94140625,1141.13671875,16.3,9.06640625,12.43359375,,,,3.4,6249.96875,390.1761427846045,2.624455695040524,112.9,26.609375,1159.28515625,5.8,8.26953125,12.14453125,,,,3.2,6264.56640625,401.5355083440263,2.550210326910019,117.2,22.96484375,1152.51953125,,,,2.4961852861035423,58.05078125,236.875,2.0,6273.8515625,403.60244781807694,2.537150122690946,116.3,12.32421875,1164.29296875,,,,2.47515006412997,39.2890625,259.70703125,1.9,6311.26171875,398.74600569787765,2.5680508026853204,124.2,18.05859375,1151.33984375,,,,,,,3.1,6274.44140625
2048,359.18200135269353,5.701844725757837,0.5,1.03515625,1152.375,116.8,42.48046875,374.62890625,,,,3.2,6577.75390625,413.6029407556266,4.951608893927187,0.4,0.0,1152.375,120.1,42.34375,374.25390625,,,,3.5,6557.64453125,336.3109830838953,6.089601895306259,100.5,31.40234375,1187.328125,17.9,19.77734375,23.14453125,,,,3.5,6280.98046875,383.9529372473023,5.33398706279695,114.6,5.1484375,1175.52734375,6.4,16.67578125,20.55078125,,,,3.5,6267.38671875,397.7172512905326,5.149386890698224,120.1,35.9921875,1196.09765625,,,,2.334018150992321,110.2578125,290.55859375,2.6,6417.640625,398.0409019455231,5.145199877675623,119.6,13.6328125,1192.1171875,,,,2.4283968856059093,41.38671875,308.4453125,2.5,6397.98828125,397.57264743583374,5.151259809266776,126.5,23.203125,1197.9921875,,,,,,,3.5,6303.65234375
4096,361.9121953367448,11.317662274930626,0.3,0.0,1197.99609375,118.5,55.10546875,387.41015625,,,,3.4,6602.0859375,427.83980580569425,9.573676746338606,0.4,0.0,1197.99609375,121.6,57.65234375,389.63671875,,,,3.7,6614.84375,338.0490895865464,12.116583437658846,98.5,29.95703125,1227.95703125,20.9,22.671875,25.98046875,,,,3.6,6280.48828125,395.48768247501175,10.356833301018924,115.0,34.40234375,1230.046875,7.7,27.3515625,31.2265625,,,,3.6,6325.75390625,415.09065073303657,9.867724056821316,121.5,56.31640625,1254.05078125,,,,2.4237989812469762,204.73046875,387.11328125,3.1,6649.453125,414.807430670228,9.874461490195245,121.1,55.9765625,1276.05859375,,,,2.433768066461819,36.21484375,380.8125,3.0,6623.5078125,414.1567281710343,9.889975754078478,129.9,36.875,1279.2734375,,,,,,,3.8,6387.95703125
32,364.6690150886191,0.08775080600753427,5.0,0.0078125,815.5390625,52.8,4.6328125,336.69921875,,,,3.1,6181.63671875,366.6865405810661,0.0872679972089827,5.0,0.0,815.5390625,48.2,4.5078125,336.4375,,,,1.9,6188.8203125,326.5921687211563,0.09798152884468436,60.3,5.90625,1024.875,0.0,2.7265625,6.6015625,,,,1.9,6162.61328125,334.2399941198216,0.0957395900040865,60.8,2.41015625,1031.58984375,0.0,1.8046875,5.6796875,,,,1.2,6163.87109375,274.8736068212949,0.11641714302822948,55.4,2.44921875,1036.8515625,,,,1.826193971575824,11.77734375,198.13671875,0.4,6160.58984375,274.95910236692896,0.11638094438239932,59.8,1.05078125,1040.22265625,,,,1.813200062470717,11.65625,200.58984375,0.3,6167.80078125,315.1334163658733,0.10154429310932755,68.2,6.4765625,1064.7265625,,,,,,,1.3,6173.26953125
64,349.45270753806375,0.18314352305606008,6.6,0.0,1062.3359375,68.2,5.80078125,338.02734375,,,,1.2,6478.15625,372.31483380368013,0.17189752915874124,6.9,0.0,1062.3359375,67.3,5.7265625,337.65625,,,,2.0,6491.98828125,325.74233394633114,0.19647430907934904,79.3,1.29296875,1067.91015625,3.2,2.41015625,5.77734375,,,,1.8,6200.6484375,342.46726908938655,0.18687917292118073,81.7,0.65234375,1068.578125,0.0,2.0390625,5.9140625,,,,1.4,6200.734375,311.625335538571,0.20537482900545,73.9,0.90234375,1071.27734375,,,,1.9224477052763034,13.046875,203.39453125,0.4,6185.32421875,305.5656419091485,0.20944763161242008,76.1,0.52734375,1071.82421875,,,,2.0682536707278976,9.59765625,203.6328125,0.4,6169.8828125,337.73861337810627,0.18949565570801497,84.2,4.375,1077.6875,,,,,,,1.3,6165.92578125
128,469.9127802108142,0.27239097421988845,5.1,0.0,1073.35546875,85.4,8.1171875,340.19921875,,,,1.4,6463.8046875,524.0920572572797,0.2442319020628929,5.5,0.0,1073.35546875,86.8,8.25,340.20703125,,,,5.8,6519.80859375,433.6356278628138,0.2951786979101598,87.0,2.51953125,1080.42578125,7.2,2.9921875,6.359375,,,,2.0,6194.171875,468.7130280775684,0.2730882060714066,89.3,1.96484375,1080.90625,2.5,2.40625,6.28125,,,,1.6,6186.2109375,452.112211032771,0.2831155559979379,89.4,0.75,1080.1796875,,,,2.097161592505855,9.390625,202.1015625,0.6,6187.5703125,444.09738382077677,0.2882250710390508,85.8,0.5234375,1080.703125,,,,2.1074742428972835,15.71484375,207.71875,0.5,6181.38671875,478.43160026908083,0.2675408562645316,98.1,5.19140625,1087.32421875,,,,,,,1.6,6180.0390625
256,411.2023720478009,0.6225645020604134,2.7,0.01171875,1083.296875,101.6,13.9765625,346.015625,,,,1.8,6495.109375,457.79266992343906,0.5592051092535257,2.9,0.0,1083.296875,103.7,14.0859375,346.0390625,,,,2.5,6529.76171875,379.4953963432648,0.6745799882337451,97.0,4.4375,1092.546875,11.3,5.66796875,9.03515625,,,,2.5,6236.953125,420.7802844174304,0.6083935238420963,103.0,6.30078125,1096.73046875,4.1,3.2578125,7.1328125,,,,2.3,6234.734375,416.82225254565196,0.6141706649214029,104.9,4.0234375,1095.26171875,,,,2.3345170853487285,25.5390625,213.8828125,0.9,6219.34765625,414.1336978721943,0.6181578589603305,104.3,1.69140625,1094.23046875,,,,2.4111732541790345,16.8203125,218.94140625,0.8,6208.03125,422.95931251687097,0.605259164236486,114.4,8.08984375,1103.75,,,,,,,2.0,6215.60546875
512,356.7369608898244,1.4352311538532376,1.3,0.00390625,1103.75390625,110.8,21.640625,353.6484375,,,,2.4,6505.23828125,397.4895475592796,1.2880841852165759,1.4,0.0,1103.75390625,111.0,21.65234375,353.52734375,,,,2.9,6524.52734375,332.95232052852225,1.5377577161416411,100.2,4.90234375,1110.3203125,13.3,6.95703125,10.32421875,,,,3.0,6163.16015625,370.0082767321023,1.3837528298608959,109.7,15.2890625,1122.8671875,4.7,5.00390625,8.87890625,,,,3.0,6166.484375,376.187879368805,1.3610220532864332,112.1,12.1953125,1122.8984375,,,,2.422644357780853,34.984375,225.55859375,1.5,6186.3359375,375.8495976721475,1.362247034907341,112.0,13.140625,1124.9296875,,,,2.4257688442211056,19.859375,233.3125,1.4,6213.72265625,376.4121300146079,1.360211213119328,119.5,10.71484375,1124.36328125,,,,,,,2.7,6202.16796875
1024,377.68006759358167,2.7112894956953824,0.7,0.01171875,1124.375,114.9,26.49609375,358.68359375,,,,2.7,6517.13671875,428.73715072789497,2.388409771025181,1.2,0.0,1124.375,116.9,25.7109375,357.58984375,,,,3.2,6517.921875,351.2230997244687,2.915525774937123,100.1,15.9921875,1140.796875,16.5,8.5625,12.4375,,,,3.3,6223.02734375,397.0052260079684,2.5793111347593367,112.2,26.390625,1158.76953125,5.9,8.12890625,12.00390625,,,,3.1,6243.859375,410.8539125011318,2.4923700829967856,116.3,25.3671875,1151.9765625,,,,2.416265560165975,66.08984375,253.74609375,2.0,6291.56640625,408.91918685177956,2.5041622719727457,117.0,-13.3984375,1137.08984375,,,,2.3932712857635297,60.0625,297.0078125,1.9,6328.58203125,410.4572399458471,2.494778749998659,123.1,15.7265625,1154.109375,,,,,,,3.1,6293.328125
2048,375.98832929521865,5.4469775799661875,0.4,0.0078125,1154.1171875,116.8,40.57421875,372.65625,,,,3.1,6567.4140625,437.3137560807222,4.6831364701502025,0.6,0.0,1154.1171875,120.6,41.27734375,373.16015625,,,,3.5,6554.171875,351.3474306405121,5.828988122288138,99.8,13.96875,1168.09765625,18.8,19.5234375,22.890625,,,,3.5,6259.08984375,403.5507603252408,5.074950170703232,114.1,17.125,1169.8203125,6.7,16.27734375,20.15234375,,,,3.6,6262.5703125,420.5834379567561,4.869426171295345,120.4,41.1171875,1195.53515625,,,,2.3888442053585415,114.76953125,300.1328125,2.5,6379.75390625,421.4280729017636,4.859666765667498,120.7,11.5859375,1189.625,,,,2.479489699884973,32.6015625,303.58203125,2.6,6372.1875,418.04370735770146,4.899009275715798,127.4,23.65234375,1196.14453125,,,,,,,3.6,6321.09765625
4096,361.1733164942263,11.34081564983353,0.3,0.25390625,1196.40234375,118.0,54.89453125,387.0859375,,,,3.5,6584.8125,426.9129976898972,9.594460749998689,0.3,0.0,1196.40234375,121.8,56.15625,388.0703125,,,,3.7,6604.83984375,337.57280695233675,12.13367876689881,98.6,35.35546875,1231.7578125,20.9,22.578125,25.88671875,,,,3.6,6339.77734375,395.32847962791357,10.361004104372114,115.1,29.9921875,1227.90234375,7.6,27.27734375,31.15234375,,,,3.7,6298.95703125,415.3754390325982,9.860958581324667,121.6,60.76171875,1254.81640625,,,,2.419185798412563,200.328125,386.48828125,3.2,6621.67578125,415.9198641558846,9.848050917964429,121.7,48.609375,1268.47265625,,,,2.4532268097126715,56.39453125,384.234375,3.0,6604.2421875,413.6967195089323,9.900972879026085,129.6,37.0390625,1271.8515625,,,,,,,3.8,6344.3671875
32,365.93417983591996,0.08744742022827268,5.0,0.00390625,815.19140625,53.0,4.26171875,336.88671875,,,,3.0,6179.453125,368.30546913668314,0.08688440080732107,5.0,0.0,815.19140625,53.1,3.75390625,336.06640625,,,,1.9,6178.734375,327.4471874030832,0.09772568289190531,65.1,5.7890625,1024.70703125,0.0,2.609375,6.484375,,,,1.8,6081.921875,334.0886315593852,0.09578296588733792,60.8,2.37109375,1031.625,0.0,1.73828125,5.61328125,,,,1.2,6082.67578125,273.4893250636409,0.11700639501214027,63.8,2.49609375,1036.4765625,,,,1.8420973782771535,11.5,199.1328125,0.4,6092.48828125,269.60577993683575,0.11869181739166379,54.9,0.77734375,1038.70703125,,,,1.836052467207995,11.03125,201.2890625,0.3,6085.9140625,317.52887580697745,0.10077823605388403,72.8,6.02734375,1061.203125,,,,,,,1.3,6093.39453125
64,360.7570024460871,0.17740473384037614,3.4,0.0,1062.703125,69.4,5.71875,338.328125,,,,1.3,6413.46875,380.7493762501208,0.1680895728059113,3.5,0.0,1062.703125,68.3,5.51171875,337.76171875,,,,2.0,6473.43359375,332.86045783943507,0.19227276323363185,73.9,2.94921875,1066.69921875,3.2,2.40234375,5.76953125,,,,1.9,6122.44140625,350.17311476827274,0.18276674393564463,76.2,1.9453125,1067.66015625,0.0,2.0546875,5.9296875,,,,1.4,6114.0859375,320.13119038808287,0.19991803960874677,72.1,3.33984375,1068.35546875,,,,1.9113581017795818,13.79296875,203.37890625,0.4,6110.2734375,296.00222916530964,0.21621458791196346,71.6,2.86328125,1070.01953125,,,,1.9271433031532936,11.984375,206.12890625,0.4,6116.60546875,344.36242440750004,0.18585070688277483,85.2,4.859375,1074.484375,,,,,,,1.4,6122.28515625
128,400.15776966758534,0.31987383402884007,4.6,0.046875,1074.53125,87.5,8.33203125,340.76171875,,,,1.4,6447.07421875,440.20115261419187,0.2907761582173407,4.9,0.0,1074.53125,86.6,7.99609375,340.24609375,,,,2.3,6452.94921875,375.5433300624965,0.3408394977450371,87.0,2.87890625,1079.4375,6.5,3.02734375,6.39453125,,,,2.0,6127.4609375,401.800904638939,0.318565733730793,93.7,2.55078125,1079.71484375,2.3,2.44140625,6.31640625,,,,1.8,6122.99609375,387.8709917260595,0.3300066329538822,91.2,1.60546875,1079.10546875,,,,2.0735860240212136,12.82421875,207.1171875,0.6,6133.23828125,383.51795506736227,0.333752301055938,88.3,2.625,1080.7421875,,,,2.1738723271421883,17.1484375,208.421875,0.6,6131.19140625,402.92836361114047,0.31767433509230614,98.2,5.40234375,1085.5625,,,,,,,1.6,6144.03125
256,363.0234074000711,0.7051886869594455,2.4,0.0,1085.5625,103.6,14.41015625,346.8359375,,,,1.9,6489.3671875,398.5034104728252,0.6424035360105336,2.6,0.0,1085.5625,101.6,14.47265625,346.73828125,,,,2.4,6529.7890625,338.08401375580706,0.7572082369588315,97.0,4.58203125,1092.40234375,10.3,5.7265625,9.09375,,,,2.4,6212.65625,369.3464983099108,0.6931160879321396,104.6,6.921875,1097.19921875,3.7,3.3203125,7.1953125,,,,2.1,6212.2265625,369.46813577418385,0.6928878980688751,104.6,5.58203125,1097.32421875,,,,2.2460433900421415,24.1796875,217.77734375,1.0,6186.4375,365.75912353781047,0.6999141881242394,102.4,4.0546875,1101.37890625,,,,2.3614861067748985,24.9453125,226.73828125,0.9,6193.14453125,357.03755754893416,0.7170114028267562,106.3,8.0703125,1103.9375,,,,,,,2.2,6189.3515625
512,367.56360160815984,1.3929562061093748,1.3,0.01171875,1103.94921875,109.9,21.9921875,354.390625,,,,2.4,6515.16796875,411.17579895236895,1.2452094731852412,1.5,0.0,1103.94921875,110.1,22.04296875,354.3359375,,,,2.8,6514.6640625,341.5609106461709,1.4990005707368255,98.8,5.25390625,1113.30078125,13.6,6.84765625,10.21484375,,,,2.9,6202.6875,380.20275809373305,1.3466498837806284,109.8,13.4296875,1122.49609375,4.8,5.01171875,8.88671875,,,,2.7,6196.4921875,389.0261917253322,1.3161067580804229,112.8,10.4453125,1121.0625,,,,2.3459700345754895,39.453125,228.6015625,1.5,6217.66015625,387.19078917146015,1.3223455059342086,112.3,4.21484375,1125.25390625,,,,2.3784281150159745,32.2890625,248.74609375,1.4,6225.73046875,388.6480356963949,1.3173873350024223,119.6,10.8125,1125.03125,,,,,,,2.6,6217.4140625
1024,366.04136801519144,2.7974980138242245,1.0,0.01171875,1125.04296875,115.3,26.953125,359.5859375,,,,2.8,6558.23828125,416.0621070783605,2.4611710188910365,0.8,0.0,1125.04296875,117.1,27.34375,359.5546875,,,,3.4,6559.0859375,341.9886401013645,2.994251504074782,101.4,16.19140625,1143.07421875,16.0,9.109375,12.4765625,,,,4.3,6268.6953125,386.47050646423907,2.6496200431138277,113.7,26.85546875,1161.43359375,5.8,8.3515625,12.2265625,,,,3.2,6290.7265625,396.19361229577675,2.584594925865531,116.8,15.77734375,1146.0859375,,,,2.4424820599409034,29.76953125,220.4921875,1.9,6274.71484375,397.572670688753,2.5756297539919615,117.2,-4.78125,1139.7421875,,,,2.438829697277186,54.109375,260.140625,1.9,6309.828125,395.6035822269965,2.588449766393751,124.3,15.921875,1156.95703125,,,,,,,3.1,6304.1640625
2048,385.05144324973355,5.318769831676036,0.6,0.01171875,1156.96875,117.7,39.7734375,372.23046875,,,,3.1,6604.21484375,450.0350720353381,4.550756434909999,0.4,0.0,1156.96875,120.8,40.01953125,372.26953125,,,,3.6,6558.9296875,358.5081959471818,5.712561171967536,99.6,16.0078125,1173.78515625,19.2,19.51953125,22.88671875,,,,3.5,6267.234375,413.5039340580941,4.952794475015253,115.1,16.1484375,1174.13671875,7.1,16.296875,20.171875,,,,3.5,6275.6484375,433.45084279586735,4.724872575607151,120.3,29.71484375,1190.046875,,,,2.5807761066209927,98.51953125,286.4140625,2.5,6402.72265625,432.8699379180524,4.73121328279376,120.4,15.66796875,1188.25,,,,2.5529553833823138,66.25390625,321.55859375,2.5,6345.6484375,432.42692024690245,4.736060370225459,128.4,24.6015625,1195.625,,,,,,,3.6,6364.2109375
4096,360.4997121229583,11.362006299197674,0.3,2.53515625,1198.1640625,118.2,55.296875,387.89453125,,,,3.4,6618.93359375,425.69588192670165,9.621892468072474,0.3,0.1171875,1198.28125,121.8,55.109375,387.3984375,,,,3.7,6594.80859375,337.70170760532113,12.129047344904393,98.5,33.09765625,1231.37890625,20.7,22.625,25.93359375,,,,3.6,6282.59375,393.6467860268856,10.40526722278446,114.8,35.546875,1233.0703125,7.6,27.28125,31.34375,,,,3.6,6390.85546875,414.08264103856186,9.891745255794376,121.6,67.41015625,1266.62109375,,,,2.4068892994173656,193.3125,381.32421875,3.0,6655.796875,414.72790815159493,9.876354881096631,121.3,1.96875,1233.62890625,,,,2.460266469702565,40.09765625,379.0234375,3.2,6500.2265625,408.2104536947639,10.034039949066937,129.0,67.0234375,1269.83984375,,,,,,,3.8,6357.64453125
32,369.95520281056116,0.08649695897474885,10.0,0.00390625,815.625,48.4,3.796875,335.91015625,,,,3.1,6215.3046875,373.8578024611401,0.08559404080733657,10.0,0.0,815.62890625,48.6,3.7109375,335.68359375,,,,1.8,6204.5,333.24812004099914,0.09602454770356417,60.9,5.25390625,1023.99609375,0.0,2.57421875,6.45703125,,,,1.9,6169.84765625,339.00801354053306,0.09439304890111089,61.2,2.18359375,1030.73046875,0.0,1.65625,5.71875,,,,1.2,6184.1640625,281.7974778277579,0.11355672962963581,56.1,2.1328125,1036.08984375,,,,1.8367020612117428,11.15234375,201.28125,0.4,6191.28515625,274.9613522151703,0.11637999210506678,55.5,0.84765625,1037.88671875,,,,1.8949156777014364,11.1328125,203.5546875,0.4,6190.54296875,322.70503685068815,0.09916176181286573,64.3,6.078125,1060.4296875,,,,,,,1.2,6201.97265625
64,351.2402126491498,0.18221148289740086,6.6,0.0,1061.9296875,71.6,6.4921875,338.65625,,,,1.3,6458.37109375,369.4700524446087,0.1732210759073496,10.3,0.0,1061.9296875,73.8,6.6015625,338.59375,,,,1.9,6477.70703125,324.91730998825665,0.19697319297119975,79.1,3.3828125,1065.71484375,3.2,2.3828125,5.75,,,,1.8,6161.72265625,341.92354568619845,0.18717634631320834,81.6,2.67578125,1065.89453125,3.3,2.04296875,5.91796875,,,,1.4,6157.55859375,310.1858497996729,0.20632791612297297,73.7,2.8828125,1067.3828125,,,,1.9767878882472296,11.4140625,204.46484375,0.5,6140.8203125,304.1272362270997,0.21043823892250657,72.8,2.37109375,1069.1171875,,,,1.9586577181208054,12.83984375,208.109375,0.5,6145.13671875,335.22657251417814,0.19091565301641822,83.8,4.9296875,1073.90234375,,,,,,,1.5,6155.53515625
128,344.45820497114244,0.37159805791452527,4.1,0.00390625,1073.90625,90.5,9.7890625,341.984375,,,,1.6,6459.4921875,375.7506787885586,0.34065141389146447,4.4,0.0,1073.90625,88.1,9.3046875,341.328125,,,,2.2,6472.03515625,323.76375792110207,0.39534999476745725,89.4,4.828125,1079.51953125,5.8,3.078125,6.4453125,,,,2.2,6151.58984375,346.01242889683425,0.3699289080686867,91.9,4.69921875,1080.546875,2.0,2.5,6.375,,,,1.7,6146.4609375,334.59583923034893,0.38255108101293445,91.6,3.3125,1080.21875,,,,2.0779272670516624,16.04296875,208.91015625,0.6,6149.15625,332.09693370046097,0.38542963517829776,89.1,4.29296875,1082.234375,,,,2.055743950039032,15.41015625,212.234375,0.6,6158.171875,345.502362782556,0.37047503516077995,99.9,6.390625,1086.734375,,,,,,,1.7,6161.8203125
256,374.34191940664067,0.6838667718693614,2.5,0.0,1086.7421875,103.8,13.96875,346.0859375,,,,1.8,6484.01953125,411.80575881719955,0.6216523069888353,2.7,0.0,1086.7421875,103.1,14.17578125,346.13671875,,,,2.7,6489.81640625,348.45927477857083,0.7346626091748476,97.2,2.15625,1090.75390625,10.5,5.66015625,9.02734375,,,,2.6,6177.9375,381.6354248816482,0.670797266997397,103.8,7.51953125,1097.62890625,3.8,3.3046875,7.1796875,,,,2.2,6183.8046875,381.21351585171453,0.6715396735817194,104.9,4.6171875,1096.921875,,,,2.3704,20.67578125,214.33203125,0.9,6172.734375,379.2680880557073,0.6749842870049179,104.4,-3.7265625,1093.20703125,,,,2.3331063563954397,22.01171875,225.69921875,0.9,6175.06640625,387.30022295357617,0.6609859350137413,112.7,7.87109375,1102.53125,,,,,,,2.1,6186.12890625
512,377.5551659518181,1.3560932180844247,1.4,0.0078125,1102.5390625,110.7,21.76953125,353.87109375,,,,2.2,6506.3203125,424.3189533720374,1.2066394770517945,1.5,0.0,1102.5390625,110.3,22.0625,354.01171875,,,,2.8,6501.91015625,350.7882607504558,1.4595699380151927,98.1,5.421875,1109.0,13.9,6.796875,10.1640625,,,,3.0,6214.9375,391.9692734931802,1.306224836036563,109.4,16.7890625,1123.02734375,4.9,4.94140625,9.00390625,,,,2.7,6208.76171875,397.85859454527343,1.2868893798440695,111.6,9.86328125,1117.8828125,,,,2.495833766233766,34.0390625,224.9765625,1.4,6224.4765625,399.0667956974559,1.2829932370223105,111.9,-4.99609375,1112.703125,,,,2.427457098283931,34.35546875,247.85546875,1.3,6229.48046875,400.86495781729354,1.2772381072863936,118.8,11.74609375,1125.87109375,,,,,,,2.6,6238.00390625
1024,372.4278288582792,2.7495260038413107,0.7,0.0078125,1125.87890625,115.1,27.7578125,359.859375,,,,2.7,6560.93359375,423.03990653948017,2.4205754213035107,0.8,0.0,1125.87890625,117.0,27.89453125,359.87890625,,,,3.2,6566.65625,346.43233097831296,2.9558442109264433,100.8,9.5390625,1137.47265625,15.9,9.14453125,12.51171875,,,,3.3,6229.7109375,390.89107371291556,2.619655624963343,113.5,32.6484375,1163.14453125,5.8,8.2734375,12.1484375,,,,3.1,6242.0234375,402.8672950334604,2.541779917664826,117.9,16.23828125,1148.34765625,,,,2.4128534879754393,59.61328125,252.92578125,2.1,6286.2890625,404.3219425655616,2.5326352398842573,117.2,-5.94921875,1141.3984375,,,,2.488058833589875,39.52734375,275.9453125,1.9,6326.43359375,402.2144939982172,2.5459052701480687,123.7,15.31640625,1158.0,,,,,,,3.1,6275.2265625
2048,370.37593883168387,5.529516864567995,0.5,0.015625,1158.015625,117.7,42.77734375,374.9453125,,,,3.6,6590.125,429.2680585471326,4.770911693107337,0.4,0.0,1158.015625,120.3,42.83984375,374.86328125,,,,3.5,6618.72265625,345.4856333306567,5.927887594792992,100.8,15.89453125,1173.921875,18.3,19.7890625,23.15625,,,,3.5,6272.515625,397.2627262015299,5.155278522055596,115.2,16.640625,1175.125,6.6,16.56640625,20.640625,,,,3.5,6268.390625,412.2096487311722,4.968345613218844,120.2,34.1171875,1195.41015625,,,,2.520726824761318,50.14453125,238.75,2.6,6350.6015625,413.9437490981348,4.9475321331992745,120.2,15.48828125,1193.07421875,,,,2.4161484536082476,85.14453125,304.34375,3.1,6412.9765625,410.0416790273587,4.9946142178960145,127.6,23.1015625,1198.72265625,,,,,,,3.6,6345.81640625
4096,367.93964842702013,11.132260460406542,0.3,2.4296875,1201.15234375,118.8,55.390625,387.515625,,,,3.4,6693.953125,436.7167420584942,9.379077112302184,0.4,0.0,1201.15234375,122.5,56.69140625,388.65234375,,,,3.7,6659.05078125,344.4101066669311,11.892798500135541,98.3,31.984375,1233.140625,21.2,22.546875,25.85546875,,,,3.6,6337.94921875,403.8080889981853,10.143432267941535,115.9,32.1484375,1231.4140625,7.8,27.40234375,31.27734375,,,,3.7,6372.01171875,426.3383635218401,9.607392509002239,122.2,60.08203125,1257.62109375,,,,2.4704559359067737,192.6484375,382.25,3.2,6560.8359375,424.2209752063118,9.655345302075148,121.9,49.23828125,1271.8828125,,,,2.5241780642913145,38.5390625,381.140625,3.0,6601.07421875,422.27130521446423,9.699925023131073,130.1,36.3984375,1274.578125,,,,,,,3.8,6408.5859375
32,576.8614101314978,0.05547259608283639,11.8,0.00390625,815.109375,39.8,3.53515625,335.95703125,,,,3.1,6208.296875,583.1848364949259,0.054871111176908016,11.8,0.0,815.109375,34.3,3.2734375,335.453125,,,,1.7,6355.75390625,491.2037212253267,0.06514608627185225,60.2,5.05859375,1023.859375,0.0,2.56640625,6.44140625,,,,1.8,6082.6875,499.37746468490786,0.06407978385686874,54.9,1.953125,1030.76171875,0.0,1.69921875,5.57421875,,,,1.0,6092.18359375,393.6023772848185,0.08130032196640968,45.1,1.60546875,1035.98828125,,,,1.81481504604339,11.296875,202.37109375,0.3,6093.83203125,371.3878038116017,0.08616330334916711,49.0,0.9140625,1038.03515625,,,,1.9163539878258153,10.8828125,204.51171875,0.3,6095.24609375,465.5703575762719,0.0687328982166946,58.6,5.93359375,1060.46875,,,,,,,1.2,6110.625
64,371.7326012698573,0.1721667665988207,6.9,0.0,1061.96875,70.6,6.37109375,338.62890625,,,,1.2,6433.08203125,394.9252315330015,0.16205599159002304,3.6,0.0,1061.96875,69.8,6.16015625,338.24609375,,,,1.9,6648.5234375,340.6202815221793,0.18789251102134585,74.8,3.39453125,1065.72265625,3.2,2.38671875,5.75390625,,,,1.9,6132.7265625,358.5257281419776,0.17850880697369576,77.3,1.16796875,1066.90234375,3.4,2.046875,5.921875,,,,1.4,6133.5234375,329.0831152905645,0.19447974395006895,73.2,1.90625,1068.8515625,,,,1.9996879388360118,11.62109375,206.7109375,0.5,6128.1640625,323.9303233767493,0.19757335260510445,75.7,0.7421875,1069.8984375,,,,1.9607309073871624,13.63671875,210.13671875,0.4,6132.88671875,353.28759065266917,0.1811555279418826,79.7,4.828125,1076.16796875,,,,,,,1.3,6147.46484375
128,371.7987476522265,0.3442722731269896,4.3,0.0,1076.16796875,89.3,9.43359375,341.6796875,,,,1.4,6466.34765625,405.1943100597976,0.31589782191440463,4.6,0.0,1076.16796875,88.6,9.1484375,341.32421875,,,,2.2,6440.55859375,348.63373661593386,0.36714748619124293,88.5,3.5234375,1079.703125,6.2,3.05078125,6.41796875,,,,2.3,6150.640625,371.5124246409292,0.3445376022718847,94.8,4.5625,1079.76953125,2.2,2.47265625,6.34765625,,,,1.8,6153.58984375,360.55161441316733,0.3550115847028792,90.6,4.11328125,1080.25,,,,2.080974238875878,16.6328125,213.625,0.6,6150.9453125,352.6469393489947,0.3629692639224231,91.1,4.5625,1082.921875,,,,2.200374765771393,17.03125,217.26953125,0.6,6164.046875,372.68396138143135,0.3434545439668,101.4,5.94921875,1086.61328125,,,,,,,1.8,6171.60546875
256,380.3614305106855,0.6730440561659634,1.3,0.0078125,1086.62109375,101.5,13.4140625,345.69921875,,,,1.8,6491.5625,419.8030488712642,0.6098097683861852,2.7,0.0,1086.62109375,102.0,13.48828125,345.5859375,,,,2.6,6522.1953125,354.57463521294216,0.7219918589107692,95.0,4.29296875,1092.3125,10.7,5.62109375,8.98828125,,,,2.5,6205.35546875,388.08598952876645,0.6596476216800511,103.9,7.25,1097.453125,3.8,3.2265625,7.1015625,,,,2.3,6201.90234375,386.4343314208805,0.66246702009812,103.5,5.76953125,1096.3515625,,,,2.2753224043715847,24.296875,219.51953125,0.9,6173.6015625,382.78991157416084,0.6687741558998823,103.9,1.3359375,1094.4609375,,,,2.3637759400842566,22.66015625,227.53515625,0.9,6180.4140625,395.8306283486683,0.6467412617057562,110.9,7.36328125,1103.25390625,,,,,,,2.1,6185.96875
512,394.9928223759094,1.2962260856293142,1.4,0.0078125,1103.26171875,110.4,20.828125,353.140625,,,,2.2,6503.1875,446.956323437938,1.1455258000642061,1.6,0.0,1103.26171875,111.7,21.234375,353.40234375,,,,2.9,6554.55078125,367.245148996398,1.3941640928387642,99.1,3.71484375,1108.28515625,14.5,6.76171875,10.33203125,,,,3.0,6175.7890625,411.1391233091879,1.2453205520287156,109.8,13.609375,1120.79296875,5.1,4.90234375,8.78125,,,,2.6,6182.62109375,418.81763652165444,1.222489110659808,113.2,5.43359375,1112.578125,,,,2.4824539877300613,37.3125,228.390625,1.5,6204.71875,416.73012916525,1.228612869977951,112.7,-0.515625,1112.05078125,,,,2.5841909814323607,29.49609375,246.625,1.5,6215.88671875,419.1603405557157,1.22148960782215,120.7,10.66796875,1124.0703125,,,,,,,2.6,6218.1796875
1024,376.78169781495103,2.7177540892735124,0.7,0.00390625,1124.07421875,115.3,27.34375,359.66015625,,,,2.8,6518.19140625,426.98798081641775,2.3981939679943025,0.8,0.0,1124.07421875,118.4,27.9609375,360.06640625,,,,3.3,6518.640625,350.6759526286475,2.9200747651048005,101.3,9.59375,1136.3046875,16.1,9.1015625,12.46875,,,,3.3,6277.734375,395.9727310275302,2.5860366630367935,113.1,30.5703125,1160.18359375,5.9,8.19140625,12.0703125,,,,3.2,6299.15625,407.65473303659684,2.5119296233169734,117.7,19.40234375,1150.390625,,,,2.420199793317258,68.109375,257.72265625,1.9,6311.66015625,409.5208579612372,2.5004831380210817,117.9,-7.1015625,1141.7890625,,,,2.4403276709493835,29.13671875,266.0078125,2.0,6301.88671875,403.9988540281248,2.5346606550738215,125.0,16.12890625,1159.20703125,,,,,,,3.2,6271.57421875
2048,361.4482978008548,5.666093912906945,0.5,0.01171875,1159.21875,117.0,41.19140625,373.40625,,,,3.1,6592.66015625,416.6224565592934,4.915721578989178,0.4,0.0,1159.21875,118.8,41.83984375,374.0546875,,,,3.4,6561.94921875,337.7742982789701,6.063220352865756,100.1,15.59375,1174.82421875,18.1,19.76171875,23.12890625,,,,3.5,6275.0703125,385.78642508466044,5.308636765927076,114.4,16.9609375,1174.86328125,6.6,16.546875,20.62109375,,,,3.5,6297.34765625,402.102641366955,5.093226925935596,119.9,34.37890625,1193.78125,,,,2.3736069201367935,119.078125,309.08984375,2.6,6426.0703125,402.5948576645506,5.086999898310751,119.6,14.828125,1191.125,,,,2.34266371146484,73.3125,363.2890625,2.5,6494.35546875,399.53085137194535,5.1260121539235115,126.3,24.73828125,1198.59765625,,,,,,,3.5,6339.3671875
4096,363.2031221504743,11.277436096221209,0.2,0.2265625,1198.82421875,118.6,55.05078125,387.2890625,,,,3.5,6639.69921875,430.74592411839194,9.5090859150514,0.2,0.0,1198.82421875,121.5,55.80078125,387.9296875,,,,3.7,6632.22265625,340.59171238806204,12.026129383128136,97.8,36.1875,1235.01171875,21.0,22.3984375,25.765625,,,,3.6,6400.8828125,397.92393216689936,10.293424619361758,114.5,69.43359375,1272.1015625,7.8,27.30078125,31.3671875,,,,4.0,6442.1875,419.11373106492266,9.773003594018519,120.9,37.17578125,1275.484375,,,,2.343126525221785,185.671875,376.125,3.1,6687.11328125,419.9720445875905,9.75303011899814,121.1,4.83984375,1245.4140625,,,,2.5584453962687213,49.25390625,389.03125,3.1,6691.41796875,414.67751871806956,9.877555003855377,129.3,62.1640625,1273.96875,,,,,,,3.9,6415.234375
32,575.6304678902806,0.055591220036149025,11.8,0.0,815.14453125,39.8,2.9453125,335.1171875,,,,3.1,6212.18359375,586.7376384636021,0.054538856726139784,11.8,0.0,815.14453125,39.8,2.65625,334.55859375,,,,1.7,6223.63671875,491.7304064370233,0.06507630925625563,60.1,4.59765625,1023.4140625,0.0,2.5390625,6.421875,,,,1.8,6120.78515625,506.63920445007193,0.06316131819039583,49.7,1.7265625,1030.03515625,0.0,1.65625,5.53125,,,,1.0,6119.421875,384.89629848034593,0.08313927706331015,44.7,1.74609375,1035.40234375,,,,1.7683421792069935,11.60546875,205.4609375,0.3,6111.6953125,365.8756800663497,0.08746140217408538,53.5,0.8828125,1037.40234375,,,,1.8766770768269831,10.76171875,207.3046875,0.3,6107.9375,467.53801577355466,0.06844363221898675,58.7,5.66796875,1059.47265625,,,,,,,1.2,6117.78515625
64,426.75676446604353,0.1499683316797018,7.4,0.0,1060.97265625,65.5,5.94140625,337.90234375,,,,1.1,6452.86328125,455.58273045617744,0.14047942496836185,7.7,0.0,1060.97265625,71.5,5.85546875,337.78125,,,,2.0,6471.85546875,385.283704030015,0.1661113598383963,77.1,3.63671875,1065.23828125,3.5,2.359375,5.7265625,,,,2.0,6129.46484375,410.129401621839,0.15604830998927355,72.7,2.89453125,1066.3125,0.0,1.98046875,5.85546875,,,,1.3,6121.359375,371.05699259581235,0.17248024232685566,75.4,2.8125,1067.57421875,,,,1.872282015286227,10.78515625,207.48828125,0.5,6120.5546875,361.14137717866885,0.17721591610461473,74.1,1.5078125,1067.515625,,,,1.8714486199906442,13.4140625,211.82421875,0.5,6121.40625,401.4156700581769,0.15943572903051972,86.1,4.80078125,1073.23046875,,,,,,,1.2,6121.38671875
128,344.5276660868185,0.3715231390669942,4.1,0.0,1073.23046875,90.5,9.421875,341.421875,,,,1.4,6439.546875,372.86056945783827,0.34329186426475644,4.3,0.0,1073.23046875,89.7,9.50390625,341.37890625,,,,2.2,6435.5703125,324.43682222146657,0.39452981669455767,89.6,3.99609375,1079.234375,5.8,3.0390625,6.40625,,,,2.2,6121.32421875,345.5581705850238,0.37041520327329636,91.9,3.625,1080.19140625,2.0,2.421875,6.296875,,,,1.9,6118.0703125,335.4585778194376,0.38156722905114293,89.8,3.578125,1081.125,,,,1.9942152116195533,16.0859375,210.7734375,0.7,6133.91015625,333.2416866586126,0.38410560600459576,91.3,3.71875,1082.4609375,,,,2.0868132896583997,16.59765625,216.50390625,0.6,6126.30859375,344.20792377557666,0.37186825508251786,99.3,5.76171875,1086.796875,,,,,,,1.7,6138.23046875
256,376.16220053672714,0.680557481944561,2.5,0.01171875,1086.80859375,100.5,13.625,345.60546875,,,,1.7,6464.21484375,415.99519601796584,0.6153917219489813,2.7,0.0,1086.80859375,102.4,13.6875,345.58203125,,,,2.6,6527.42578125,351.5557581356469,0.728191742207855,94.4,5.3359375,1092.15234375,10.6,5.64453125,9.01171875,,,,2.5,6233.02734375,385.3291230385725,0.6643671207129955,102.0,6.890625,1096.9296875,3.8,3.25390625,7.12890625,,,,2.3,6165.03515625,377.6509569239504,0.6778746228665113,104.1,7.1953125,1097.265625,,,,2.4174005305039787,22.3828125,219.02734375,1.0,6168.71875,378.39377287680634,0.6765439030714333,102.9,-4.19140625,1093.07421875,,,,2.5638481961580513,24.3359375,233.1875,0.9,6173.8671875,394.28036259803184,0.64928417513147,111.7,7.48828125,1101.9921875,,,,,,,2.1,6185.1328125
512,367.42705563128953,1.3934738668613136,1.3,0.0,1101.9921875,109.9,21.296875,353.515625,,,,2.2,6502.8203125,408.8753322122496,1.2522154301404953,2.2,0.0,1101.9921875,111.1,22.0859375,354.01171875,,,,2.7,6509.55078125,343.013822089482,1.492651219945401,99.2,3.7265625,1108.1171875,13.6,6.91796875,10.28515625,,,,2.9,6184.8984375,379.4513032037122,1.349316752050072,109.6,15.63671875,1121.05859375,4.8,4.984375,8.859375,,,,2.9,6193.4609375,386.44211982209265,1.3249073373153806,112.1,8.60546875,1115.6953125,,,,2.481853321387431,33.83203125,227.33203125,1.4,6185.72265625,386.4378576490899,1.3249219502322376,112.1,8.9921875,1124.6875,,,,2.448578362498403,29.3828125,244.21875,1.4,6214.28125,388.7050526491272,1.3171940948814154,118.9,11.55859375,1122.98046875,,,,,,,2.5,6220.84375
1024,401.5010211184954,2.5504293791018426,0.7,0.01171875,1122.9921875,115.8,26.9296875,358.9609375,,,,2.8,6543.84765625,459.87244627380517,2.2267044009640813,1.3,0.0,1122.9921875,117.7,27.79296875,359.68359375,,,,3.2,6586.07421875,370.5670286421378,2.763332732953131,100.2,6.6953125,1132.73828125,17.3,9.22265625,12.58984375,,,,3.3,6227.5859375,420.98754056134965,2.4323760238476098,113.6,32.19921875,1159.546875,6.3,8.1484375,12.0234375,,,,3.1,6252.34765625,440.0252141009883,2.327139371074736,118.5,27.61328125,1156.26171875,,,,2.5125045306270386,64.2421875,259.39453125,2.0,6259.796875,440.1175165691685,2.326651317998767,118.9,8.91015625,1163.6875,,,,2.5814726151614074,34.1484375,279.49609375,1.8,6332.234375,436.49511182432144,2.3459598338231444,124.8,19.59765625,1153.52734375,,,,,,,3.1,6279.59375
2048,369.30896059675865,5.545492307282984,0.4,0.01171875,1153.5390625,117.4,41.2734375,373.28125,,,,3.1,6603.96875,426.8985990041526,4.7973921787925065,0.4,0.0,1153.5390625,120.2,41.5859375,373.50390625,,,,3.4,6574.76953125,344.27426308381325,5.948745577596128,100.5,31.32421875,1188.3125,18.4,19.75,23.44140625,,,,3.5,6312.44140625,396.3662920547939,5.166937857866287,114.9,0.296875,1171.66796875,6.8,16.640625,20.515625,,,,3.6,6284.6484375,412.5126638188095,4.964696067851037,119.9,38.5,1197.8671875,,,,2.455420325579007,117.375,309.9765625,2.6,6402.8359375,412.7204346691941,4.962196751032025,120.2,9.41796875,1189.80859375,,,,2.433301828641874,53.26953125,343.8203125,2.5,6487.3203125,409.95309121038105,4.995693516917527,127.4,23.08984375,1195.0234375,,,,,,,3.4,6386.7890625
4096,363.62622303928333,11.26431412389502,0.3,2.76953125,1197.796875,118.1,55.73828125,387.796875,,,,3.4,6666.3046875,429.802665718793,9.529954853001982,0.3,0.0,1197.796875,121.5,56.69921875,388.5390625,,,,3.6,6615.953125,340.1948630306359,12.040158289019018,98.3,32.37109375,1230.171875,20.8,22.515625,25.8828125,,,,3.7,6405.24609375,397.5892543966845,10.302089291159064,115.0,36.2109375,1232.55078125,7.8,27.26171875,31.32421875,,,,3.5,6416.03515625,418.56930399802656,9.78571519907564,122.2,54.99609375,1253.71484375,,,,2.4027053361609445,201.05859375,394.203125,3.2,6600.04296875,418.664466391693,9.783490906935185,121.6,49.52734375,1268.296875,,,,2.434862027422408,40.96875,391.9921875,3.0,6686.1640625,416.43842903170196,9.835787752643228,129.8,37.80859375,1272.47265625,,,,,,,3.8,6442.08203125
32,464.99398379679855,0.06881809467449784,10.9,0.0,815.640625,42.3,3.37109375,336.01953125,,,,3.1,6223.3359375,474.71864424075585,0.06740834889933467,11.0,0.0,815.640625,47.9,3.28515625,335.49609375,,,,1.8,6231.8046875,409.3509206013108,0.07817253703251481,61.4,5.1640625,1023.91015625,0.0,2.5859375,6.4609375,,,,1.8,6220.08203125,421.27768878041735,0.07595939887687564,61.8,1.984375,1031.17578125,0.0,1.6875,5.5625,,,,1.0,6222.34765625,331.9353769260447,0.09640430705621839,55.9,2.1328125,1035.94140625,,,,1.843559718969555,6.9375,205.86328125,0.3,6194.453125,322.08615750331757,0.09935229830443859,55.2,0.95703125,1038.46484375,,,,1.8185426743641753,11.2890625,208.2109375,0.3,6187.42578125,370.2006522530488,0.08643960999324918,68.3,6.2109375,1061.109375,,,,,,,5.2,6214.1484375
64,434.14628846841725,0.1474157483316958,3.8,0.0,1062.609375,66.3,5.49609375,337.93359375,,,,3.9,6476.28125,459.5854116514704,0.1392559432424605,7.8,0.0,1062.609375,68.6,5.609375,337.8515625,,,,2.1,6730.8984375,386.7532651416062,0.1654801801778376,73.7,2.1953125,1066.33984375,3.5,2.37109375,5.73828125,,,,1.7,6180.27734375,410.3098792889535,0.1559796710498631,76.3,1.69140625,1067.3359375,0.0,1.9921875,5.8671875,,,,1.4,6183.6875,370.0020340090616,0.1729720220901072,71.9,1.70703125,1068.33203125,,,,1.9754460386774797,12.046875,210.8046875,0.4,6177.16796875,362.8696445086031,0.17637187615036964,71.0,0.8828125,1069.25,,,,2.0069912609238454,13.1640625,214.5078125,0.4,6170.515625,407.794953890083,0.15694161830469966,83.3,4.75390625,1075.6015625,,,,,,,1.4,6177.4453125
128,425.1471481072848,0.3010722300969064,4.8,0.0,1075.6015625,86.7,8.59375,341.01953125,,,,1.4,6492.84765625,472.72715196555316,0.2707692999392748,2.6,0.0,1075.6015625,86.0,8.078125,340.359375,,,,2.1,6551.27734375,393.4193243307139,0.3253525998443365,87.8,3.9140625,1079.51953125,9.0,3.01953125,6.38671875,,,,2.0,6186.9921875,423.9250698220532,0.3019401519559324,92.6,3.87109375,1080.2265625,2.4,2.40234375,6.27734375,,,,1.7,6186.99609375,410.01151776587557,0.3121863519772887,88.0,3.20703125,1080.2890625,,,,2.0944818976279653,16.0859375,217.67578125,0.6,6178.48046875,402.7104154817174,0.31784626143053174,89.1,3.609375,1081.9921875,,,,2.0449133759950056,16.2421875,217.5390625,0.6,6183.49609375,383.89712015136746,0.33342266269028187,92.7,5.37109375,1087.4453125,,,,,,,1.5,6191.92578125
256,396.3360131218441,0.6459165746346116,2.6,0.0,1087.4453125,102.5,12.55078125,344.9296875,,,,1.8,6512.15625,439.1029950858213,0.5830067270435393,2.8,0.0,1087.4453125,103.1,12.73046875,344.99609375,,,,2.5,6498.8046875,365.8442823422006,0.6997512667439878,94.0,3.8046875,1089.8984375,11.0,5.26171875,9.0625,,,,2.5,6219.34765625,403.035080993044,0.635180439800024,102.1,4.30859375,1096.7421875,4.0,3.20703125,7.08203125,,,,2.1,6180.29296875,403.89193624689153,0.6338329068385065,103.6,4.4375,1097.3984375,,,,2.3424359775140537,24.0390625,225.625,0.9,6180.203125,397.3569943242272,0.6442569368518889,103.3,6.1953125,1100.203125,,,,2.349612983770287,17.33203125,231.5546875,0.9,6190.87890625,410.99933310858233,0.6228720569051802,113.1,7.5703125,1103.515625,,,,,,,2.2,6188.22265625
512,396.4540268345704,1.291448605246842,1.4,0.0078125,1103.5234375,112.2,20.6875,353.4765625,,,,2.3,6518.79296875,446.3944094839082,1.1469677691347897,1.6,0.0,1103.5234375,113.1,21.8515625,354.1015625,,,,2.8,6523.35546875,367.84263601112633,1.3918995512649417,98.6,7.5546875,1111.5546875,14.5,6.83203125,10.19921875,,,,2.9,6217.19921875,410.87280997098117,1.2461277251131833,109.8,14.1171875,1121.4453125,5.1,4.953125,8.828125,,,,2.8,6199.078125,420.5735868864589,1.2173850568942726,112.9,8.51171875,1116.26953125,,,,2.5428380366457137,33.6640625,232.8125,1.4,6202.59765625,422.558377655123,1.2116669011302292,114.1,8.44140625,1124.50390625,,,,2.543946344735077,26.55078125,247.84765625,1.3,6218.234375,423.75702952474546,1.2082395437173545,121.2,11.87890625,1122.40234375,,,,,,,2.7,6232.1484375
1024,382.7073571639604,2.675673672929406,0.7,0.015625,1122.421875,114.5,26.5625,359.05859375,,,,2.7,6548.8359375,437.7396648442027,2.3392899530008435,0.8,0.0,1122.421875,118.0,27.0,359.22265625,,,,3.2,6528.62109375,355.26499084737367,2.8823554990813136,99.9,8.5390625,1135.4765625,16.6,9.2421875,12.609375,,,,3.3,6222.16796875,402.6057315674274,2.5434312522411346,113.4,31.1171875,1159.68359375,6.0,8.1796875,12.0546875,,,,3.2,6240.234375,416.8438320565419,2.4565554801374674,117.6,23.2578125,1153.57421875,,,,2.4731616170435693,68.3671875,262.5,2.0,6278.7578125,416.9770331886663,2.4557707463391125,117.6,-12.71875,1140.85546875,,,,2.388701276000699,46.69140625,295.43359375,1.9,6327.6015625,415.9786142385876,2.461665011011064,124.6,14.921875,1157.07421875,,,,,,,3.1,6316.33984375
2048,368.25754187754876,5.56132534192875,0.7,0.01171875,1157.08984375,117.8,41.02734375,373.4375,,,,3.2,6590.0625,425.50567045068567,4.813096845056862,0.4,0.0,1157.08984375,120.4,41.5703125,373.80078125,,,,3.6,6566.44921875,341.94981888145674,5.989182876888663,100.5,30.89453125,1187.99609375,18.3,19.875,23.4453125,,,,3.5,6301.2578125,392.61982650950745,5.216241925954819,115.0,3.05859375,1174.0859375,6.7,16.80078125,20.67578125,,,,3.5,6275.61328125,409.4761906180368,5.001511801965535,120.2,41.109375,1199.7578125,,,,2.495114379084967,116.5,310.80078125,2.6,6412.59375,410.70440243505413,4.986554777249694,120.8,8.23828125,1190.2265625,,,,2.3722212556925757,47.90625,326.03125,2.5,6426.0703125,406.6225872618612,5.036611502058804,127.5,24.1953125,1196.91015625,,,,,,,3.7,6293.69921875
4096,364.7836241730885,11.228574224747717,0.3,2.359375,1199.26953125,118.4,53.859375,386.36328125,,,,3.4,6634.6875,432.7115664794504,9.465889791958034,0.4,0.0,1199.26953125,121.5,55.03515625,387.296875,,,,3.7,6627.97265625,339.6449935976717,12.059650744777173,98.2,65.65625,1264.92578125,21.0,22.46484375,26.0390625,,,,3.6,6403.63671875,397.66471995757865,10.300134244840592,115.2,0.53125,1231.65234375,7.7,27.3828125,31.2578125,,,,3.7,6385.08203125,419.67899865848375,9.75984029006213,121.4,55.83203125,1255.2109375,,,,2.4599683953454967,155.9296875,350.76171875,3.1,6655.90234375,420.312249994499,9.745135908015072,121.6,63.7421875,1284.03125,,,,2.492848024840435,42.171875,364.4140625,3.1,6627.5,417.4573624688698,9.811780479270965,130.1,36.25,1286.6640625,,,,,,,3.8,6431.4921875
32,542.6746820559175,0.058967188000679016,5.8,0.0,815.0234375,39.0,3.19140625,335.5859375,,,,3.0,6185.37890625,526.7809779565549,0.060746308881789446,5.7,0.0,815.0234375,44.2,3.04296875,335.109375,,,,1.8,6178.38671875,474.6896660626715,0.06741246394813061,59.4,4.953125,1023.83203125,0.0,2.58984375,6.46484375,,,,1.7,6102.8671875,480.6664321278267,0.06657423498108983,59.5,1.75,1030.36328125,0.0,1.60546875,5.48046875,,,,1.1,6113.7265625,369.7998556908574,0.08653329499065876,53.6,1.515625,1034.90234375,,,,1.874784778540237,7.60546875,208.12890625,0.3,6108.53125,366.5056488353253,0.08731106901541352,53.5,0.88671875,1037.11328125,,,,1.8724574285267928,11.0546875,210.3203125,0.3,6101.359375,447.77788296381016,0.07146400306373835,57.7,5.83203125,1059.48828125,,,,,,,1.1,6111.33984375
64,351.38870074439643,0.18213448487222195,6.6,0.0,1060.98828125,68.2,5.67578125,337.9296875,,,,1.2,6442.28125,371.1902819137927,0.1724183070473373,6.9,0.0,1060.98828125,70.6,5.48828125,337.58984375,,,,2.0,6490.05859375,324.23810176943795,0.19738580891862512,75.8,2.78515625,1064.87109375,3.2,2.38671875,5.75390625,,,,1.7,6114.9609375,342.46371235444457,0.18688111379742622,81.6,2.2890625,1065.9296875,0.0,1.90625,5.78125,,,,1.6,6113.875,309.7581175506073,0.20661282585933805,73.6,2.9765625,1067.71875,,,,1.9922822354043086,11.37109375,211.76171875,0.4,6124.15625,305.81495652034295,0.20927688013762236,76.0,2.32421875,1068.46875,,,,1.9875577763897565,13.484375,215.75,0.4,6123.453125,340.2237538557851,0.18811149802058935,81.3,4.90625,1073.34765625,,,,,,,1.5,6127.25390625
128,359.5710338064594,0.3559797313064337,4.2,0.0,1073.34765625,89.3,9.0625,341.41015625,,,,1.5,6463.578125,390.4754057843559,0.3278055367991328,4.5,0.0,1073.34765625,88.5,9.609375,341.7421875,,,,2.3,6470.30078125,338.2550535521214,0.37841267604380846,88.4,4.33984375,1079.5703125,8.0,3.12109375,6.48828125,,,,2.2,6235.44921875,362.4382323032364,0.35316362511366606,93.2,2.62109375,1081.546875,2.1,2.4140625,6.2890625,,,,1.7,6240.578125,350.5430587440343,0.3651477238163352,90.8,2.078125,1080.5078125,,,,2.0607520674052116,16.60546875,218.984375,0.7,6254.859375,345.0966777650928,0.37091055419296026,91.7,3.22265625,1082.84375,,,,2.1211742660836976,16.3515625,219.11328125,0.6,6227.71875,362.654329711333,0.35295318299904466,99.4,5.8828125,1088.23046875,,,,,,,1.8,6236.625
256,431.77978918560405,0.5928948190994561,1.4,0.0078125,1088.23828125,101.6,12.8046875,345.046875,,,,3.4,6548.9296875,482.5217678083167,0.5305460128001869,3.1,0.0,1088.23828125,102.2,12.984375,345.06640625,,,,2.5,6527.33203125,396.04914875958474,0.646384421736002,92.7,3.5703125,1094.23828125,11.7,5.6171875,8.984375,,,,2.5,6176.80078125,442.89379172694635,0.5780166820622981,101.7,6.60546875,1098.74609375,4.3,3.21484375,7.08984375,,,,2.1,6184.16796875,437.8559553167399,0.5846671648323536,103.6,5.1796875,1098.7578125,,,,2.34415,23.16015625,220.29296875,0.9,6166.33984375,436.83713120749945,0.58603076916188,103.4,5.765625,1099.7890625,,,,2.2356027482823237,22.43359375,232.703125,0.8,6173.3203125,448.558169775782,0.5707175061106682,112.8,7.39453125,1103.09765625,,,,,,,2.0,6177.2734375
512,372.01515910654996,1.3762880018912256,2.0,0.0078125,1103.10546875,109.8,21.53515625,353.9609375,,,,2.2,6507.7265625,415.9218927962956,1.2310003605671227,1.5,0.0,1103.10546875,111.3,21.41015625,353.48046875,,,,2.8,6516.73046875,346.28850604388924,1.478535934817046,98.8,6.31640625,1111.265625,13.8,6.86328125,10.23046875,,,,3.0,6164.6328125,385.794328578432,1.327132002916187,109.8,13.98046875,1121.01953125,4.8,4.96484375,8.83984375,,,,2.6,6177.6953125,393.8104923929141,1.3001177213154733,111.9,10.01953125,1117.33203125,,,,2.4894075125855166,38.98046875,238.94140625,1.4,6201.6640625,393.7397499229411,1.3003513109870255,113.3,8.0390625,1125.37109375,,,,2.4779857972885733,25.359375,249.65234375,2.4,6240.44921875,394.53757158174295,1.2977217808365822,120.5,11.2890625,1122.71875,,,,,,,2.8,6251.9765625
1024,387.0881925438562,2.6453919797204435,1.4,0.0078125,1122.7265625,115.5,26.81640625,359.0078125,,,,2.8,6549.26953125,444.05730640491845,2.306008673273027,1.2,0.0,1122.7265625,118.0,27.44921875,359.4765625,,,,3.3,6553.234375,359.56611156572967,2.847876835614443,100.4,8.90625,1136.36328125,16.8,8.74609375,12.62109375,,,,3.3,6265.16796875,409.40500056248004,2.5011907489970326,114.4,30.46484375,1159.8984375,6.1,8.1328125,12.0078125,,,,3.2,6259.22265625,421.80282956758697,2.4276745631359518,118.9,27.1875,1157.984375,,,,2.4794575077058565,66.94140625,262.56640625,2.0,6286.75390625,423.4449278838021,2.418260162230581,117.7,10.09375,1166.65625,,,,2.543944881194241,47.46875,294.85546875,1.9,6313.10546875,422.91765992325827,2.4212751016020775,124.7,17.44921875,1152.65625,,,,,,,3.1,6275.60546875
2048,369.42564044198474,5.543740812223405,0.5,0.01171875,1152.66796875,117.5,41.96484375,374.21484375,,,,3.3,6571.046875,426.982305234495,4.796451691072434,0.4,0.0,1152.66796875,119.6,41.18359375,373.43359375,,,,3.5,6553.74609375,344.6824650841727,5.941700572147965,100.3,35.453125,1188.64453125,18.5,19.7890625,23.16015625,,,,3.5,6277.81640625,395.4106370894801,5.179425660055131,114.9,14.51171875,1186.2265625,6.6,16.65625,20.53125,,,,3.4,6289.515625,411.4961155323924,4.976960711646825,120.0,25.34765625,1194.640625,,,,2.502840145648495,99.12890625,294.58203125,2.6,6373.140625,411.79655219080314,4.973329643253237,120.1,12.81640625,1188.98046875,,,,2.468114590273151,50.75390625,315.7734375,2.6,6354.6640625,409.5600407105117,5.000487831886858,127.3,24.84375,1196.62890625,,,,,,,3.5,6340.27734375
4096,360.436123540136,11.364010798279196,0.3,0.0,1196.6328125,118.0,54.26171875,386.51171875,,,,3.4,6588.06640625,426.28770019402066,9.60853432584554,0.3,0.0,1196.6328125,121.4,55.78515625,387.8046875,,,,3.7,6624.0390625,336.85289442196034,12.159610523842275,98.3,34.2109375,1230.84375,21.0,22.02734375,26.1015625,,,,3.6,6367.69921875,394.5806876820859,10.380639823153615,114.9,35.234375,1232.24609375,7.5,27.3203125,31.1953125,,,,3.7,6372.7578125,414.3085422946275,9.886351793073118,121.4,57.45703125,1255.87109375,,,,2.397347263229616,187.03125,382.640625,3.2,6559.1953125,415.613866245212,9.855301597621292,121.6,62.26953125,1283.18359375,,,,2.317451416196501,32.953125,386.94140625,3.0,6603.24609375,412.14073793177096,9.93835266213864,129.4,35.98046875,1287.09765625,,,,,,,3.8,6377.93359375
32,364.43292702234993,0.08780765300616622,5.0,0.0,815.45703125,48.1,4.40234375,336.7890625,,,,3.0,6204.359375,368.08338553377894,0.08693682262673974,10.0,0.0,815.4609375,53.1,4.01953125,336.01171875,,,,1.8,6345.984375,330.50323707348446,0.09682204714044929,56.0,5.69921875,1024.546875,0.0,2.66015625,6.53515625,,,,2.0,6107.25390625,335.6063891562601,0.09534979378804564,60.8,2.22265625,1031.46484375,0.0,1.5703125,5.4453125,,,,1.2,6106.61328125,279.72817987062723,0.11439676908776164,55.9,2.34375,1037.65234375,,,,1.8587669736226002,11.5390625,209.75390625,0.4,6110.79296875,273.0453933674981,0.11719663022086024,59.4,0.921875,1040.296875,,,,1.8383520599250938,10.83984375,211.6953125,0.3,6111.10546875,315.3234320104047,0.1014831019565463,72.6,6.22265625,1062.93359375,,,,,,,1.2,6115.39453125
64,458.0905376845964,0.13971037324517965,7.7,0.0,1064.43359375,60.4,5.34765625,337.57421875,,,,1.2,6434.0859375,492.662931571659,0.12990626227110624,8.0,0.0,1064.43359375,66.7,5.13671875,337.25390625,,,,2.0,6516.26953125,411.7589998525428,0.1554307253099978,69.1,2.2734375,1067.08984375,3.6,2.4140625,5.78125,,,,1.7,6176.55859375,439.37851300525705,0.1456602863036096,75.5,1.4609375,1067.57421875,0.0,1.92578125,5.80078125,,,,1.3,6152.52734375,390.48648429587297,0.16389811830595136,70.7,2.16015625,1068.73046875,,,,2.000935599563387,12.5859375,214.953125,0.5,6148.6171875,383.34344397836946,0.16695211827754974,66.4,0.89453125,1070.47265625,,,,1.9555056179775279,12.7734375,218.04296875,0.4,6133.921875,438.2650505307284,0.14603035291656852,82.9,4.87109375,1076.77734375,,,,,,,1.2,6132.0078125
128,344.50076243118593,0.3715521530248225,4.1,0.0,1071.6640625,88.4,9.11328125,341.3359375,,,,1.5,6434.43359375,373.13389863811864,0.3430403950624168,4.3,0.0,1071.6640625,87.6,8.796875,340.8671875,,,,2.2,6462.97265625,326.0479134283438,0.3925803378224373,86.0,2.66796875,1081.0546875,7.8,2.62890625,6.50390625,,,,2.1,6268.73046875,347.6010991977048,0.3682381911203265,92.3,2.15234375,1082.16015625,2.1,2.359375,6.234375,,,,1.8,6230.26171875,336.21946074364314,0.38070372166112065,90.0,1.1875,1082.29296875,,,,2.132567145534041,16.49609375,220.34375,0.6,6211.14453125,332.83192991443855,0.3845784869045019,91.1,0.953125,1083.24609375,,,,2.1622742892845985,16.5703125,221.29296875,0.6,6179.81640625,316.8754329002919,0.4039442213252187,93.5,5.625,1090.3125,,,,,,,1.7,6169.05078125
256,387.38842823056945,0.6608354337513447,2.6,0.00390625,1085.67578125,101.7,14.359375,346.5546875,,,,1.8,6485.59765625,430.294176989849,0.5949418181553483,4.2,0.0,1085.67578125,102.7,13.73828125,345.77734375,,,,2.5,6493.73828125,360.42578098300766,0.7102710558101535,96.4,3.93359375,1094.26171875,10.8,5.6640625,9.03125,,,,2.6,6171.65234375,395.80022317727224,0.6467909440398216,103.0,6.06640625,1098.2109375,3.9,3.1953125,7.0703125,,,,2.3,6162.34375,393.84093584958504,0.6500086118467152,105.2,2.41015625,1095.39453125,,,,2.4721225382932164,25.953125,225.91015625,0.9,6181.453125,390.6821661303128,0.6552641051821411,105.8,1.34375,1095.5,,,,2.3972482801751096,22.421875,237.84765625,0.8,6189.31640625,402.02991925404234,0.6367685282602906,113.7,8.00390625,1104.9375,,,,,,,2.1,6188.765625
512,370.97658354639856,1.3801410188898444,1.3,0.00390625,1104.94140625,110.2,21.30078125,353.75390625,,,,2.2,6507.1875,414.38939796250327,1.2355528459884226,1.5,0.0,1104.94140625,111.6,21.421875,353.484375,,,,2.8,6578.20703125,344.73861328017495,1.485183209180832,100.3,3.828125,1111.78125,13.7,6.84375,10.2109375,,,,2.9,6207.40625,381.8830526552449,1.3407245920971036,110.2,13.64453125,1122.734375,4.8,4.8515625,8.7265625,,,,2.8,6207.6015625,392.18592338759504,1.3055032561533153,111.5,13.00390625,1123.390625,,,,2.41057595670661,37.4140625,236.00390625,1.4,6221.71875,391.0408124062202,1.3093262487091124,113.3,15.734375,1126.40234375,,,,2.438375321336761,36.50390625,260.37109375,1.4,6222.671875,389.7230399452612,1.313753480091691,119.3,11.43359375,1123.97265625,,,,,,,2.7,6216.9609375
1024,397.0855300678058,2.578789511229843,0.7,0.01171875,1123.984375,116.1,26.45703125,358.6328125,,,,2.7,6542.75390625,454.3464037714302,2.2537869596853852,1.3,0.0,1123.984375,118.1,27.71875,359.82421875,,,,3.2,6541.3828125,366.729602274045,2.792248004116118,100.6,13.421875,1142.14453125,16.8,9.19921875,12.56640625,,,,3.2,6230.89453125,418.9630101342569,2.4441298521123827,113.8,26.3359375,1160.03515625,6.2,8.1015625,11.9765625,,,,3.0,6231.80859375,434.01580584256766,2.359361079055816,118.1,28.1640625,1159.1953125,,,,2.5587065481002425,66.765625,264.4921875,1.9,6280.32421875,434.88779663501066,2.354630338959396,117.9,9.171875,1166.82421875,,,,2.4098317588843905,51.84765625,301.953125,1.8,6335.32421875,430.8649586116536,2.3766147131100297,125.7,17.83203125,1153.671875,,,,,,,3.1,6296.65234375
2048,375.59214551896616,5.452723185066134,0.5,0.015625,1153.69140625,117.2,41.765625,373.94140625,,,,3.2,6562.52734375,436.8673795747196,4.687921542674303,0.4,0.0,1153.69140625,120.2,41.89453125,374.03515625,,,,3.4,6563.29296875,350.423381306939,5.8443588791415095,99.9,32.67578125,1190.08984375,18.9,19.66796875,23.046875,,,,3.5,6293.01953125,403.0483897357188,5.0812757280655205,114.7,2.26953125,1177.078125,6.9,16.50390625,20.37890625,,,,4.2,6318.54296875,420.3008195904976,4.872700467240065,120.5,34.16015625,1195.859375,,,,2.5468314817712407,99.96875,296.7265625,2.6,6402.96875,421.80939798909077,4.8552735187113285,120.0,16.328125,1194.578125,,,,2.509595230624412,44.3984375,310.45703125,2.5,6415.80859375,419.5145187870452,4.881833424791694,127.7,22.421875,1199.66796875,,,,,,,3.5,6382.328125
4096,363.8510654296458,11.257353321649134,0.4,0.00390625,1199.671875,118.6,54.71484375,386.9765625,,,,3.4,6602.74609375,429.38675145065423,9.539185795001686,0.4,0.0,1199.671875,121.8,55.63671875,387.66796875,,,,3.6,6591.6875,340.25156818403565,12.038151717744768,98.7,69.6015625,1269.2734375,20.8,22.34375,26.0234375,,,,3.6,6336.703125,396.98359690977054,10.317806659732014,114.9,70.7421875,1270.6171875,7.8,27.265625,31.140625,,,,3.6,6374.16015625,417.6030642642844,9.808357147034258,121.1,38.2578125,1275.02734375,,,,2.4966012660040673,181.71875,378.8984375,3.0,6591.76171875,418.8899859933166,9.778223726898432,121.7,37.05859375,1276.1328125,,,,2.496233014162032,51.42578125,400.5234375,3.1,6617.50390625,415.8836442461967,9.848908599000424,129.3,37.0859375,1279.5546875,,,,,,,3.9,6340.34765625
