size,mono_pg_unified_no_index_throughput,mono_pg_unified_no_index_time_s,mono_pg_unified_no_index_py_cpu,mono_pg_unified_no_index_py_mem_delta,mono_pg_unified_no_index_py_mem_peak,mono_pg_unified_no_index_pg_cpu,mono_pg_unified_no_index_pg_mem_delta,mono_pg_unified_no_index_pg_mem_peak,mono_pg_unified_no_index_qd_cpu,mono_pg_unified_no_index_qd_mem_delta,mono_pg_unified_no_index_qd_mem_peak,mono_pg_unified_no_index_sys_cpu,mono_pg_unified_no_index_sys_mem,mono_pg_unified_deferred_throughput,mono_pg_unified_deferred_time_s,mono_pg_unified_deferred_py_cpu,mono_pg_unified_deferred_py_mem_delta,mono_pg_unified_deferred_py_mem_peak,mono_pg_unified_deferred_pg_cpu,mono_pg_unified_deferred_pg_mem_delta,mono_pg_unified_deferred_pg_mem_peak,mono_pg_unified_deferred_qd_cpu,mono_pg_unified_deferred_qd_mem_delta,mono_pg_unified_deferred_qd_mem_peak,mono_pg_unified_deferred_sys_cpu,mono_pg_unified_deferred_sys_mem,mono_pg_direct_deferred_throughput,mono_pg_direct_deferred_time_s,mono_pg_direct_deferred_py_cpu,mono_pg_direct_deferred_py_mem_delta,mono_pg_direct_deferred_py_mem_peak,mono_pg_direct_deferred_pg_cpu,mono_pg_direct_deferred_pg_mem_delta,mono_pg_direct_deferred_pg_mem_peak,mono_pg_direct_deferred_qd_cpu,mono_pg_direct_deferred_qd_mem_delta,mono_pg_direct_deferred_qd_mem_peak,mono_pg_direct_deferred_sys_cpu,mono_pg_direct_deferred_sys_mem,poly_chroma_throughput,poly_chroma_time_s,poly_chroma_py_cpu,poly_chroma_py_mem_delta,poly_chroma_py_mem_peak,poly_chroma_pg_cpu,poly_chroma_pg_mem_delta,poly_chroma_pg_mem_peak,poly_chroma_qd_cpu,poly_chroma_qd_mem_delta,poly_chroma_qd_mem_peak,poly_chroma_sys_cpu,poly_chroma_sys_mem,poly_qdrant_deferred_throughput,poly_qdrant_deferred_time_s,poly_qdrant_deferred_py_cpu,poly_qdrant_deferred_py_mem_delta,poly_qdrant_deferred_py_mem_peak,poly_qdrant_deferred_pg_cpu,poly_qdrant_deferred_pg_mem_delta,poly_qdrant_deferred_pg_mem_peak,poly_qdrant_deferred_qd_cpu,poly_qdrant_deferred_qd_mem_delta,poly_qdrant_deferred_qd_mem_peak,poly_qdrant_deferred_sys_cpu,poly_qdrant_deferred_sys_mem
32,371.1735038693404,0.08621305041015148,9.8,0.0,1130.0,52.3,9.87890625,400.234375,0.0,0.0,0.0,2.8,7061.8046875,368.96984604261576,0.08672795444726944,4.9,0.0,1130.01171875,52.2,10.0,400.33984375,0.0,0.0,0.0,1.8,7114.9296875,340.19845412090893,0.09406274370849133,70.7,9.390625,1168.06640625,4.6,0.39453125,390.7421875,0.0,0.0,0.0,1.9,7106.0625,332.58198240232997,0.09621687792241573,74.4,8.11328125,1194.890625,0.0,0.26171875,390.56640625,0.0,0.0,0.0,2.0,7127.921875,330.474689802995,0.09683041088283062,69.3,2.20703125,1202.46875,0.0,0.26171875,390.60546875,0.0,0.0,0.0,1.6,7140.890625
64,375.96451668892774,0.1702288305386901,6.9,0.0,1202.484375,80.9,15.06640625,406.453125,0.0,0.0,0.0,1.9,7154.28125,369.660788920334,0.1731316978111863,6.8,0.0,1202.484375,80.3,15.44921875,406.83984375,0.0,0.0,0.0,2.3,7113.828125,344.09477267390014,0.18599526956677437,91.7,3.265625,1208.04296875,3.2,0.44140625,391.875,0.0,0.0,0.0,2.2,7111.484375,351.15426740892343,0.18225607927888632,96.1,6.45703125,1217.19140625,0.0,0.2265625,391.61328125,0.0,0.0,0.0,2.2,7119.21875,330.4411596949655,0.19368047267198563,92.6,1.359375,1217.44140625,0.0,0.2421875,391.625,0.0,0.0,0.0,1.9,7134.55859375
128,376.49107371327307,0.3399815000593662,4.4,0.0,1213.5546875,105.2,18.3125,411.6484375,0.0,0.0,0.0,2.1,7179.77734375,369.17195944849374,0.3467218913137913,4.3,0.0,1213.5546875,101.5,18.34765625,411.6875,0.0,0.0,0.0,2.4,7116.703125,342.97945731307783,0.3732001939788461,111.6,6.4765625,1223.93359375,2.0,0.6875,394.08984375,0.0,0.0,0.0,2.5,7094.7421875,362.3398079121976,0.3532595569267869,116.2,6.375,1229.7421875,0.0,0.15234375,393.49609375,0.0,0.0,0.0,2.4,7074.9296875,351.7472559199106,0.3638976505026221,109.5,1.23828125,1231.046875,2.0,0.14453125,393.46875,0.0,0.0,0.0,2.1,7077.99609375
256,379.8675457838922,0.6739191142842174,2.5,0.0,1231.0703125,118.5,22.578125,418.1640625,0.0,0.0,0.0,4.1,7164.8046875,368.745793316012,0.694245208054781,2.5,0.0,1231.0703125,116.9,23.02734375,418.60546875,0.0,0.0,0.0,4.3,7229.9375,344.05436873445603,0.7440684475004673,121.5,12.1328125,1243.21875,3.4,2.5078125,398.12109375,0.0,0.0,0.0,2.9,7182.73828125,366.36849299734433,0.6987500423565507,128.2,6.6953125,1242.52734375,0.0,0.0859375,395.66796875,0.0,0.0,0.0,3.0,7197.08984375,353.512802228338,0.7241604784503579,123.1,3.328125,1247.45703125,0.0,0.0859375,395.671875,0.0,0.0,0.0,2.5,7231.05078125
512,382.1380792004049,1.3398298360407352,2.1,0.0,1247.47265625,126.7,28.109375,428.0078125,0.0,0.0,0.0,2.9,7214.328125,370.22029459010605,1.3829603819176555,1.3,0.0,1247.47265625,124.5,29.6875,429.58984375,0.0,0.0,0.0,3.1,7200.45703125,344.51029483539736,1.4861674895510077,127.0,8.65625,1256.140625,5.0,7.44921875,407.34765625,0.0,0.0,0.0,3.3,7181.8125,372.41300168503534,1.3748177364468575,137.7,10.6953125,1261.390625,0.0,0.08984375,399.95703125,0.0,0.0,0.0,3.3,7197.26171875,353.4512961036722,1.448572987690568,133.2,6.80078125,1268.1953125,0.0,0.08203125,400.0078125,0.0,0.0,0.0,3.1,7210.03515625
1024,381.63157816878646,2.6832161135971546,0.7,0.0,1261.55859375,134.4,42.41015625,447.41796875,0.0,0.0,0.0,3.6,7244.26953125,367.2427058181795,2.7883467357605696,0.7,0.0,1261.55859375,132.7,44.4765625,449.6640625,0.0,0.0,0.0,3.6,7254.60546875,341.7288691715996,2.996527634561062,132.5,22.80859375,1285.23828125,5.1,5.82421875,410.8203125,0.0,0.0,0.0,3.8,7141.89453125,371.8925559210935,2.7534834556281567,143.0,14.64453125,1293.1171875,0.7,0.0390625,405.01953125,0.0,0.0,0.0,3.7,7148.60546875,356.08508405285266,2.8757171975448728,136.1,15.00390625,1308.12890625,0.3,0.03125,404.9921875,0.0,0.0,0.0,3.6,7181.78515625
2048,382.60435606957327,5.352787984535098,0.5,0.0,1312.00390625,137.2,33.0859375,448.45703125,0.0,0.0,0.0,3.9,7303.65234375,364.9199228151779,5.612190159969032,0.5,0.0,1312.00390625,135.2,36.484375,451.8671875,0.0,0.0,0.0,3.9,7216.2421875,340.0041782456675,6.023455389775336,132.8,-1.734375,1311.140625,5.7,20.87890625,436.26953125,0.0,0.0,0.0,4.0,7222.41796875,372.1504777226968,5.50315026473254,147.4,23.90234375,1341.7578125,0.0,0.0234375,415.3828125,0.0,0.0,0.0,4.2,7245.296875,356.0792949839372,5.7515279008075595,139.4,41.7734375,1382.2734375,0.3,0.01953125,415.37109375,0.0,0.0,0.0,3.9,7386.51953125
4096,382.4519967038865,10.709840804338455,0.3,0.0,1364.0390625,137.5,44.7734375,528.8984375,0.0,0.0,0.0,4.0,7352.83203125,372.5565989516704,10.99430264160037,0.3,0.0,1364.0390625,136.3,44.46875,528.73046875,0.0,0.0,0.0,4.2,7484.3671875,346.2557780788642,11.829405483789742,136.3,58.15234375,1422.19140625,4.2,18.95703125,503.0625,0.0,0.0,0.0,4.3,7457.171875,372.9834778398959,10.98171968292445,148.5,33.31640625,1432.01171875,0.3,0.01953125,484.1171875,0.0,0.0,0.0,4.4,7455.41796875,354.61779384475113,11.550463826395571,140.0,85.19140625,1516.22265625,0.3,0.01953125,484.125,0.0,0.0,0.0,4.2,7652.63671875
8192,381.9449881580976,21.44811492227018,0.1,0.0,1390.4296875,138.9,44.05859375,621.9921875,0.0,0.0,0.0,4.2,7470.11328125,372.2808472967068,22.00489243399352,0.2,0.0,1389.4453125,137.5,60.0703125,638.15625,0.0,0.0,0.0,4.3,7567.89453125,344.71112185820925,23.76482648961246,137.3,87.9375,1478.84375,4.2,40.59375,619.67578125,0.0,0.0,0.0,4.4,7658.53125,,,,,,,,,,,,,,352.99662261303297,23.20702090393752,140.0,85.78515625,1506.51171875,0.3,0.75,579.8828125,0.0,0.0,0.0,4.3,7905.69921875
32,368.9434559890325,0.08673415798693895,9.8,0.0,1128.63671875,52.2,11.328125,401.84765625,0.0,0.0,0.0,2.8,7047.1953125,365.8014357198198,0.08747915364801884,9.8,0.0,1128.64453125,56.8,11.1640625,401.72265625,0.0,0.0,0.0,1.8,7145.33984375,338.3025928836484,0.09458987507969141,65.8,10.4453125,1168.46875,9.1,0.5078125,391.0859375,0.0,0.0,0.0,2.1,7148.7578125,328.3332402889473,0.09746195655316114,74.0,9.35546875,1198.24609375,4.5,0.2734375,390.8203125,0.0,0.0,0.0,1.9,7153.12890625,329.14082734717465,0.0972228217869997,73.7,3.38671875,1207.01171875,0.0,0.2734375,390.828125,0.0,0.0,0.0,1.8,7150.44921875
64,373.75555698984317,0.1712349122390151,6.9,0.0,1203.27734375,83.9,13.49609375,404.85546875,0.0,0.0,0.0,1.9,7174.70703125,370.79512448613025,0.17260205373167992,6.8,0.0,1203.27734375,80.4,14.1015625,405.4765625,0.0,0.0,0.0,2.0,7217.87109375,346.26410552493076,0.18483001552522182,88.8,2.44140625,1209.9140625,3.2,0.7734375,392.16796875,0.0,0.0,0.0,2.1,7131.859375,348.94351056631797,0.18341077584773302,92.4,5.046875,1216.125,0.0,0.26953125,391.64453125,0.0,0.0,0.0,2.1,7171.171875,345.4892864675894,0.18524452857673168,91.9,1.01953125,1217.1875,0.0,0.26953125,391.63671875,0.0,0.0,0.0,1.9,7167.0859375
128,379.1113993980783,0.33763163071125746,2.2,0.0,1217.203125,101.3,18.34375,412.0390625,0.0,0.0,0.0,2.2,7161.7421875,371.09784558455704,0.3449225090444088,4.3,0.0,1217.203125,101.8,18.0703125,411.75390625,0.0,0.0,0.0,2.5,7139.93359375,345.2144900394525,0.3707839725539088,108.1,5.60546875,1224.43359375,4.0,1.1015625,394.80859375,0.0,0.0,0.0,2.5,7190.046875,362.6850279295327,0.35292330849915743,112.0,5.2265625,1228.46484375,2.1,0.14453125,393.8125,0.0,0.0,0.0,2.3,7145.16796875,351.92735459411705,0.36371142603456974,109.5,1.3046875,1229.8125,0.0,0.1484375,393.83984375,0.0,0.0,0.0,2.1,7108.76171875
256,379.36718739442006,0.6748079657554626,2.5,0.0,1225.1875,117.3,21.40625,417.8984375,0.0,0.0,0.0,2.6,7117.85546875,370.66921938447564,0.6906427256762981,2.5,0.0,1225.1875,116.2,21.48828125,417.8203125,0.0,0.0,0.0,2.8,7118.390625,345.7508391905181,0.7404175810515881,122.0,10.3125,1240.17578125,3.5,1.9453125,398.3359375,0.0,0.0,0.0,2.9,7108.6015625,369.2077819153938,0.6933765010908246,130.2,7.38671875,1240.26953125,0.0,0.0859375,396.4140625,0.0,0.0,0.0,2.7,7099.10546875,354.34982847052106,0.7224499052390456,125.8,3.109375,1244.61328125,1.2,0.0859375,396.453125,0.0,0.0,0.0,2.5,7105.62890625
512,382.09148051257137,1.339993237517774,1.4,0.0,1237.6640625,126.1,27.953125,428.4765625,0.0,0.0,0.0,3.0,7118.85546875,368.5023207601732,1.3894078033044934,2.0,0.0,1237.6640625,127.9,29.49609375,430.00390625,0.0,0.0,0.0,3.2,7173.74609375,344.27737021738346,1.4871729724109173,127.5,7.81640625,1254.43359375,5.0,6.953125,407.5234375,0.0,0.0,0.0,3.2,7125.38671875,371.02746178549853,1.3799517629668117,137.9,10.61328125,1261.4140625,0.0,0.0859375,400.59765625,0.0,0.0,0.0,3.4,7113.12890625,355.370505116956,1.4407498445361853,132.6,8.41796875,1267.32421875,0.0,0.08203125,400.609375,0.0,0.0,0.0,3.1,7140.44140625
1024,381.98697034718447,2.6807197090238333,0.7,0.0,1268.19140625,133.1,41.4921875,446.9765625,0.0,0.0,0.0,3.5,7211.21875,367.5327332149623,2.7861463958397508,0.7,0.0,1268.19140625,132.4,44.0859375,449.5859375,0.0,0.0,0.0,3.7,7233.46875,342.26857119595843,2.991802596487105,132.0,20.1796875,1288.37109375,5.4,5.55078125,411.0859375,0.0,0.0,0.0,3.7,7212.38671875,371.30734124398316,2.7578231999650598,144.1,14.3203125,1294.921875,0.7,0.03125,405.546875,0.0,0.0,0.0,4.8,7211.30859375,356.0865421753241,2.8757054219022393,137.8,14.61328125,1309.5390625,0.3,0.0390625,405.546875,0.0,0.0,0.0,4.7,7239.41796875
2048,382.2963158286608,5.357101063244045,0.5,0.0,1303.03515625,136.2,31.796875,446.98046875,0.0,0.0,0.0,3.9,7302.89453125,366.15258541233743,5.593296569772065,0.3,0.0,1303.03515625,134.4,35.1171875,450.328125,0.0,0.0,0.0,3.9,7267.85546875,339.72667983204707,6.028375519439578,133.2,32.5859375,1335.62109375,5.8,20.70703125,435.9453125,0.0,0.0,0.0,4.0,7263.16015625,372.95144490301453,5.491331453435123,146.2,22.6640625,1346.44140625,0.4,0.015625,415.39453125,0.0,0.0,0.0,4.2,7246.01953125,356.15648224440326,5.750281413085759,139.1,37.3203125,1382.78125,0.2,0.01953125,415.21875,0.0,0.0,0.0,3.9,7382.20703125
4096,381.9576986541182,10.72370059415698,0.2,0.0,1362.18359375,137.6,44.421875,528.41796875,0.0,0.0,0.0,4.1,7381.4296875,372.3151293181868,11.00143313407898,0.3,0.0,1362.18359375,137.1,44.64453125,528.640625,0.0,0.0,0.0,4.3,7365.73046875,346.4392770081236,11.823139787651598,136.4,58.90234375,1421.0859375,4.1,20.265625,504.26171875,0.0,0.0,0.0,4.3,7410.34375,372.4586377928122,10.997194277122617,148.4,34.40625,1431.984375,0.3,0.01953125,484.015625,0.0,0.0,0.0,4.4,7377.41796875,354.81851073832036,11.543929857201874,140.1,53.26171875,1483.296875,0.3,0.1015625,484.30859375,0.0,0.0,0.0,4.1,7610.359375
8192,382.1877778049302,21.434489734470844,0.1,0.0,1387.37109375,138.2,42.12890625,628.25390625,0.0,0.0,0.0,4.2,7463.78515625,372.1482973443597,22.01273002848029,0.1,0.0,1387.37109375,137.6,58.18359375,644.328125,0.0,0.0,0.0,4.4,7487.42578125,344.7477157185423,23.762303929775953,136.8,99.296875,1489.71875,4.1,42.0078125,628.16015625,0.0,0.0,0.0,4.4,7652.6640625,,,,,,,,,,,,,,353.5855630133359,23.16836674604565,140.1,74.05859375,1493.98828125,0.3,0.91015625,587.046875,0.0,0.0,0.0,4.3,8010.66015625
32,373.2738329443912,0.08572794869542122,4.9,0.0,1128.91015625,52.4,10.87890625,401.40234375,0.0,0.0,0.0,2.8,6966.75390625,369.1256920474562,0.08669133763760328,4.9,0.0,1128.91796875,57.0,11.00390625,401.5546875,0.0,0.0,0.0,1.8,7014.1171875,341.3262296671554,0.09375195112079382,70.9,10.3046875,1168.0078125,0.0,0.49609375,391.015625,0.0,0.0,0.0,1.9,6991.65234375,334.4656291507978,0.09567500278353691,74.6,8.30078125,1195.25390625,0.0,0.26953125,390.78515625,0.0,0.0,0.0,2.0,6997.1015625,331.3506535830508,0.09657442849129438,69.4,2.07421875,1201.0390625,0.0,0.25,390.7734375,0.0,0.0,0.0,1.7,7045.453125
64,376.15042716059725,0.1701446957886219,6.9,0.0,1202.32421875,80.8,15.140625,406.6640625,0.0,0.0,0.0,1.9,7028.515625,367.6795700795775,0.17406460735946894,6.8,0.0,1202.32421875,80.0,15.484375,407.0390625,0.0,0.0,0.0,2.0,7034.9765625,345.1995462520355,0.18540001194924116,91.9,4.59765625,1207.3046875,0.0,0.65234375,392.24609375,0.0,0.0,0.0,2.2,7044.4140625,352.27966658116094,0.18167384061962366,96.3,5.88671875,1213.30078125,0.0,0.30078125,391.85546875,0.0,0.0,0.0,2.1,7049.75,343.2541861308099,0.18645074870437384,94.7,1.609375,1216.55078125,0.0,0.28515625,391.84375,0.0,0.0,0.0,1.9,7063.0859375
128,377.5576586827393,0.3390210662037134,4.4,0.0,1211.92578125,101.0,18.3515625,411.875,0.0,0.0,0.0,2.2,7081.73046875,369.3116420386763,0.34659075271338224,6.4,0.0,1211.92578125,101.5,18.05078125,411.58984375,0.0,0.0,0.0,2.4,7120.50390625,345.0934743210937,0.3709139972925186,108.0,6.34375,1223.12109375,4.0,0.97265625,394.5546875,0.0,0.0,0.0,2.4,7118.83984375,362.02817469899526,0.353563642129302,111.9,6.1953125,1227.16796875,0.0,0.15234375,393.69921875,0.0,0.0,0.0,2.3,7131.875,348.3426509627582,0.3674542857334018,108.7,3.8359375,1231.02734375,2.0,0.171875,393.7109375,0.0,0.0,0.0,2.2,7081.78125
256,380.05210932379504,0.6735918410122395,2.5,0.0,1226.42578125,116.2,23.48828125,419.71875,0.0,0.0,0.0,2.4,7096.22265625,370.72146679093606,0.6905453903600574,2.5,0.0,1226.42578125,116.2,22.94140625,419.16796875,0.0,0.0,0.0,2.9,7083.33203125,344.16040213485996,0.7438392052426934,121.5,6.93359375,1236.75,3.4,1.99609375,398.28125,0.0,0.0,0.0,2.9,7109.6875,368.36282629549004,0.6949669774621725,127.5,9.10546875,1242.80859375,0.0,0.0859375,396.30078125,0.0,0.0,0.0,2.8,7094.8203125,352.6908375556465,0.7258481727913022,125.3,0.63671875,1243.46484375,1.2,0.0859375,396.3203125,0.0,0.0,0.0,2.6,7128.21875
512,381.8500111477145,1.3408406050875783,1.4,0.0,1243.48046875,128.0,28.2421875,428.75,0.0,0.0,0.0,3.1,7153.92578125,370.60837329539754,1.3815122293308377,1.3,0.0,1243.48046875,126.6,29.32421875,429.8671875,0.0,0.0,0.0,3.2,7171.42578125,343.6191014810233,1.4900219393894076,131.0,11.0546875,1256.6328125,4.9,6.12890625,406.70703125,0.0,0.0,0.0,3.3,7187.78515625,371.84524295135884,1.376916902139783,138.2,9.921875,1263.7578125,0.0,0.08984375,400.65625,0.0,0.0,0.0,3.4,7190.98046875,355.6722705367817,1.4395274594426155,132.6,6.1328125,1269.90234375,0.0,0.08984375,400.67578125,0.0,0.0,0.0,3.1,7187.125
1024,381.990314221225,2.6806962424889207,0.7,0.0,1266.71875,132.1,41.61328125,446.828125,0.0,0.0,0.0,3.6,7209.66796875,367.22397435242436,2.788488964550197,0.7,0.0,1266.71875,131.0,42.9453125,448.203125,0.0,0.0,0.0,3.6,7235.44140625,341.14492702074836,3.001656829379499,131.3,19.765625,1286.484375,5.1,5.4765625,410.87109375,0.0,0.0,0.0,3.7,7251.06640625,371.29739785844424,2.7578970547765493,143.8,20.30078125,1293.421875,0.0,0.03515625,405.31640625,0.0,0.0,0.0,3.8,7188.81640625,356.2847300121193,2.874105774797499,136.5,18.62109375,1315.16015625,0.0,0.03515625,405.46484375,0.0,0.0,0.0,3.6,7218.203125
2048,382.04857128061127,5.360574947670102,0.4,0.0,1315.16796875,135.9,30.6640625,445.8203125,0.0,0.0,0.0,3.9,7296.1171875,365.8088432081033,5.598552462644875,0.5,0.0,1315.16796875,134.1,34.19140625,449.3515625,0.0,0.0,0.0,3.8,7270.296875,340.4847083864279,6.014954415149987,133.1,29.6796875,1344.85546875,5.9,20.70703125,435.91015625,0.0,0.0,0.0,4.0,7243.71875,372.7020982952668,5.49500528536737,146.5,22.078125,1351.32421875,0.2,0.01953125,415.18359375,0.0,0.0,0.0,4.1,7249.25,356.37182272098323,5.746806760318577,138.8,36.6484375,1387.98828125,0.2,0.02734375,415.20703125,0.0,0.0,0.0,5.3,7382.4296875
4096,382.60222711492025,10.705635539256036,0.3,0.0,1367.78125,137.6,47.21484375,538.10546875,0.0,0.0,0.0,4.1,7379.66015625,372.9258915512881,10.983415452763438,0.3,0.0,1365.796875,136.5,47.70703125,538.59375,0.0,0.0,0.0,4.3,7584.97265625,345.68944176246634,11.84878536965698,136.1,59.05078125,1423.86328125,4.2,15.64453125,506.578125,0.0,0.0,0.0,4.3,7484.703125,372.44098520000273,10.997715511359274,147.7,34.33984375,1433.8125,0.3,0.109375,491.0,0.0,0.0,0.0,4.4,7393.140625,355.6355357341193,11.51740922499448,139.9,56.9921875,1489.828125,0.3,0.01953125,490.90234375,0.0,0.0,0.0,4.2,7651.62109375
8192,381.6133160666819,21.46675615105778,0.2,0.0,1389.96484375,138.6,44.578125,623.5234375,0.0,0.0,0.0,4.2,7461.87109375,371.7291799045812,22.037548954598606,0.1,0.0,1389.96484375,137.6,59.57421875,638.76953125,0.0,0.0,0.0,4.4,7514.39453125,345.2248388664583,23.729462882503867,137.1,86.9921875,1480.01171875,4.2,41.41015625,620.453125,0.0,0.0,0.0,4.4,7714.0859375,,,,,,,,,,,,,,353.5501274815104,23.170688859187067,139.9,81.23828125,1503.1953125,0.3,0.46875,579.4921875,0.0,0.0,0.0,4.3,7997.57421875
32,368.9670567037529,0.08672861009836197,9.8,0.0,1129.73046875,61.6,10.890625,401.4296875,0.0,0.0,0.0,2.8,7129.01171875,367.5948110623173,0.087052371352911,9.7,0.0,1129.73828125,56.7,11.046875,401.60546875,0.0,0.0,0.0,1.9,7142.7734375,340.97478634010866,0.09384858142584562,75.5,10.2890625,1169.34375,0.0,0.5,391.046875,0.0,0.0,0.0,2.0,7088.77734375,329.6345930309056,0.0970771899446845,69.5,9.1953125,1196.3515625,0.0,0.26171875,390.79296875,0.0,0.0,0.0,1.9,7087.03125,328.7832992198925,0.09732854459434748,73.8,3.12109375,1205.609375,0.0,0.2578125,390.80078125,0.0,0.0,0.0,1.6,7098.3984375
64,375.62226363560876,0.17038393672555685,6.9,0.0,1205.6328125,80.8,14.0234375,405.48046875,0.0,0.0,0.0,1.9,7079.1875,370.0953144116929,0.1729284254834056,6.8,0.0,1205.6328125,80.3,14.375,405.85546875,0.0,0.0,0.0,2.1,7158.84375,344.7989943834666,0.1856153905391693,85.3,3.41796875,1209.6171875,3.2,0.671875,392.19140625,0.0,0.0,0.0,2.1,7099.0,353.19875996275306,0.18120108917355537,99.8,4.55078125,1213.9140625,0.0,0.25390625,391.70703125,0.0,0.0,0.0,2.2,7096.06640625,345.00349545121827,0.18550536688417196,91.9,0.71875,1216.30078125,0.0,0.25390625,391.7734375,0.0,0.0,0.0,1.8,7062.48046875
128,378.43923272171986,0.33823131676763296,4.4,0.0,1212.6015625,103.4,17.359375,410.8515625,0.0,0.0,0.0,2.1,7154.97265625,371.28506920618366,0.3447485789656639,4.3,0.0,1212.6015625,104.0,17.70703125,411.203125,0.0,0.0,0.0,2.5,7168.546875,345.4407539939265,0.3705411087721586,112.2,5.8359375,1222.33203125,2.0,1.0078125,394.54296875,0.0,0.0,0.0,2.6,7127.15625,361.66278042963063,0.3539208536967635,114.0,5.22265625,1226.0234375,0.0,0.13671875,393.62890625,0.0,0.0,0.0,2.3,7177.7421875,352.62128682134204,0.3629956692457199,107.7,1.83203125,1227.89453125,0.0,0.16015625,393.6484375,0.0,0.0,0.0,2.1,7137.9375
256,380.00413750350367,0.6736768754199147,2.5,0.0,1227.91796875,117.3,24.40234375,420.7421875,0.0,0.0,0.0,2.5,7144.88671875,370.1934209954653,0.6915303878486156,2.5,0.0,1227.91796875,117.3,24.2109375,420.5546875,0.0,0.0,0.0,2.7,7211.34375,343.5029495666199,0.7452628873288631,120.2,13.765625,1241.69140625,3.4,2.07421875,398.42578125,0.0,0.0,0.0,2.9,7187.390625,363.9231985080645,0.7034451253712177,123.8,8.71875,1241.9765625,0.0,0.0859375,396.4453125,0.0,0.0,0.0,2.7,7211.32421875,353.28820818058955,0.724620845168829,121.8,4.01953125,1247.46484375,0.0,0.0859375,396.45703125,0.0,0.0,0.0,2.6,7197.8203125
512,382.92560634543656,1.3370743338018656,2.1,0.0,1247.48046875,125.6,28.66796875,429.04296875,0.0,0.0,0.0,3.0,7220.015625,370.0514742975852,1.3835912989452481,1.3,0.0,1247.48046875,125.1,29.59765625,430.02734375,0.0,0.0,0.0,3.2,7238.47265625,343.6177108152054,1.4900279697030783,128.5,10.2109375,1257.70703125,4.3,6.7109375,407.25,0.0,0.0,0.0,3.3,7152.3046875,370.5181688181665,1.3818485653027892,137.7,9.21484375,1262.19921875,0.7,0.0859375,400.43359375,0.0,0.0,0.0,3.3,7146.98828125,355.45475330971993,1.4404083648696542,131.3,8.171875,1270.5546875,0.6,0.08203125,400.43359375,0.0,0.0,0.0,3.0,7151.73828125
1024,381.9529825929571,2.6809582505375147,0.7,0.0,1261.92578125,132.4,39.10546875,444.16015625,0.0,0.0,0.0,3.5,7187.36328125,369.40751975573045,2.7720063757151365,0.7,0.0,1261.92578125,131.4,40.40625,445.46484375,0.0,0.0,0.0,3.6,7208.1796875,342.36646326363433,2.9909471571445465,131.1,23.1484375,1287.5546875,4.8,5.6484375,410.73828125,0.0,0.0,0.0,3.8,7215.69140625,371.673458520577,2.7551066037267447,140.8,12.546875,1294.04296875,0.3,0.03515625,405.08984375,0.0,0.0,0.0,3.7,7215.20703125,357.545562675496,2.8639706568792462,135.0,13.99609375,1308.04296875,0.3,0.03125,405.09375,0.0,0.0,0.0,3.5,7199.7109375
2048,382.3564828268769,5.356258078478277,0.4,0.0,1306.04296875,136.2,29.58203125,444.88671875,0.0,0.0,0.0,3.8,7269.04296875,365.2576920449132,5.607000330463052,0.3,0.0,1306.04296875,135.3,34.60546875,449.87109375,0.0,0.0,0.0,3.9,7250.08203125,340.27667317923436,6.018631782382727,132.7,12.50390625,1318.546875,5.9,18.53125,433.77734375,0.0,0.0,0.0,4.0,7225.40625,371.7310579425566,5.5093594044446945,146.0,26.1796875,1344.828125,0.0,0.01953125,415.2734375,0.0,0.0,0.0,4.2,7245.30078125,355.7466381448497,5.756906124763191,138.4,40.66015625,1383.53125,0.3,0.0234375,415.2890625,0.0,0.0,0.0,3.9,7335.53515625
4096,381.43886880533586,10.738286878913641,0.2,0.0,1362.9375,137.6,49.15625,541.015625,0.0,0.0,0.0,4.0,7383.47265625,372.24359779780326,11.003547204658389,0.3,0.0,1362.9375,137.1,49.0,540.66796875,0.0,0.0,0.0,4.3,7459.6171875,346.358258802915,11.825905391015112,136.5,59.30078125,1422.35546875,4.1,15.16015625,506.72265625,0.0,0.0,0.0,4.7,7586.453125,372.31652025352867,11.00139203388244,148.5,32.63671875,1430.40234375,0.2,0.01953125,491.68359375,0.0,0.0,0.0,4.4,7440.6796875,354.29299455951644,11.561052752658725,139.9,56.6015625,1486.046875,0.3,0.01953125,491.68359375,0.0,0.0,0.0,4.2,7619.41015625
8192,381.7258544386998,21.460427436977625,0.1,0.0,1388.0234375,139.1,43.84765625,623.12890625,0.0,0.0,0.0,4.2,7466.203125,371.5827371792887,22.046234069392085,0.2,0.0,1388.0234375,138.1,60.0859375,639.1796875,0.0,0.0,0.0,4.3,7531.82421875,344.9089635931802,23.75119485054165,137.2,100.3125,1491.390625,4.1,40.484375,619.578125,0.0,0.0,0.0,4.4,7584.6015625,,,,,,,,,,,,,,353.2516048060228,23.190269735641778,140.4,66.76953125,1489.859375,0.3,0.93359375,580.08203125,0.0,0.0,0.0,4.3,7928.53125
32,368.1350183817128,0.08692462928593159,9.8,0.0,1129.6953125,56.9,11.27734375,401.8359375,0.0,0.0,0.0,2.8,7001.78515625,366.2273830405949,0.08737740945070982,9.8,0.0,1129.7109375,56.8,11.484375,402.0390625,0.0,0.0,0.0,1.8,6993.0,338.06707622617574,0.0946557717397809,70.6,10.34375,1168.81640625,0.0,0.50390625,391.09375,0.0,0.0,0.0,2.1,7057.72265625,331.5599248804549,0.0965134734287858,74.4,9.46484375,1196.46484375,0.0,0.26171875,390.828125,0.0,0.0,0.0,2.0,7189.5625,327.40497477542715,0.09773828275501728,64.3,2.328125,1205.36328125,0.0,0.27734375,390.82421875,0.0,0.0,0.0,1.7,7179.55859375
64,374.21125466561455,0.17102639004588127,6.9,0.0,1205.3828125,77.2,15.46875,407.05859375,0.0,0.0,0.0,1.9,7178.77734375,368.31148386532317,0.1737659638747573,6.8,0.0,1205.3828125,80.1,14.05078125,405.68359375,0.0,0.0,0.0,2.1,7121.90625,343.29942381109163,0.1864261794835329,91.6,4.67578125,1210.47265625,3.2,0.66796875,392.515625,0.0,0.0,0.0,2.3,7082.9375,351.66593839569276,0.1819908982142806,96.2,6.171875,1218.3984375,0.0,0.2421875,391.83203125,0.0,0.0,0.0,2.1,7126.546875,344.54391299506045,0.18575280997902155,95.0,1.11328125,1219.55859375,0.0,0.2421875,391.859375,0.0,0.0,0.0,1.9,7131.92578125
128,377.76064033378816,0.3388389004394412,4.4,0.0,1214.92578125,101.0,18.73046875,412.453125,0.0,0.0,0.0,2.2,7135.2890625,370.0814603103407,0.3458697982132435,4.3,0.0,1214.92578125,99.5,18.9453125,412.65234375,0.0,0.0,0.0,2.3,7109.85546875,343.5773848993685,0.3725507138296962,103.5,5.390625,1224.96875,4.0,1.0078125,394.76953125,0.0,0.0,0.0,2.5,7088.58984375,363.000357166124,0.3526167329400778,112.1,5.8671875,1231.98828125,0.0,0.1328125,393.8671875,0.0,0.0,0.0,2.2,7064.71875,349.76567626374936,0.3659592941403389,113.2,1.25390625,1230.41015625,0.0,0.15234375,393.87109375,0.0,0.0,0.0,2.1,7049.5078125
256,380.47333225595406,0.6728461058810353,2.5,0.0,1225.43359375,118.8,22.18359375,418.46484375,0.0,0.0,0.0,2.6,7072.57421875,370.40687589492654,0.691131878644228,2.5,0.0,1225.4453125,119.8,21.93359375,418.2421875,0.0,0.0,0.0,2.7,7085.90625,345.32612207469106,0.741328221745789,120.7,11.32421875,1241.41796875,4.6,2.16796875,398.4921875,0.0,0.0,0.0,2.9,7087.8046875,367.3928004408544,0.6968018962070346,129.7,7.1953125,1240.92578125,0.0,0.0859375,396.375,0.0,0.0,0.0,2.8,7099.98828125,353.9268917622357,0.7233132207766175,125.6,6.58984375,1245.9609375,0.0,0.0859375,396.4140625,0.0,0.0,0.0,2.5,7114.1875
512,384.2053691287935,1.332620627246797,1.4,0.0,1245.98828125,125.3,26.6640625,427.00390625,0.0,0.0,0.0,2.9,7140.51953125,369.69299508521243,1.3849329221993685,1.3,0.0,1245.98828125,125.0,27.3671875,427.6796875,0.0,0.0,0.0,3.1,7154.5390625,345.3266856200635,1.4826540239155293,127.9,7.78125,1255.8984375,4.3,6.84375,407.20703125,0.0,0.0,0.0,3.4,7121.0703125,371.08907379694193,1.379722649231553,138.5,10.16015625,1260.875,0.0,0.0859375,400.42578125,0.0,0.0,0.0,3.2,7114.51171875,355.4382967042132,1.4404750550165772,132.6,7.4375,1268.3125,0.0,0.08984375,400.41015625,0.0,0.0,0.0,3.0,7171.2109375
1024,383.15482641093155,2.672548874281347,0.7,0.0,1268.3125,133.5,39.27734375,444.078125,0.0,0.0,0.0,3.6,7215.4765625,368.97109425074706,2.7752851536497474,0.7,0.0,1268.3125,131.2,40.859375,445.69921875,0.0,0.0,0.0,3.5,7165.70703125,342.63315455763706,2.9886191291734576,130.5,17.89453125,1286.20703125,5.5,5.796875,410.69921875,0.0,0.0,0.0,3.7,7145.31640625,372.11824505069006,2.751813472248614,142.7,20.40234375,1288.1640625,0.0,0.04296875,404.98828125,0.0,0.0,0.0,3.8,7141.59765625,356.586120829099,2.871676546521485,135.3,6.68359375,1296.51953125,0.0,0.03125,404.9921875,0.0,0.0,0.0,3.5,7211.96484375
2048,382.2290435336241,5.358043912798166,0.4,0.0,1285.12890625,136.1,30.01171875,445.18359375,0.0,0.0,0.0,3.8,7242.3125,365.69637219683045,5.600274314172566,0.5,0.0,1302.35546875,134.7,34.0703125,449.33203125,0.0,0.0,0.0,3.9,7267.7109375,339.54440095585124,6.0316117545589805,133.6,27.40234375,1329.7578125,5.8,20.37890625,435.4609375,0.0,0.0,0.0,4.0,7229.19140625,371.81094284207916,5.508175699040294,145.8,21.77734375,1340.3828125,0.4,0.02734375,414.88671875,0.0,0.0,0.0,4.1,7269.72265625,355.9687964271116,5.753313269466162,138.5,39.15625,1379.55859375,0.3,0.015625,414.890625,0.0,0.0,0.0,3.9,7340.6953125
4096,381.79136450706,10.72837256360799,0.3,0.0,1358.1015625,138.0,45.43359375,528.7578125,0.0,0.0,0.0,4.1,7375.46875,372.6416034191041,10.991794696077704,0.3,0.0,1358.1015625,136.1,45.1875,528.50390625,0.0,0.0,0.0,4.2,7476.43359375,346.175322749048,11.832154780626297,136.6,61.73828125,1419.83984375,4.2,20.48828125,503.82421875,0.0,0.0,0.0,4.3,7493.9375,372.8727058676895,10.984982101246715,148.3,34.84375,1430.23828125,0.4,0.01953125,483.33984375,0.0,0.0,0.0,4.3,7374.27734375,356.5573943524787,11.487631626427174,139.9,84.53125,1515.171875,0.3,0.02734375,483.34765625,0.0,0.0,0.0,4.2,7659.01171875
8192,381.8696428618705,21.452346771024168,0.1,0.0,1387.73828125,138.4,43.08984375,621.77734375,0.0,0.0,0.0,4.6,7463.875,371.6604556261971,22.041623950004578,0.1,0.0,1387.73828125,138.2,58.2265625,636.94140625,0.0,0.0,0.0,4.3,7516.625,345.3897474680868,23.718133094720542,136.8,99.3125,1490.1015625,4.2,35.64453125,614.57421875,0.0,0.0,0.0,4.4,7709.6171875,,,,,,,,,,,,,,353.20526451026495,23.193312283605337,140.4,85.46484375,1506.27734375,0.3,0.33203125,579.0234375,0.0,0.0,0.0,4.3,8032.484375
32,367.53976175112507,0.08706540986895561,9.8,0.00390625,1128.7734375,56.8,9.06640625,399.375,0.0,0.0,0.0,2.8,7215.171875,366.91144703127884,0.08721450436860323,9.8,0.0,1128.7734375,56.8,9.44921875,399.78515625,0.0,0.0,0.0,2.0,7205.89453125,340.2440977671331,0.09405012521892786,70.7,9.11328125,1166.9765625,0.0,0.5078125,390.84375,0.0,0.0,0.0,2.0,7212.9140625,331.3471067222479,0.09657546225935221,79.0,7.984375,1193.45703125,0.0,0.23046875,390.546875,0.0,0.0,0.0,1.8,7281.171875,330.2557800319818,0.0968945948407054,64.7,2.24609375,1199.390625,0.0,0.234375,390.5625,0.0,0.0,0.0,1.7,7152.54296875
64,375.6504166230992,0.1703711673617363,6.9,0.0,1200.671875,80.9,14.99609375,406.61328125,0.0,0.0,0.0,1.9,7136.59765625,368.23491980650994,0.17380209360271692,6.8,0.1484375,1200.8203125,80.2,14.60546875,406.18359375,0.0,0.0,0.0,2.0,7312.91015625,340.22944222453606,0.18810835294425488,87.9,6.36328125,1207.734375,0.0,0.73046875,392.32421875,0.0,0.0,0.0,2.2,7181.22265625,347.95158368746405,0.18393363617360592,98.8,5.0234375,1212.7734375,0.0,0.26171875,391.828125,0.0,0.0,0.0,2.1,7198.34375,344.18878950946254,0.18594446405768394,95.0,2.04296875,1216.46875,0.0,0.24609375,391.83203125,0.0,0.0,0.0,1.8,7283.29296875
128,379.46946306130974,0.33731304481625557,4.4,0.0,1216.59765625,101.3,16.18359375,409.58984375,0.0,0.0,0.0,2.1,7209.75,370.96439734396324,0.3450465891510248,4.3,0.0,1216.59765625,101.9,16.39453125,409.83203125,0.0,0.0,0.0,2.3,7213.1328125,345.92978411571966,0.37001728639006615,106.3,4.57421875,1222.6171875,4.0,1.1015625,394.5859375,0.0,0.0,0.0,2.5,7215.3671875,363.4606086186301,0.3521702131256461,114.3,5.1328125,1227.86328125,0.0,0.16015625,393.57421875,0.0,0.0,0.0,2.4,7201.09375,352.97015131311775,0.3626368958503008,107.8,0.625,1227.34765625,0.0,0.1640625,393.57421875,0.0,0.0,0.0,2.2,7137.0390625
256,381.3246624409326,0.6713439365848899,2.5,0.0,1222.71875,119.0,22.203125,418.50390625,0.0,0.0,0.0,2.7,7112.02734375,369.5261504925635,0.692779116332531,2.5,0.0,1222.71875,118.3,22.36328125,418.68359375,0.0,0.0,0.0,2.8,7073.68359375,345.2534783020453,0.7414842024445534,121.8,11.80078125,1239.1796875,3.5,1.9453125,398.23828125,0.0,0.0,0.0,2.8,7097.00390625,368.8046643154045,0.6941343881189823,128.9,7.73828125,1240.6640625,1.2,0.08984375,396.4140625,0.0,0.0,0.0,2.7,7074.1328125,353.66780156322073,0.7238431060686707,123.2,3.3984375,1244.25390625,2.3,0.0859375,396.3984375,0.0,0.0,0.0,2.7,7095.22265625
512,382.9391515057546,1.3370270393788815,1.4,0.0,1244.2734375,127.0,28.2109375,428.79296875,0.0,0.0,0.0,3.0,7122.03515625,370.11242842925196,1.383363434113562,1.3,0.0,1244.2734375,125.8,29.3125,429.90625,0.0,0.0,0.0,3.2,7123.0078125,344.83731780992906,1.484758097678423,127.7,9.2734375,1255.36328125,4.3,5.0859375,405.671875,0.0,0.0,0.0,3.2,7110.40625,372.3327596749108,1.3751140255481005,137.7,12.9765625,1259.7265625,0.7,0.08984375,400.6640625,0.0,0.0,0.0,3.3,7109.828125,356.0675970852824,1.4379292139783502,132.8,7.5625,1267.31640625,0.0,0.08203125,400.71875,0.0,0.0,0.0,3.0,7165.14453125
1024,383.27192490561305,2.6717323483899236,0.7,0.0,1267.3203125,131.8,40.3046875,445.1171875,0.0,0.0,0.0,3.4,7188.2265625,367.5152577011878,2.786278878338635,0.7,0.0,1267.3203125,131.4,41.9765625,446.9375,0.0,0.0,0.0,3.7,7175.53515625,342.9629401809405,2.9857453387230635,130.0,18.69140625,1286.01171875,4.8,5.71875,410.453125,0.0,0.0,0.0,3.7,7215.28125,372.18100047405,2.7513494743034244,142.4,15.52734375,1294.77734375,0.0,0.0234375,404.76953125,0.0,0.0,0.0,3.8,7179.01953125,357.43690292442574,2.8648412954062223,135.2,13.5078125,1308.296875,0.7,0.03125,404.76953125,0.0,0.0,0.0,3.6,7207.96875
2048,383.0565453699559,5.346469143405557,0.5,0.0,1297.9296875,135.3,31.875,446.6875,0.0,0.0,0.0,3.8,7248.68359375,365.52323957801946,5.6029269229620695,0.3,0.0,1297.9296875,134.3,35.4140625,450.23828125,0.0,0.0,0.0,3.8,7216.3125,340.15824925804355,6.020727130584419,132.3,34.6328125,1332.5625,5.9,20.5546875,435.35546875,0.0,0.0,0.0,3.9,7192.40234375,372.2261900420078,5.502030901610851,145.6,25.32421875,1346.31640625,0.4,0.02734375,414.84375,0.0,0.0,0.0,4.1,7244.1328125,356.23039295941453,5.749088344164193,137.9,39.75,1386.34765625,0.3,0.01953125,414.82421875,0.0,0.0,0.0,3.9,7358.29296875
4096,382.79884237353434,10.700136851519346,0.3,0.0,1362.66015625,136.7,45.421875,536.671875,0.0,0.0,0.0,4.0,7366.16796875,373.78072813156024,10.958296380005777,0.2,0.0,1361.67578125,136.0,45.1796875,535.91796875,0.0,0.0,0.0,4.2,7424.58203125,347.0398688127544,11.802678504958749,135.7,60.90234375,1421.59375,4.1,15.98828125,507.21484375,0.0,0.0,0.0,4.3,7515.23046875,372.672926120971,10.990870849229395,147.4,35.53515625,1433.8046875,0.3,0.0234375,491.23046875,0.0,0.0,0.0,4.4,7398.46875,355.1900364068602,11.531855007633567,138.7,59.6640625,1492.51953125,0.4,0.02734375,491.25,0.0,0.0,0.0,4.1,7616.30859375
8192,381.86981083345876,21.45233733486384,0.1,0.0,1390.5078125,138.3,43.015625,621.453125,0.0,0.0,0.0,4.2,7468.27734375,371.95816871887473,22.02398196607828,0.1,0.0,1390.5078125,137.7,60.109375,638.71484375,0.0,0.0,0.0,4.6,7579.43359375,344.8035153199303,23.758458472788334,137.2,99.8203125,1492.3828125,4.1,35.53125,614.17578125,0.0,0.0,0.0,4.4,7696.86328125,,,,,,,,,,,,,,353.51989798321665,23.17267018556595,140.4,78.00390625,1499.03125,0.3,0.765625,579.17578125,0.0,0.0,0.0,4.3,7856.3515625
32,371.9275153648854,0.08603827003389597,9.8,0.0,1129.859375,52.3,11.01953125,401.62109375,0.0,0.0,0.0,2.8,6954.66796875,368.85021971338233,0.08675608225166798,9.8,0.0,1129.8671875,52.2,11.26953125,401.84765625,0.0,0.0,0.0,1.8,7055.4375,341.73173005561705,0.093640704639256,70.9,10.375,1169.21484375,0.0,0.5,391.078125,0.0,0.0,0.0,1.9,7036.7265625,329.3677894158159,0.09715582709759474,74.1,8.61328125,1196.87109375,0.0,0.25,390.8359375,0.0,0.0,0.0,1.9,7050.94140625,325.81407668817144,0.09821552317589521,73.4,2.70703125,1203.44921875,0.0,0.25,390.84765625,0.0,0.0,0.0,1.7,7017.22265625
64,374.39677902995953,0.1709416415542364,10.3,0.0,1203.46484375,77.3,14.23046875,405.79296875,0.0,0.0,0.0,1.9,7021.79296875,369.52062854130776,0.1731973672285676,6.8,0.0,1203.46484375,76.9,15.00390625,406.578125,0.0,0.0,0.0,2.1,7017.265625,343.61787017742,0.186253409832716,95.0,3.56640625,1208.984375,3.2,0.7109375,392.33203125,0.0,0.0,0.0,2.1,7050.6640625,352.5500882143778,0.1815344886854291,93.0,4.99609375,1214.0859375,0.0,0.23828125,391.80078125,0.0,0.0,0.0,2.0,7148.375,343.2163363230058,0.1864713104441762,88.2,1.4375,1217.1484375,0.0,0.23828125,391.8671875,0.0,0.0,0.0,1.8,7095.10546875
128,379.353619932336,0.3374160500243306,6.6,0.0,1212.5234375,99.3,16.3984375,409.88671875,0.0,0.0,0.0,2.1,7107.078125,372.0911086961343,0.34400177001953125,4.3,0.0,1212.5234375,102.1,16.58984375,410.07421875,0.0,0.0,0.0,2.5,7124.953125,346.9183672956313,0.3689628802239895,110.5,4.6484375,1222.00390625,2.0,1.0078125,394.51953125,0.0,0.0,0.0,2.5,7049.16796875,363.44355135245,0.3521867413073778,112.2,5.140625,1225.3359375,2.1,0.15234375,393.61328125,0.0,0.0,0.0,2.4,7051.0,350.3508616286613,0.36534803826361895,107.0,1.01171875,1227.95703125,0.0,0.15625,393.66015625,0.0,0.0,0.0,2.1,7056.66015625
256,380.4378657324705,0.6729088323190808,2.5,0.0,1223.32421875,118.8,22.3359375,418.60546875,0.0,0.0,0.0,2.8,7160.44140625,369.75157707048146,0.6923567494377494,2.5,0.0,1223.32421875,117.2,23.0390625,419.48828125,0.0,0.0,0.0,2.8,7158.41015625,344.94800906855244,0.742140824906528,121.8,9.60546875,1237.61328125,3.5,2.171875,398.4609375,0.0,0.0,0.0,2.8,7103.9921875,367.7651106811028,0.6960964826866984,127.4,7.6328125,1239.97265625,0.0,0.0859375,396.35546875,0.0,0.0,0.0,2.7,7063.87109375,354.08922672554905,0.7229816121980548,122.2,4.1953125,1245.0859375,0.0,0.0859375,396.37890625,0.0,0.0,0.0,2.5,7078.3515625
512,382.46796565717904,1.3386742053553462,1.4,0.0,1245.109375,126.2,29.109375,429.7109375,0.0,0.0,0.0,3.0,7117.1015625,369.76008056494277,1.384681654162705,1.3,0.0,1245.109375,125.0,29.1171875,429.70703125,0.0,0.0,0.0,3.2,7122.34375,344.39451729250607,1.4866671049967408,127.5,9.8984375,1255.234375,5.0,5.09765625,405.66796875,0.0,0.0,0.0,3.4,7103.85546875,371.9658688675522,1.3764703776687384,137.6,10.55078125,1262.9921875,0.7,0.08203125,400.63671875,0.0,0.0,0.0,3.3,7166.80078125,355.96459969590785,1.438345274887979,132.1,6.8515625,1269.8515625,0.6,0.08984375,400.671875,0.0,0.0,0.0,3.0,7139.24609375
1024,382.9884711918755,2.6737097250297666,0.7,0.0,1269.85546875,132.8,40.203125,445.109375,0.0,0.0,0.0,3.5,7202.04296875,369.6378749207359,2.7702788850292563,1.0,0.0,1269.85546875,130.8,41.8515625,446.7578125,0.0,0.0,0.0,3.5,7188.27734375,342.95087947505107,2.985850339755416,130.3,18.16796875,1288.03125,5.1,5.41015625,410.3359375,0.0,0.0,0.0,3.8,7209.48828125,371.6783745748108,2.755070162937045,141.8,14.3359375,1294.609375,0.0,0.03515625,404.93359375,0.0,0.0,0.0,3.7,7181.85546875,356.24112600865107,2.8744575660675764,136.2,14.74609375,1309.359375,0.3,0.03125,404.94140625,0.0,0.0,0.0,3.5,7233.84375
2048,382.43614893530906,5.355142304673791,0.5,0.0,1298.8125,135.7,32.99609375,447.984375,0.0,0.0,0.0,3.8,7289.32421875,365.6632296898159,5.600781904533505,0.3,0.0,1298.8125,134.0,36.96875,451.953125,0.0,0.0,0.0,3.9,7272.87890625,338.9818030011995,6.041622240096331,133.0,33.296875,1332.109375,5.8,20.59375,435.578125,0.0,0.0,0.0,4.0,7282.640625,372.3908294484127,5.499598373658955,146.4,23.75,1343.57421875,0.4,0.0234375,415.1875,0.0,0.0,0.0,4.1,7255.6796875,355.69334436876414,5.757768685929477,138.6,39.86328125,1382.4609375,0.2,0.0234375,415.0234375,0.0,0.0,0.0,3.9,7357.109375
4096,382.57701540079256,10.706341037526727,0.2,0.0,1361.55078125,137.5,47.63671875,531.22265625,0.0,0.0,0.0,4.1,7364.11328125,372.13585327050356,11.006733062677085,0.3,0.0,1361.55078125,137.0,47.98828125,531.5625,0.0,0.0,0.0,4.2,7424.44140625,346.2546839810867,11.829442862421274,136.0,59.125,1420.67578125,4.2,20.265625,503.8828125,0.0,0.0,0.0,4.3,7349.828125,371.5658757977876,11.023617255501449,148.5,35.46875,1431.5625,0.3,0.01953125,483.6015625,0.0,0.0,0.0,4.4,7423.546875,354.5672399899157,11.552110680378973,140.0,90.1015625,1520.703125,0.3,0.1015625,483.87890625,0.0,0.0,0.0,4.1,7645.19921875
8192,381.8678126077966,21.452449589967728,0.1,0.0,1388.1875,138.5,42.58203125,628.42578125,0.0,0.0,0.0,4.2,7489.80859375,372.10416163905506,22.015340983867645,0.1,0.0,1388.1875,137.6,58.31640625,644.16015625,0.0,0.0,0.0,4.3,7592.49609375,345.19863111173896,23.73126444220543,136.7,99.34765625,1490.58984375,4.1,42.23046875,628.1171875,0.0,0.0,0.0,4.4,7701.2265625,,,,,,,,,,,,,,353.48943542390697,23.174667130224407,140.4,86.109375,1506.47265625,0.3,0.75390625,586.58203125,0.0,0.0,0.0,4.5,8008.625
32,367.0597002364263,0.08717927895486355,9.8,0.00390625,1129.16015625,56.7,10.9453125,401.44921875,0.0,0.0,0.0,2.9,7087.8046875,363.84937448828657,0.08794848155230284,4.9,0.0,1129.16796875,56.6,10.890625,401.3984375,0.0,0.0,0.0,1.9,7121.5703125,335.93951478349464,0.09525524266064167,70.4,10.078125,1168.36328125,0.0,0.48828125,391.0390625,0.0,0.0,0.0,1.9,7068.29296875,330.5366637214433,0.09681225568056107,74.3,8.38671875,1194.99609375,0.0,0.26953125,390.77734375,0.0,0.0,0.0,2.0,7097.92578125,328.6327527899732,0.09737313073128462,69.1,2.34765625,1203.44140625,0.0,0.27734375,390.8046875,0.0,0.0,0.0,1.7,7042.03125
64,373.95285525436685,0.17114456836134195,6.9,0.0,1203.45703125,80.6,14.06640625,405.65234375,0.0,0.0,0.0,1.7,7048.04296875,368.9891249346069,0.1734468461945653,6.8,0.0,1203.45703125,83.6,14.75390625,406.296875,0.0,0.0,0.0,2.1,7058.23828125,341.2029815210863,0.18757163174450397,94.5,2.85546875,1207.99609375,3.2,0.703125,392.30859375,0.0,0.0,0.0,2.3,7032.5703125,352.95384782048876,0.1813268233090639,96.4,4.90234375,1214.0625,0.0,0.2421875,391.7890625,0.0,0.0,0.0,2.1,7048.61328125,345.374081204719,0.18530631996691227,88.6,1.60546875,1215.98046875,0.0,0.2578125,391.79296875,0.0,0.0,0.0,1.8,7127.3828125
128,376.79286938409723,0.33970918878912926,4.4,0.0,1211.3515625,101.0,18.7890625,412.3359375,0.0,0.0,0.0,2.2,7140.80859375,368.5355218432069,0.34732065815478563,4.3,0.0,1211.3515625,101.3,18.890625,412.4921875,0.0,0.0,0.0,2.4,7086.0234375,345.41872914369947,0.37056473549455404,108.1,6.36328125,1222.71875,2.0,0.96875,394.55859375,0.0,0.0,0.0,2.4,7088.7109375,363.0566980801683,0.3525620121508837,114.4,6.671875,1227.25,0.0,0.1484375,393.73046875,0.0,0.0,0.0,2.4,7076.46484375,350.41653143164353,0.36527957022190094,107.1,1.9609375,1229.73828125,0.0,0.171875,393.74609375,0.0,0.0,0.0,2.1,7075.23046875
256,381.84466347460176,0.6704296916723251,2.5,0.0,1224.76171875,115.4,22.17578125,418.39453125,0.0,0.0,0.0,2.4,7112.2421875,369.88025036250167,0.69211589358747,2.5,0.0,1224.76171875,119.7,21.703125,417.9375,0.0,0.0,0.0,2.8,7098.578125,346.4057230220044,0.7390178134664893,121.1,9.78515625,1241.27734375,4.6,2.1953125,398.453125,0.0,0.0,0.0,2.9,7094.76171875,367.7735533129187,0.6960805030539632,127.3,7.39453125,1242.3359375,0.0,0.0859375,396.3046875,0.0,0.0,0.0,2.8,7088.37109375,354.11858958634576,0.7229216638952494,119.7,3.4296875,1245.984375,0.0,0.0859375,396.33984375,0.0,0.0,0.0,2.5,7109.28125
512,381.9664446996223,1.3404318811371922,1.4,0.0,1246.00390625,128.7,28.28125,428.9921875,0.0,0.0,0.0,3.0,7213.34375,370.1660777391702,1.3831629389896989,1.3,0.0,1246.00390625,126.4,29.640625,430.34765625,0.0,0.0,0.0,3.2,7179.703125,342.9956642424965,1.492730239406228,128.9,9.6328125,1255.6484375,4.9,5.00390625,405.75,0.0,0.0,0.0,3.4,7142.04296875,370.23933560325486,1.3828892577439547,139.6,10.4375,1263.30078125,0.0,0.0859375,400.79296875,0.0,0.0,0.0,3.4,7180.34765625,356.21659661605577,1.4373277518898249,131.6,5.2109375,1268.515625,0.0,0.08984375,400.81640625,0.0,0.0,0.0,2.9,7178.5859375
1024,382.62380909494465,2.676257921382785,0.7,0.0,1268.51953125,133.0,39.19921875,444.0625,0.0,0.0,0.0,3.5,7220.52734375,369.162287389281,2.7738478034734726,0.7,0.0,1268.51953125,131.6,42.11328125,446.99609375,0.0,0.0,0.0,3.6,7195.80078125,342.2442559875446,2.992015153169632,131.0,18.47265625,1286.9921875,5.4,5.3984375,410.328125,0.0,0.0,0.0,3.7,7183.0390625,371.9654166120066,2.75294410251081,143.0,14.2109375,1294.43359375,0.3,-0.89453125,404.015625,0.0,0.0,0.0,3.8,7191.62890625,356.7298524165548,2.8705195067450404,136.7,13.2421875,1307.68359375,0.3,0.01953125,405.05078125,0.0,0.0,0.0,3.6,7209.875
2048,382.1930257563291,5.358548853546381,0.5,0.0,1308.9140625,135.4,32.3671875,447.26953125,0.0,0.0,0.0,3.8,7264.03125,364.79129890854006,5.614168995060027,0.5,0.0,1308.9140625,135.1,35.26953125,450.203125,0.0,0.0,0.0,3.9,7263.87109375,339.34172419632813,6.035214222036302,132.7,-1.7734375,1307.140625,5.8,18.5,433.42578125,0.0,0.0,0.0,3.9,7217.84375,372.5194049560264,5.497700180858374,145.5,23.5390625,1337.328125,0.2,0.01953125,414.9453125,0.0,0.0,0.0,4.1,7239.32421875,356.0283389337189,5.752351080067456,139.2,41.26171875,1379.26953125,0.3,0.03125,414.9296875,0.0,0.0,0.0,3.9,7361.80078125
4096,381.66633866436575,10.73188695218414,0.3,0.0,1361.8671875,138.0,48.71484375,532.1953125,0.0,0.0,0.0,4.1,7361.82421875,372.23854214550664,11.003696652129292,0.3,0.0,1361.8671875,136.8,48.7265625,532.19921875,0.0,0.0,0.0,4.2,7388.42578125,345.84290078208545,11.843527771532536,136.0,54.83984375,1416.70703125,4.1,20.33984375,503.89453125,0.0,0.0,0.0,4.3,7442.7421875,371.7950972471166,11.016820905730128,148.5,33.33984375,1427.30859375,0.3,0.0234375,483.49609375,0.0,0.0,0.0,4.4,7416.64453125,353.8372598819957,11.575943136587739,140.7,57.9375,1484.30078125,0.3,0.01953125,483.5,0.0,0.0,0.0,4.1,7642.30078125
8192,381.9867368806879,21.44577077962458,0.1,0.0,1387.3203125,138.7,42.71875,621.1171875,0.0,0.0,0.0,4.2,7469.19140625,372.03455090647714,22.019460235722363,0.2,0.0,1387.3203125,137.3,58.6796875,637.4609375,0.0,0.0,0.0,4.3,7555.5078125,345.14415068317476,23.735010382719338,136.8,97.703125,1489.671875,4.2,36.0859375,614.6953125,0.0,0.0,0.0,4.5,7714.00390625,,,,,,,,,,,,,,353.4418216429067,23.177789096720517,140.2,146.2734375,1566.15625,0.3,1.21875,579.6328125,0.0,0.0,0.0,4.3,8049.91015625
32,372.12267024091983,0.08599314838647842,9.8,0.0,1129.37109375,61.9,11.05078125,401.6328125,0.0,0.0,0.0,2.8,7041.75390625,368.2821148227702,0.0868899105116725,4.9,0.0,1129.375,56.9,11.30078125,401.91015625,0.0,0.0,0.0,1.9,7043.76171875,337.0273489476991,0.09494778420776129,70.4,10.18359375,1168.24609375,0.0,0.51171875,391.08984375,0.0,0.0,0.0,2.0,7144.46484375,328.1651798200335,0.09751186892390251,74.0,9.73828125,1198.4921875,0.0,0.265625,390.83203125,0.0,0.0,0.0,2.0,7172.875,329.30888835801215,0.09717320464551449,69.2,2.5,1206.9140625,0.0,0.2578125,390.83203125,0.0,0.0,0.0,1.8,7110.91796875
64,376.26236992355604,0.17009407561272383,6.9,0.0,1202.6796875,77.6,14.08984375,405.5,0.0,0.0,0.0,1.9,7133.18359375,371.4039057039162,0.17231913562864065,6.9,0.0,1202.6796875,80.6,14.35546875,405.79296875,0.0,0.0,0.0,2.0,7105.515625,345.1491535654812,0.18542708083987236,85.3,2.17578125,1209.17578125,3.2,0.77734375,392.20703125,0.0,0.0,0.0,2.1,7146.0546875,352.79474443129766,0.18140859808772802,93.1,5.12109375,1215.6640625,0.0,0.25390625,391.671875,0.0,0.0,0.0,6.3,7259.30859375,346.5960442730592,0.18465300183743238,88.8,0.9609375,1218.11328125,0.0,0.25390625,391.71875,0.0,0.0,0.0,2.0,7235.6875
128,378.4918180070363,0.3381843250244856,4.4,0.0,1213.98046875,101.2,17.75390625,411.27734375,0.0,0.0,0.0,2.2,7208.5,371.0281837033268,0.34498726949095726,4.3,0.0,1213.98046875,99.8,17.6171875,411.140625,0.0,0.0,0.0,2.3,7193.4765625,343.99246676791347,0.3721011718735099,107.8,5.30078125,1223.5078125,2.0,0.99609375,394.578125,0.0,0.0,0.0,2.5,7159.3828125,362.76460862011817,0.35284588672220707,114.1,1.01953125,1223.36328125,0.0,0.14453125,393.6328125,0.0,0.0,0.0,4.0,7191.25,350.9145942668856,0.36476111877709627,109.4,1.41796875,1229.484375,0.0,0.16796875,393.6953125,0.0,0.0,0.0,2.8,7131.015625
256,381.51988988548163,0.6710004033520818,2.5,0.0,1224.84375,116.6,22.046875,418.234375,0.0,0.0,0.0,2.5,7169.30859375,370.16501970460314,0.6915834462270141,2.5,0.0,1224.84375,116.1,22.7265625,418.94140625,0.0,0.0,0.0,2.8,7165.07421875,345.6560049885603,0.7406207220628858,122.0,12.58984375,1242.08203125,3.5,2.2265625,398.4453125,0.0,0.0,0.0,3.0,7121.921875,369.01634189392433,0.6937362141907215,126.5,6.64453125,1241.3203125,0.0,0.08984375,396.30078125,0.0,0.0,0.0,2.8,7169.10546875,353.62082520183424,0.7239392641931772,124.3,3.59375,1246.171875,1.2,0.08984375,396.3125,0.0,0.0,0.0,2.7,7249.9609375
512,381.5500461004052,1.3418947402387857,1.4,0.0,1239.234375,126.6,28.43359375,428.96875,0.0,0.0,0.0,3.0,7200.875,370.2711453876453,1.3827704545110464,2.0,0.0,1239.234375,125.1,28.97265625,429.54296875,0.0,0.0,0.0,3.2,7192.83984375,344.29020898105745,1.4871175149455667,127.5,9.30859375,1255.265625,5.0,5.046875,405.8359375,0.0,0.0,0.0,3.2,7264.2734375,370.84385738541783,1.3806349756196141,137.2,10.67578125,1263.13671875,0.0,0.08203125,400.61328125,0.0,0.0,0.0,3.2,7258.12109375,355.92321183097766,1.4385125301778316,132.1,6.92578125,1270.18359375,0.0,0.08203125,400.6171875,0.0,0.0,0.0,3.0,7183.0390625
1024,383.0485042390885,2.6732906894758344,0.7,0.0,1270.0859375,133.5,39.18359375,444.17578125,0.0,0.0,0.0,3.5,7231.6796875,369.01099195633344,2.7749850880354643,1.0,0.0,1270.0859375,130.9,41.1484375,446.15234375,0.0,0.0,0.0,3.7,7224.625,341.1665483545446,3.0014666002243757,131.0,17.40234375,1287.48828125,5.1,5.3984375,410.3984375,0.0,0.0,0.0,3.8,7175.0546875,371.57583240690917,2.7558304676786065,142.8,14.7890625,1294.5,0.3,0.04296875,405.04296875,0.0,0.0,0.0,3.7,7223.61328125,356.93096333632457,2.8689021272584796,135.8,13.8203125,1308.328125,0.0,0.0390625,405.015625,0.0,0.0,0.0,3.5,7240.8046875
2048,382.0268155169901,5.360880223102868,0.4,0.0,1299.61328125,135.3,32.5703125,447.46875,0.0,0.0,0.0,3.8,7304.15234375,364.65075282795283,5.616332844831049,0.3,0.0,1299.61328125,134.9,35.453125,450.39453125,0.0,0.0,0.0,4.0,7287.08203125,339.9468018983066,6.024472030811012,132.4,31.9296875,1330.55859375,5.8,18.44921875,433.36328125,0.0,0.0,0.0,3.9,7224.046875,372.9344850735877,5.491581181064248,146.9,24.40234375,1343.3046875,0.2,0.03125,414.9296875,0.0,0.0,0.0,4.1,7258.14453125,356.71725144952353,5.741241814568639,139.0,41.17578125,1384.484375,0.3,0.01953125,414.9609375,0.0,0.0,0.0,3.9,7326.32421875
4096,382.173450627115,10.717646642588079,0.3,0.0,1359.17578125,138.2,45.73046875,530.97265625,0.0,0.0,0.0,4.1,7349.71484375,372.47008892853336,10.996856181882322,0.2,0.0,1359.17578125,137.0,45.6171875,530.796875,0.0,0.0,0.0,4.2,7485.95703125,345.7390308290891,11.847085908055305,137.2,62.6015625,1421.77734375,4.1,19.17578125,504.29296875,0.0,0.0,0.0,4.3,7416.87109375,372.25566650641747,11.00319046434015,149.1,33.90234375,1432.0234375,0.4,0.01953125,485.19921875,0.0,0.0,0.0,4.4,7366.859375,354.2722755895943,11.56172887980938,140.8,56.17578125,1487.21484375,0.3,0.10546875,485.29296875,0.0,0.0,0.0,4.1,7660.6484375
8192,382.3382464604167,21.426054222509265,0.1,0.0,1387.8359375,138.5,43.21484375,621.734375,0.0,0.0,0.0,4.2,7476.87109375,372.52598014039245,21.990412579849362,0.1,0.0,1387.8359375,137.2,58.890625,637.28125,0.0,0.0,0.0,4.3,7548.8828125,344.89092275051047,23.752437247894704,137.0,97.0859375,1487.9765625,4.2,41.1953125,619.64453125,0.0,0.0,0.0,4.4,7614.3984375,,,,,,,,,,,,,,353.21659867111975,23.192568046972156,139.9,81.8671875,1500.109375,0.3,0.46875,578.8203125,0.0,0.0,0.0,4.3,7897.65234375
32,371.9314004328379,0.08603737130761147,9.8,0.00390625,1128.7578125,57.0,11.15234375,401.65234375,0.0,0.0,0.0,2.8,6973.859375,367.5288718054882,0.0870679896324873,4.9,0.0,1128.76171875,52.2,11.21875,401.734375,0.0,0.0,0.0,1.8,6970.140625,339.2858175463589,0.09431576076894999,75.3,10.3046875,1168.0234375,0.0,0.515625,391.03515625,0.0,0.0,0.0,2.0,7056.48828125,325.10586593945595,0.09842947591096163,73.6,9.234375,1196.375,4.5,0.2578125,390.7890625,0.0,0.0,0.0,2.1,7068.82421875,328.5656120688462,0.09739302843809128,73.7,2.62109375,1201.32421875,0.0,0.25390625,390.8203125,0.0,0.0,0.0,1.7,7064.61328125
64,375.9646113065029,0.17022878769785166,6.9,0.0,1202.61328125,84.2,13.796875,405.1796875,0.0,0.0,0.0,1.8,7147.4375,368.74440824922937,0.17356195393949747,6.8,0.1484375,1202.76171875,76.8,14.3125,405.70703125,0.0,0.0,0.0,2.1,7081.0234375,344.94179259191804,0.1855385499075055,88.6,3.6328125,1208.23828125,3.2,0.7734375,392.1796875,0.0,0.0,0.0,2.2,7078.5078125,353.542293284467,0.18102501798421144,93.1,4.83984375,1214.5234375,0.0,0.25390625,391.82421875,0.0,0.0,0.0,2.2,7073.05078125,345.4063423219451,0.18528901226818562,91.9,0.7265625,1216.21484375,0.0,0.2578125,391.6484375,0.0,0.0,0.0,1.9,7042.296875
128,378.6162875146268,0.3380731474608183,4.4,0.0,1216.23046875,99.1,15.70703125,409.0390625,0.0,0.0,0.0,2.1,7103.46484375,371.0463409982928,0.3449703874066472,4.3,0.0,1216.23046875,101.9,16.546875,409.9296875,0.0,0.0,0.0,2.3,7125.6015625,344.4612459826563,0.3715947773307562,107.9,4.72265625,1222.19140625,4.0,0.98828125,394.390625,0.0,0.0,0.0,2.5,7081.47265625,362.21363030284175,0.35338261537253857,112.0,5.3828125,1226.44140625,0.0,0.1640625,393.49609375,0.0,0.0,0.0,2.4,7105.234375,351.52296006807137,0.3641298422589898,107.4,0.73046875,1227.203125,0.0,0.16015625,393.50390625,0.0,0.0,0.0,2.2,7090.421875
256,380.3115202368285,0.6731323832646012,2.5,0.0,1223.1640625,118.7,22.21484375,418.53125,0.0,0.0,0.0,2.5,7092.22265625,370.4434366683654,0.6910636676475406,2.5,0.0,1223.1640625,117.4,22.6328125,418.953125,0.0,0.0,0.0,2.8,7074.76953125,344.2260342200802,0.7436973806470633,121.5,13.421875,1240.65625,3.4,2.015625,398.37109375,0.0,0.0,0.0,2.9,7082.82421875,368.0233511094821,0.6956080347299576,128.7,6.46875,1239.5625,0.0,0.08984375,396.390625,0.0,0.0,0.0,2.8,7142.65625,353.6595322835084,0.7238600309938192,123.1,0.56640625,1240.14453125,0.0,0.0859375,396.4140625,0.0,0.0,0.0,2.5,7141.70703125
512,381.57709510741586,1.3417996168136597,1.4,0.0,1237.078125,127.9,27.83203125,428.31640625,0.0,0.0,0.0,3.0,7138.13671875,369.47859191362284,1.3857365790754557,1.3,0.0,1237.078125,124.2,28.46875,429.0,0.0,0.0,0.0,3.3,7137.66015625,342.45810134567785,1.4950734060257673,128.7,11.1953125,1253.98046875,4.3,6.640625,407.02734375,0.0,0.0,0.0,3.2,7124.69140625,371.6576015889046,1.3776120757684112,136.1,10.44921875,1261.6640625,0.7,0.0859375,400.4609375,0.0,0.0,0.0,3.3,7176.47265625,355.97299464025207,1.4383113542571664,132.1,5.6640625,1267.33984375,0.6,0.21875,400.59375,0.0,0.0,0.0,3.1,7162.16796875
1024,383.01921280169034,2.6734951296821237,0.7,0.0,1267.33984375,132.4,40.6953125,445.55859375,0.0,0.0,0.0,3.6,7211.734375,367.1586631359696,2.7889849888160825,0.7,0.0,1267.328125,131.6,42.59375,447.44921875,0.0,0.0,0.0,4.9,7205.74609375,340.3109086072048,3.009013152681291,129.4,19.046875,1286.375,5.4,5.40625,410.3125,0.0,0.0,0.0,3.7,7186.9140625,369.9605393312835,2.7678627613931894,143.9,16.671875,1296.26171875,0.3,0.01953125,404.89453125,0.0,0.0,0.0,3.9,7198.01953125,355.8620727099116,2.877519349567592,136.0,14.07421875,1310.3671875,0.3,0.0390625,404.87890625,0.0,0.0,0.0,3.5,7232.546875
2048,383.7694896250618,5.336536789312959,0.4,0.0,1310.375,135.6,30.89453125,445.76171875,0.0,0.0,0.0,3.8,7289.60546875,365.88928821197544,5.597321555949748,0.3,0.0,1310.375,134.6,35.04296875,449.9140625,0.0,0.0,0.0,3.9,7283.60546875,339.63979114059106,6.029917734675109,133.1,29.796875,1340.171875,5.8,20.546875,435.66015625,0.0,0.0,0.0,4.1,7200.6953125,371.0843062620932,5.5189615013077855,146.1,23.44921875,1348.97265625,0.2,0.01953125,414.890625,0.0,0.0,0.0,4.1,7255.4140625,356.20990878950386,5.749418950639665,139.6,36.06640625,1385.07421875,0.3,0.03125,414.90234375,0.0,0.0,0.0,3.9,7354.08203125
4096,382.3403716805609,10.712967563420534,0.2,0.0,1383.546875,137.7,47.83984375,531.2578125,0.0,0.0,0.0,4.0,7377.7734375,372.1627360560431,11.005938002839684,0.4,0.0,1382.5625,136.5,48.4140625,531.828125,0.0,0.0,0.0,4.2,7460.87109375,345.54615017974635,11.853698841296136,135.7,47.1328125,1429.6953125,4.2,20.35546875,503.796875,0.0,0.0,0.0,4.3,7505.3984375,372.31290777037873,11.001498778350651,148.2,32.44921875,1430.80078125,0.3,0.01953125,483.453125,0.0,0.0,0.0,4.3,7430.2265625,354.591954971644,11.551305500790477,139.3,47.03515625,1477.859375,0.3,0.02734375,483.46875,0.0,0.0,0.0,4.1,7679.53515625
8192,381.9494915978232,21.447862034663558,0.1,0.0,1394.13671875,138.8,42.51171875,620.8984375,0.0,0.0,0.0,4.2,7485.87890625,371.9733450067461,22.023083400912583,0.1,0.0,1394.13671875,137.6,59.609375,637.99609375,0.0,0.0,0.0,4.3,7572.23828125,343.91412197674106,23.819900017231703,136.6,96.0234375,1490.1640625,4.2,40.98046875,619.390625,0.0,0.0,0.0,4.4,7634.45703125,,,,,,,,,,,,,,353.77245444686497,23.156127327121794,140.4,77.7109375,1498.19140625,0.3,0.32421875,578.609375,0.0,0.0,0.0,4.3,7861.33984375
