size,pg_local_throughput,pg_local_time_s,pg_local_py_cpu,pg_local_py_mem_delta,pg_local_py_mem_peak,pg_local_pg_cpu,pg_local_pg_mem_delta,pg_local_pg_mem_peak,pg_local_sys_cpu,pg_local_sys_mem,pg_grpc_throughput,pg_grpc_time_s,pg_grpc_py_cpu,pg_grpc_py_mem_delta,pg_grpc_py_mem_peak,pg_grpc_pg_cpu,pg_grpc_pg_mem_delta,pg_grpc_pg_mem_peak,pg_grpc_sys_cpu,pg_grpc_sys_mem,pg_http_throughput,pg_http_time_s,pg_http_py_cpu,pg_http_py_mem_delta,pg_http_py_mem_peak,pg_http_pg_cpu,pg_http_pg_mem_delta,pg_http_pg_mem_peak,pg_http_sys_cpu,pg_http_sys_mem,ext_direct_throughput,ext_direct_time_s,ext_direct_py_cpu,ext_direct_py_mem_delta,ext_direct_py_mem_peak,ext_direct_pg_cpu,ext_direct_pg_mem_delta,ext_direct_pg_mem_peak,ext_direct_sys_cpu,ext_direct_sys_mem,ext_grpc_throughput,ext_grpc_time_s,ext_grpc_py_cpu,ext_grpc_py_mem_delta,ext_grpc_py_mem_peak,ext_grpc_pg_cpu,ext_grpc_pg_mem_delta,ext_grpc_pg_mem_peak,ext_grpc_sys_cpu,ext_grpc_sys_mem,ext_http_throughput,ext_http_time_s,ext_http_py_cpu,ext_http_py_mem_delta,ext_http_py_mem_peak,ext_http_pg_cpu,ext_http_pg_mem_delta,ext_http_pg_mem_peak,ext_http_sys_cpu,ext_http_sys_mem
32,382.3700453977676,0.08368856395827606,5.1,0.0078125,753.93359375,49.6,3.33984375,392.609375,3.3,4505.19140625,373.68774885947425,0.085632991977036,5.1,0.0,753.94140625,0.0,0.375,390.0546875,2.3,4531.8828125,341.49569219651215,0.09370542800752446,4.9,0.0,753.94140625,0.0,0.73046875,391.1328125,2.2,4532.484375,351.9278752332488,0.09092772199073806,63.2,4.125,942.1171875,9.4,0.8046875,388.97265625,2.4,4747.15625,349.6211215771358,0.09152765100589022,14.5,0.28125,938.51171875,0.0,0.8046875,389.08984375,2.4,4400.48046875,314.3241389151976,0.10180573503021151,9.2,0.02734375,938.55859375,4.5,1.01171875,389.21484375,1.7,4389.0859375
64,381.7764089963368,0.1676373879890889,7.1,0.00390625,938.5625,65.7,6.1796875,395.3671875,1.7,4390.015625,377.6898376656814,0.16945121000753716,3.5,0.0,938.5625,0.0,0.99609375,390.671875,2.1,4390.0546875,346.33746445804485,0.18479086604202166,3.3,0.0,938.5625,0.0,1.71875,392.140625,1.8,4471.28515625,356.79151911627497,0.1793764609610662,78.1,5.26171875,952.11328125,0.0,2.08203125,390.28125,1.9,4504.84375,354.22523312655466,0.18067600502399728,10.1,0.2890625,950.203125,0.0,2.08203125,390.29296875,2.0,4467.3046875,319.16724635238955,0.20052182901417837,9.5,0.00390625,950.20703125,0.0,2.08203125,390.28125,1.9,4430.55078125
128,416.24896925986246,0.30750826897565275,4.7,0.00390625,950.2109375,86.4,9.10546875,398.3046875,2.1,4427.6171875,414.41838349825053,0.3088666070252657,2.4,0.0,950.2109375,0.0,1.98046875,391.67578125,2.2,4497.21875,376.9323747296499,0.3395834600087255,2.2,0.0,950.2109375,2.2,3.484375,393.90625,2.1,4527.8984375,386.49957237447046,0.3311775979818776,94.1,7.22265625,961.578125,4.4,0.20703125,388.4140625,2.2,4513.98046875,385.8950499614319,0.3316964029800147,6.7,0.33984375,955.53515625,2.2,0.20703125,388.4140625,2.0,4472.453125,344.4876681900858,0.37156627600779757,10.3,0.3203125,955.85546875,0.0,0.20703125,388.3984375,2.1,4426.87109375
256,448.78199096067345,0.5704328719875775,2.9,0.01953125,955.875,102.6,12.75,401.984375,2.5,4479.2734375,447.4955929190237,0.5720726730069146,1.5,0.0,955.875,0.0,3.7734375,393.46484375,2.6,4462.3515625,401.484561293924,0.6376334850210696,2.7,0.0,955.875,1.3,2.8203125,393.2421875,2.6,4462.484375,414.75888449000973,0.6172260789899155,106.4,7.15234375,966.09375,1.4,0.20703125,388.40625,2.5,4500.046875,412.21527508838193,0.621034724987112,8.1,3.0390625,962.015625,1.3,0.20703125,388.3984375,2.6,4541.73828125,365.92702679165166,0.6995930370176211,9.8,1.05859375,963.07421875,1.2,0.20703125,388.41015625,2.5,4488.5390625
512,442.84256296048966,1.1561670959927142,0.8,0.0234375,963.09765625,112.7,19.28125,408.4765625,2.8,4499.0078125,440.33129793269524,1.162760863022413,1.6,0.0,963.09765625,1.6,7.53125,397.20703125,2.9,4548.99609375,395.28410620231136,1.2952709000092,2.1,0.0,963.09765625,0.7,4.12109375,394.55078125,2.9,4494.03515625,408.61722880854757,1.2530063930316828,113.2,13.671875,977.921875,2.2,4.078125,392.2890625,2.8,4519.09765625,404.47713528982985,1.2658317500026897,7.2,9.3515625,974.46875,2.2,4.078125,392.28515625,2.9,4517.57421875,360.1246586772402,1.4217299139709212,8.5,1.4296875,975.8984375,1.9,4.078125,392.27734375,2.8,4479.29296875
1024,435.2480441241923,2.352681451011449,0.4,0.0234375,975.921875,117.2,22.6640625,411.8671875,3.0,4510.4921875,431.97602166929084,2.3705019460176118,0.8,0.0,975.921875,0.4,7.48828125,397.17578125,3.2,4491.52734375,390.3428918439859,2.6233345640357584,0.4,0.0,975.921875,0.7,19.70703125,410.1328125,3.2,4494.3984375,402.1714201152166,2.5461779449833557,117.9,20.32421875,996.24609375,2.2,4.1015625,392.30078125,3.2,4532.2734375,399.48307654603275,2.563312590995338,6.7,10.62890625,998.4296875,1.9,4.1015625,392.30859375,3.4,4529.7265625,356.3356481522074,2.8736950830207206,8.0,27.2578125,1000.3125,2.0,4.1015625,392.30078125,3.1,4500.46484375
2048,427.49860504432644,4.790658907033503,0.4,0.0234375,974.12109375,120.7,32.78125,422.15625,3.4,4461.51171875,423.8391410131445,4.8320218729786575,0.4,0.0,974.12109375,0.8,13.3359375,403.0234375,3.4,4526.7421875,383.4494617627466,5.340990676020738,0.4,0.0,974.12109375,0.9,38.01953125,428.43359375,3.5,4553.515625,395.9737661234997,5.172059806005564,119.3,50.53515625,1027.7109375,2.3,10.5625,398.765625,3.6,4604.359375,392.8771905531095,5.212824896036182,6.4,-9.23828125,1000.5546875,2.2,10.5625,398.7734375,3.5,4584.60546875,349.06187929927563,5.867154569015838,8.4,25.31640625,1008.9375,1.7,10.5625,398.765625,3.5,4566.8671875
4096,437.1303702213799,9.370202298974618,0.3,4.78515625,989.8984375,122.8,39.59765625,428.765625,3.6,4499.71484375,434.64987180766275,9.423676999984309,0.2,1.546875,991.4453125,0.9,12.12890625,401.8203125,3.7,4554.0390625,391.4664333486362,10.463221495039761,0.3,0.0,991.4453125,1.2,61.18359375,451.609375,3.7,4643.98046875,404.9638062848265,10.114484150020871,121.3,88.4375,1079.8828125,2.2,4.24609375,392.4375,3.7,4757.2109375,401.40581323803104,10.204137222026475,6.5,-11.43359375,1034.5546875,2.3,4.24609375,392.453125,3.7,4695.875,355.008913693916,11.537738467974123,8.8,78.7421875,1078.41796875,2.1,4.24609375,392.44140625,3.7,4783.26953125
8192,443.9408617216864,18.452908273029607,0.3,0.0,1030.7265625,124.0,49.6484375,438.91796875,3.8,4590.11328125,439.99607415518665,18.618347938056104,0.2,0.0,1029.7421875,0.9,19.0703125,408.76171875,3.8,4753.6640625,395.14401639260376,20.731681767036207,0.2,0.0,1029.7421875,1.3,82.50390625,472.91015625,3.8,4772.10546875,409.1203381717212,20.023448446998373,122.2,84.9765625,1114.71875,2.3,6.2578125,394.46484375,3.8,4851.01171875,405.4883606544651,20.202799376973417,6.8,48.1875,1094.09375,2.3,6.2578125,394.44921875,3.8,4822.3359375,357.3995467588947,22.921125877997838,8.9,90.03125,1115.3125,2.0,6.2578125,394.45703125,3.8,4949.94921875
32,381.5506797900492,0.08386828197399154,10.2,0.01171875,753.90625,49.5,3.37890625,392.55859375,3.1,4313.54296875,374.1626735518277,0.08552429801784456,5.1,0.0,753.91015625,0.0,0.375,390.04296875,1.8,4317.1640625,341.15799802194,0.09379818203160539,4.8,0.0,753.91015625,0.0,0.71484375,391.12109375,1.7,4333.0546875,351.9217096671709,0.09092931501800194,67.9,4.07421875,942.10546875,0.0,0.8046875,388.98828125,1.8,4519.9140625,348.59999779726445,0.09179575502639636,4.8,0.3828125,938.60546875,0.0,0.8046875,389.08984375,1.7,4513.29296875,307.8029599599626,0.1039626129786484,9.1,0.0234375,938.6484375,0.0,1.01171875,389.21875,1.6,4532.3515625
64,380.9713682757404,0.16799162700772285,3.5,0.00390625,938.65234375,69.0,6.140625,395.375,1.8,4549.67578125,376.19346646304894,0.17012522998265922,7.0,0.0,938.65234375,0.0,0.99609375,390.6875,2.1,4664.48828125,346.47830891641956,0.18471574800787494,6.7,0.0,938.65234375,3.3,1.734375,392.16796875,1.9,4599.45703125,353.4324280400527,0.1810812900075689,80.9,5.3984375,952.25390625,3.3,2.08203125,390.29296875,1.8,4561.1796875,352.04580949010904,0.18179452297044918,6.7,0.0078125,949.640625,0.0,2.08203125,390.28125,2.0,4554.0234375,317.1111082473834,0.20182200602721423,9.5,0.015625,949.65625,0.0,2.08203125,390.2890625,1.9,4575.26953125
128,417.20397975148177,0.3068043600069359,2.4,0.00390625,949.66015625,86.4,8.8828125,398.0625,2.0,4536.76953125,415.1388677482637,0.3083305610343814,4.7,0.0,949.66015625,0.0,1.96484375,391.66015625,2.2,4523.35546875,376.9078478721765,0.3396055580233224,4.4,0.0,949.66015625,4.3,3.4765625,393.90625,2.3,4527.26171875,386.25628327960646,0.33138619497185573,96.2,7.9609375,960.0390625,0.0,0.20703125,388.3984375,2.1,4601.0234375,385.7164392803257,0.3318499990273267,8.9,0.2578125,955.625,2.2,0.20703125,388.3984375,2.2,4619.1875,344.06348815395967,0.3720243629650213,8.2,0.01953125,955.64453125,0.0,0.20703125,388.3984375,2.1,4587.8046875
256,448.2205657758781,0.5711473759729415,2.9,0.01953125,955.6640625,103.9,13.27734375,402.4765625,2.5,4595.21875,445.92550164651936,0.5740869249566458,2.9,0.0,955.6640625,0.0,3.78125,393.48046875,2.5,4551.5,403.5639883510573,0.6343479779898189,1.3,0.0,955.6640625,2.6,2.82421875,393.23828125,2.6,4575.16796875,412.98186953043927,0.6198819340206683,106.0,8.671875,965.73828125,1.3,0.20703125,388.41015625,2.4,4588.24609375,413.79710230266505,0.6186606879928149,5.4,0.01171875,960.609375,1.4,0.20703125,388.421875,2.5,4560.7265625,366.15739893735275,0.6991528799990192,9.8,0.15625,960.765625,2.4,0.20703125,388.421875,2.4,4559.6171875
512,441.5715766802927,1.1594949200516567,0.8,0.0234375,960.7890625,112.4,19.421875,408.62890625,2.7,4580.08984375,437.5862837714029,1.1700549559900537,1.6,0.0,960.7890625,0.8,7.53125,397.20703125,2.8,4583.7734375,398.25649002007117,1.2856036570155993,1.4,0.0,960.7890625,1.4,4.10546875,394.51953125,2.9,4608.5859375,407.46521183470907,1.2565489890403114,114.4,13.8359375,974.8515625,1.5,4.078125,392.2890625,3.0,4624.625,405.06645860044176,1.263990116014611,6.5,4.42578125,975.05078125,2.2,4.08203125,392.28125,2.8,4632.0234375,359.9370915138539,1.4224707930115983,8.5,13.87890625,971.8671875,1.9,4.078125,392.28515625,2.8,4575.14453125
1024,435.7350455364506,2.3500519650406204,1.2,0.0234375,959.3125,117.3,22.78515625,412.0,3.1,4617.11328125,432.38263667377004,2.3682727129780687,0.8,0.0,959.3125,0.4,7.48828125,397.171875,3.5,4571.32421875,392.46872342440645,2.6091251070029102,0.7,0.0,959.3125,1.1,19.703125,410.12890625,3.2,4574.1640625,401.9105258057826,2.547830758965574,116.7,27.47265625,994.06640625,1.9,4.1015625,392.3046875,3.1,4613.0859375,399.2756313429561,2.5646443699952215,6.7,12.03515625,997.65625,2.2,4.1015625,392.30078125,3.3,4610.6640625,356.2224798525869,2.8746080270502716,8.7,27.21484375,999.65625,1.7,4.1015625,392.31640625,3.3,4615.03515625
2048,427.58697306229,4.7896688370383345,0.4,0.0234375,973.48046875,119.9,32.90625,422.21484375,3.5,4611.16015625,424.10341759497385,4.829010838002432,0.4,0.0,973.48046875,0.8,13.3203125,403.01953125,3.6,4582.578125,382.4662257439629,5.354721180978231,0.4,0.0,973.48046875,1.1,35.75,426.1796875,3.5,4647.04296875,394.9604726107823,5.185329019033816,119.6,50.69921875,1025.5234375,2.1,10.5625,398.77734375,3.5,4743.0390625,392.9681733220109,5.211617985973135,6.4,-9.69140625,998.8984375,2.2,10.5625,398.77734375,3.4,4678.296875,347.7011339843272,5.890115964051802,8.5,29.9765625,1010.94140625,1.8,10.5625,398.7734375,3.5,4689.83984375
4096,437.4317075701333,9.363747366995085,0.3,2.328125,990.3515625,122.7,39.4453125,428.6171875,3.6,4689.2578125,434.55383050699834,9.425759738951456,0.3,0.0,990.3515625,0.8,12.12109375,401.81640625,3.7,4702.9453125,391.42667926295564,10.464284160989337,0.3,0.00390625,990.35546875,1.2,61.17578125,451.60546875,3.7,4734.34765625,403.7275857319181,10.145454867975786,121.7,61.8125,1052.16796875,2.1,4.2421875,392.4375,3.7,4849.41796875,400.16021829017853,10.23590005398728,6.8,19.0859375,1036.375,2.3,4.2421875,392.4453125,3.7,4831.0078125,354.18987916738763,11.56441852496937,9.0,85.54296875,1087.0390625,2.0,4.2421875,392.4453125,3.6,4893.01953125
8192,443.0501905661141,18.49000446096761,0.2,4.93359375,1044.296875,123.7,49.67578125,438.875,3.9,4751.36328125,440.2441977742612,18.607854553032666,0.2,0.0,1043.3125,0.9,19.078125,408.76171875,3.9,4889.6953125,394.26698086923824,20.777798794966657,0.2,0.0,1043.3125,1.3,82.50390625,472.92578125,3.8,4949.0078125,408.27108362438383,20.065099706000183,122.0,90.94140625,1134.25390625,2.3,6.2578125,394.45703125,3.8,5095.6171875,404.4738981309698,20.253470094990917,7.0,45.78515625,1111.2109375,2.3,6.2578125,394.44921875,3.7,4831.859375,357.1855963641753,22.934855389990844,9.2,85.9765625,1128.359375,2.0,6.2578125,394.46484375,3.7,5052.50390625
32,381.61358098052585,0.08385445800377056,10.2,0.0078125,753.75390625,54.4,3.62109375,392.77734375,3.1,4620.6796875,372.0557269522271,0.08600862097227946,5.0,0.0,753.76171875,4.9,0.3671875,390.0234375,1.8,4462.28125,341.10256971815846,0.09381342399865389,4.8,0.0,753.765625,0.0,0.7109375,391.109375,1.7,4459.5390625,351.2965840466735,0.0910911220125854,62.8,4.21484375,941.9296875,0.0,0.8046875,388.98828125,1.8,4666.32421875,347.6328935960848,0.0920511280419305,9.6,0.25390625,938.36328125,4.7,0.8046875,389.109375,1.9,4740.78515625,308.35799928912104,0.10377548198448494,9.1,0.046875,938.4296875,4.4,1.01171875,389.22265625,1.8,4710.73046875
64,380.50135320475067,0.16819913900690153,3.5,0.00390625,938.43359375,65.5,6.07421875,395.26953125,1.9,4665.0625,377.4707547080823,0.16954955901019275,7.0,0.0,938.43359375,0.0,1.01171875,390.70703125,2.1,4731.00390625,346.11740872146885,0.18490835302509367,3.3,0.0,938.43359375,0.0,1.73046875,392.15625,1.9,4722.953125,353.7373866929804,0.1809251789818518,81.0,4.8671875,951.86328125,0.0,2.08203125,390.265625,1.9,4707.65625,353.01782031517797,0.1812939639785327,10.1,0.00390625,949.77734375,3.3,2.08203125,390.29296875,1.9,4731.12109375,318.6466423927168,0.20084944099653512,9.5,0.18359375,949.9609375,0.0,2.08203125,390.2890625,1.8,4751.9296875
128,416.72528492378984,0.30715678801061586,2.4,0.00390625,949.96484375,91.0,9.078125,398.3203125,2.1,4762.57421875,413.89365861869317,0.30925818101968616,4.7,0.0,949.96484375,2.3,2.015625,391.703125,2.3,4705.66796875,377.6090406183241,0.338974935002625,4.4,0.0,949.96484375,2.2,3.4765625,393.890625,2.1,4723.84765625,388.05361311361077,0.3298513289773837,94.3,7.4375,959.9921875,0.0,0.20703125,388.421875,2.3,4717.20703125,381.5138319046171,0.33550552901579067,4.4,0.5,955.01171875,2.2,0.20703125,388.421875,2.0,4700.9140625,344.4353057639243,0.3716227629920468,10.3,0.03515625,955.046875,0.0,0.20703125,388.40234375,2.2,4723.671875
256,449.0723982675516,0.5700639829738066,1.5,0.05859375,955.10546875,101.2,12.875,402.08203125,2.3,4712.91015625,446.29487364695825,0.5736117869964801,1.5,0.0,955.10546875,2.9,3.8046875,393.4921875,2.7,4677.9140625,404.28295851031424,0.6332198639865965,1.3,0.0,955.10546875,1.3,2.88671875,393.30859375,2.5,4678.09375,414.4486473083794,0.6176881060237065,106.3,9.01171875,965.828125,1.4,0.20703125,388.40625,2.6,4749.6015625,413.33854264310463,0.6193470329744741,8.2,1.29296875,961.6328125,2.7,0.20703125,388.41796875,2.5,4745.1015625,365.7220996487475,0.6999850439606234,8.6,0.6953125,962.328125,2.4,0.20703125,388.4140625,2.5,4760.421875
512,441.6466470528444,1.1592978310072795,1.6,0.0234375,962.3515625,113.2,19.28515625,408.5234375,3.0,4697.73828125,437.11517346083946,1.171316007967107,1.6,0.0,962.3515625,0.0,7.53125,397.21875,2.8,4729.875,392.59272998142956,1.304150487005245,0.7,0.0,962.3515625,1.4,11.41796875,401.84375,2.9,4712.765625,406.89197700442,1.258319231972564,112.8,14.19921875,977.6171875,2.2,4.078125,392.27734375,2.8,4741.37890625,406.0416526814009,1.2609543789876625,6.5,9.3359375,974.28125,1.4,4.078125,392.2890625,2.8,4724.10546875,360.56951707628104,1.4199758319882676,9.1,1.8203125,976.1015625,1.9,4.078125,392.27734375,3.0,4824.0859375
1024,434.53614098192855,2.3565358630148694,0.4,0.0234375,976.125,117.4,22.7890625,412.02734375,3.1,4879.79296875,433.016259411858,2.364807273959741,1.2,0.0,976.125,0.4,7.484375,397.171875,3.3,4716.5390625,390.5805563824448,2.6217382900067605,0.7,0.0,976.125,1.1,20.8359375,411.2578125,3.2,4734.6015625,403.0961397149543,2.5403369050472975,116.7,19.94140625,996.06640625,1.9,4.1015625,392.30859375,3.2,4758.0234375,400.9093055236255,2.5541936440276913,6.7,11.546875,999.16796875,2.2,4.1015625,392.296875,3.1,4763.12109375,356.03877273624823,2.8760912530124187,8.7,30.07421875,1004.03515625,2.0,4.1015625,392.30859375,3.4,4751.78515625
2048,427.5588579231501,4.7899837929871865,0.4,0.0234375,977.8671875,119.9,32.73046875,422.04296875,3.4,4777.09375,423.4642594023249,4.83629953302443,0.4,0.0,977.8671875,0.8,13.32421875,403.01171875,3.5,4750.5625,384.16187729131354,5.331085985002574,0.4,0.0,977.8671875,1.1,38.01953125,428.4453125,3.6,4758.8515625,395.09856958723753,5.183516614953987,119.6,50.3828125,1031.7734375,2.3,10.56640625,398.77734375,3.5,4852.3203125,393.330324274579,5.206819493963849,6.4,-3.6640625,1010.19140625,2.1,10.5625,398.76953125,3.5,4811.6015625,350.0987223107789,5.8497785609797575,8.4,15.4765625,1008.734375,1.8,10.5625,398.76171875,3.5,4807.578125
4096,437.54720847604165,9.36127558501903,0.3,6.23828125,991.1328125,122.3,38.640625,427.84375,3.7,4796.30859375,434.41625387921295,9.428744811972138,0.3,0.0,991.1328125,0.8,12.140625,401.8203125,3.7,4833.0078125,392.29432008582626,10.44114021101268,0.2,1.55078125,992.68359375,1.3,61.171875,451.60546875,3.7,4825.6953125,404.5832910742166,10.123996937996708,121.2,55.1640625,1047.84765625,2.2,4.2421875,392.453125,3.7,4898.9453125,401.4246625174248,10.203658076992724,6.6,16.85546875,1029.82421875,2.2,4.2421875,392.44140625,3.6,4886.66015625,353.63434741984054,11.582585316966288,8.8,85.109375,1080.0546875,2.0,4.2421875,392.4453125,3.6,4826.515625
8192,443.0241184938625,18.491092602023855,0.2,0.0,1032.37890625,123.6,50.5390625,439.7734375,3.8,4895.8125,439.78956745244847,18.62709033198189,0.3,0.0,1031.39453125,0.9,19.0703125,408.76953125,3.8,4966.1953125,395.10748388438924,20.733598663995508,0.2,0.0,1031.39453125,1.2,82.546875,472.9609375,3.8,4949.8515625,409.5940595343985,20.0002900660038,122.0,84.41796875,1115.8125,2.3,6.2578125,394.453125,3.8,5128.94921875,405.79355960890257,20.187604770995677,6.8,54.2265625,1101.2265625,2.3,6.2578125,394.46875,3.8,5026.0625,357.3137409880342,22.926630185975228,8.9,86.71484375,1119.12890625,2.0,6.2578125,394.46484375,3.7,5216.8359375
32,381.8499283972797,0.08380255597876385,5.1,0.0078125,753.7265625,49.4,3.5859375,392.75,3.0,4508.77734375,373.90999545979105,0.08558209298644215,5.1,0.0,753.73046875,0.0,0.37890625,390.07421875,1.7,4538.46875,341.4416258210637,0.09372026601340622,4.8,0.0,753.73046875,0.0,0.71875,391.109375,1.7,4552.71875,352.070523029317,0.09089088096516207,63.0,4.0625,941.5703125,0.0,0.8046875,388.99609375,1.9,4789.2890625,349.6603481334385,0.0915173829998821,4.8,0.29296875,938.0390625,0.0,0.8046875,388.98828125,1.8,4729.0625,309.68474501727655,0.10333088896004483,13.7,0.01953125,938.078125,0.0,0.8046875,389.00390625,1.7,4687.26171875
64,381.5149156325051,0.16775228799087927,7.0,0.00390625,938.08203125,69.0,6.33984375,395.5,1.9,4720.96875,377.7926781629223,0.1694050829974003,7.0,0.0,938.08203125,0.0,0.98046875,390.66015625,2.0,4686.1953125,345.32125414307944,0.1853346680290997,3.3,0.0,938.08203125,0.0,1.70703125,392.10546875,1.8,4701.734375,354.89805371717836,0.18033347697928548,77.7,5.24609375,951.6484375,3.3,1.86328125,390.05859375,1.9,4772.34765625,353.80393712731825,0.18089114699978381,6.7,0.01171875,949.01953125,6.6,1.86328125,390.0390625,2.0,4797.6796875,318.4225347800764,0.20099079998908564,12.6,0.10546875,949.125,3.1,1.86328125,390.046875,1.9,4781.453125
128,417.89542207040773,0.30629672697978094,2.4,0.00390625,949.12890625,91.1,9.140625,398.31640625,2.1,4726.140625,414.71711281789675,0.30864412401570007,4.7,0.0,949.12890625,0.0,1.9765625,391.65625,2.4,4791.37890625,375.84011862070986,0.3405703480239026,4.4,0.0,949.12890625,2.2,3.484375,393.8671875,2.1,4729.03125,387.0126360082721,0.33073855499969795,94.0,7.36328125,960.6171875,0.0,-0.015625,388.1796875,2.2,4790.1171875,385.43989012386334,0.3320880979881622,6.7,0.05859375,953.86328125,4.4,-0.015625,388.16796875,2.1,4752.32421875,344.4119648491842,0.3716479479917325,8.2,0.0234375,953.88671875,0.0,-0.015625,388.171875,2.1,4758.0
256,449.85983445623657,0.5690661410335451,2.9,0.01953125,953.90625,102.8,12.70703125,401.89453125,2.4,4785.13671875,446.4870786439479,0.5733648570021614,2.9,0.0,953.90625,0.0,3.79296875,393.46484375,2.6,4751.734375,405.123982787282,0.6319053200422786,2.7,0.0,953.90625,1.3,2.828125,393.234375,2.5,4763.953125,416.7797147832092,0.6142333489842713,106.9,6.15234375,964.890625,1.4,-0.015625,388.16796875,2.4,4828.671875,412.7390448520144,0.6202466260292567,8.2,1.62890625,960.33984375,1.3,-0.015625,388.16015625,2.5,4759.234375,367.01532937296577,0.6975185489864089,8.6,0.56640625,960.90625,0.0,-0.015625,388.1796875,2.5,4691.2734375
512,443.4409940636744,1.1546068289899267,1.6,0.0234375,960.9296875,112.0,19.9296875,409.109375,2.7,4738.26171875,438.33994731583203,1.1680432119756006,1.6,0.0,960.9296875,0.8,7.53125,397.21484375,3.0,4704.7890625,396.4435105451057,1.291482862958219,0.7,0.0,960.9296875,1.4,4.109375,394.51953125,2.8,4698.31640625,408.36352751079517,1.2537848399952054,112.4,13.5546875,977.375,2.2,3.875,392.05859375,2.9,4719.23828125,405.9951424937787,1.2610988320084289,7.3,9.375,973.51171875,1.4,3.875,392.05859375,2.9,4800.27734375,359.8872337882774,1.4226678579580039,9.1,0.8046875,974.31640625,1.3,3.875,392.0703125,3.0,4832.609375
1024,435.126054728766,2.3533410350210033,0.8,0.0234375,974.33984375,117.6,22.85546875,412.01953125,3.2,4797.99609375,431.8259001320831,2.3713260359945707,0.4,0.0,974.33984375,0.8,7.48046875,397.1484375,3.4,4771.26171875,391.4373286164535,2.6159998680232093,0.7,0.0,974.33984375,0.7,20.83984375,411.23828125,3.1,4767.2109375,402.9033799873861,2.5415522700059228,117.0,20.55859375,995.078125,1.9,3.89453125,392.0703125,3.3,4777.91796875,400.5787666859719,2.5563012450002134,6.7,9.78515625,996.41796875,2.2,3.89453125,392.08984375,3.3,4778.05078125,356.8580966531771,2.8694879270042293,8.4,30.1953125,1001.3984375,1.7,3.89453125,392.08984375,3.4,4790.3359375
2048,428.05791168313,4.784399363037664,0.4,0.0234375,975.22265625,120.4,33.4375,422.578125,3.4,4773.9765625,424.0919469404111,4.829141450987663,0.4,0.0,975.22265625,0.8,13.328125,403.0078125,3.5,4801.57421875,383.51496502533917,5.340078450040892,0.4,0.0,975.22265625,1.3,38.03125,428.4140625,3.5,4800.9765625,395.1596092901177,5.182715925038792,119.8,51.92578125,1030.265625,1.9,10.36328125,398.546875,3.6,4900.671875,393.45497719813443,5.205169889028184,6.2,-10.6953125,1001.65234375,2.3,10.36328125,398.5546875,3.5,4930.8125,349.18342276142346,5.865112334955484,8.5,31.70703125,1015.44140625,1.8,10.36328125,398.55859375,3.5,4858.05078125
4096,438.2834411809808,9.34555042500142,0.3,7.2265625,998.765625,122.8,39.5546875,428.7109375,3.6,4812.75,434.79307385756107,9.420573248004075,0.3,0.0,998.765625,0.8,12.125,401.81640625,3.8,4870.26171875,390.51624499268894,10.488680183014367,0.3,0.0,998.765625,1.3,61.17578125,451.59765625,3.6,4852.18359375,404.9577494245246,10.114635430043563,121.3,56.12109375,1054.88671875,2.2,4.03515625,392.2265625,3.6,4944.93359375,401.20069255006644,10.209354260994587,6.6,18.9140625,1038.921875,2.1,4.03515625,392.23046875,3.7,4841.9296875,354.635297338073,11.549893738003448,8.7,84.3203125,1087.37890625,2.0,4.03515625,392.23046875,3.6,5005.1796875
8192,443.0591241833392,18.489631637989078,0.2,0.0,1039.703125,123.4,50.5,439.6875,3.7,4850.82421875,439.8238379855083,18.62563893198967,0.2,0.0,1038.71875,0.9,19.078125,408.75390625,3.9,4923.45703125,394.32287780754325,20.774853453971446,0.2,0.0,1038.71875,1.3,82.4453125,472.8359375,3.8,5018.2421875,409.10037771591686,20.024425412993878,122.3,83.15234375,1121.87109375,2.3,6.05078125,394.2421875,3.8,5129.9140625,405.0872958458735,20.222801564028487,6.7,47.01953125,1099.09375,2.3,6.05078125,394.24609375,3.8,5135.9375,358.0241942673656,22.881135217030533,9.0,85.19921875,1115.01171875,2.0,6.05078125,394.234375,3.7,5166.25
32,381.73474168611654,0.08382784301647916,5.1,0.0078125,753.76953125,49.4,3.46875,392.5625,3.1,4525.4375,374.43417737618876,0.08546228398336098,10.1,0.0,753.7734375,0.0,0.3671875,390.0390625,1.7,4515.9453125,340.488757711827,0.09398254501866177,4.8,0.00390625,753.78125,0.0,0.73046875,391.1328125,1.7,4514.14453125,352.48235575210464,0.09078468603547662,58.2,4.14453125,941.73046875,0.0,0.8046875,388.98828125,1.9,4740.57421875,349.1912806814452,0.09164031798718497,14.5,0.38671875,938.2421875,0.0,0.8046875,388.98828125,1.7,4754.45703125,308.58587435574384,0.10369884903775528,13.7,0.04296875,938.3046875,4.4,0.8046875,388.98828125,1.8,4753.78515625
64,383.1343653146543,0.16704322502482682,7.1,0.00390625,938.30859375,69.2,6.2421875,395.41015625,1.7,4750.78515625,376.54573128653243,0.16996607498731464,7.0,0.0,938.30859375,3.4,0.98046875,390.67578125,2.2,4795.88671875,345.8950638471996,0.18502721400000155,3.3,0.0,938.30859375,0.0,1.72265625,392.109375,1.9,4846.91015625,355.56470944116586,0.17999536596471444,81.3,5.41015625,952.4375,3.3,1.86328125,390.046875,1.9,4786.69140625,352.2829118253969,0.18167216703295708,10.1,0.01953125,950.28515625,0.0,1.86328125,390.0390625,2.0,4804.79296875,317.50456182336995,0.20157190697500482,9.5,0.140625,950.42578125,0.0,1.86328125,390.05859375,1.8,4802.96875
128,417.76325847667437,0.3063936270191334,4.7,0.00390625,950.4296875,86.5,9.37890625,398.5546875,2.0,4832.2421875,413.90910237804536,0.30924664199119434,2.4,0.0,950.4296875,0.0,1.97265625,391.66796875,2.2,4824.4765625,378.4141477734503,0.33825373800937086,4.4,0.0,950.4296875,2.2,3.484375,393.87890625,2.1,4832.3515625,386.7407060884026,0.33097110799280927,94.0,7.71875,960.56640625,2.2,-0.015625,388.171875,2.1,4816.34375,385.22900536430325,0.33226989198010415,8.9,0.23828125,955.27734375,2.2,-0.015625,388.16796875,2.2,4826.90234375,343.06060596959315,0.37311191600747406,8.2,0.55078125,955.828125,4.0,-0.015625,388.18359375,2.2,4841.0078125
256,448.111743519799,0.5712860769708641,2.9,0.01953125,955.84765625,102.4,13.30078125,402.4765625,2.5,4765.171875,446.6507105110205,0.573154803016223,2.9,0.0,955.84765625,0.0,3.80859375,393.48828125,2.7,4754.52734375,403.76886182184575,0.6340261080185883,2.7,0.0,955.84765625,0.0,2.82421875,393.21484375,2.5,4774.22265625,414.79730670071547,0.6171689060283825,105.0,7.0625,964.68359375,2.7,-0.015625,388.17578125,2.6,4797.125,413.90683371956777,0.6184966739965603,5.4,2.140625,961.43359375,1.4,-0.015625,388.1640625,2.5,4759.15625,365.8877635574271,0.6996681099990383,9.8,0.64453125,962.078125,1.2,-0.015625,388.18359375,2.3,4749.46484375
512,442.88729806164315,1.1560503140208311,0.8,0.0234375,962.1015625,111.1,19.4140625,408.58203125,2.8,4829.00390625,436.5542936259419,1.1728209010325372,2.3,0.0,962.1015625,0.8,7.53125,397.2109375,2.8,4830.63671875,396.02060919196157,1.2928620079765096,1.4,0.0,962.1015625,0.7,11.4140625,401.8203125,2.9,4764.375,408.5411398052868,1.2532397600007243,113.2,13.390625,976.5859375,2.2,3.875,392.05859375,2.9,4807.87109375,405.1077587750162,1.263861253974028,6.5,10.30078125,974.1328125,2.2,3.875,392.0625,2.8,4766.27734375,360.5265461379718,1.4201450780383311,9.1,1.9765625,976.109375,1.9,3.875,392.06640625,2.8,4771.25
1024,434.0946755372554,2.3589324119966477,0.4,0.0234375,976.1328125,117.3,22.51171875,411.69921875,3.2,4789.66015625,432.08747882124817,2.369890474015847,0.8,0.0,976.1328125,0.4,7.48046875,397.16015625,3.2,4806.70703125,390.8061573753623,2.620224836980924,0.7,0.0,976.1328125,1.1,19.7265625,410.1484375,3.3,4794.9765625,402.98697472116646,2.541025055979844,117.4,20.59375,996.7265625,2.3,3.89453125,392.08203125,3.2,4821.32421875,400.62309535500464,2.5560183920315467,6.4,10.1328125,998.4140625,1.9,3.89453125,392.08984375,3.2,4819.5078125,354.49308930336497,2.8886317699798383,8.7,30.5078125,1003.70703125,2.0,3.89453125,392.0859375,3.2,4823.41796875
2048,426.4956418232971,4.801924801024143,0.6,0.0234375,977.515625,120.4,32.7734375,421.9140625,3.4,4855.3671875,423.6150985556873,4.834577443019953,0.6,0.0,977.515625,0.8,13.32421875,403.00390625,3.7,4801.234375,383.7904227479609,5.336245718004648,0.4,0.0,977.515625,1.1,38.0234375,428.4140625,3.5,4837.90625,395.92315805282874,5.172720914008096,119.3,51.5,1032.0703125,2.1,10.36328125,398.5625,3.4,4920.62890625,393.1495543041196,5.20921358698979,6.6,-13.49609375,1000.65625,2.1,10.36328125,398.54296875,3.6,4865.078125,349.19815393792294,5.864864910952747,8.7,23.9375,1007.66015625,1.7,10.36328125,398.5625,3.5,4818.546875
4096,438.47290610554643,9.341512195998803,0.3,4.77734375,990.53515625,122.6,39.28125,428.45703125,3.7,4831.8203125,433.88276137275955,9.440338184998836,0.3,1.55078125,992.0859375,0.8,12.1328125,401.796875,3.7,4859.9296875,392.2025787474733,10.443582530948333,0.3,0.0,992.0859375,1.2,61.12890625,451.51953125,3.7,4900.27734375,404.735656384353,10.120185695006512,121.0,57.91015625,1049.99609375,2.2,4.03515625,392.21875,3.8,4955.74609375,401.4833239345164,10.202167203009594,6.6,49.98828125,1065.08984375,2.3,4.03515625,392.21875,3.6,5049.25390625,354.9458157681151,11.539789506001398,8.7,64.75,1094.9609375,2.0,4.03515625,392.234375,3.7,5070.94140625
8192,443.0172724250232,18.491378350008745,0.2,0.0,1046.20703125,123.7,50.58984375,439.8125,3.8,4958.0859375,440.0707169609792,18.61518997803796,0.2,0.0,1045.22265625,0.9,19.0703125,408.75,3.9,5018.83984375,394.6527891791277,20.75748664297862,0.2,0.0,1045.22265625,1.4,82.5078125,472.91015625,3.8,5048.23828125,409.33028186061284,20.013178508961573,121.9,84.61328125,1131.09765625,2.3,6.05078125,394.2421875,3.8,5035.60546875,405.29147996227556,20.212613402982242,6.8,50.67578125,1112.9609375,2.3,6.05078125,394.2421875,3.8,5219.16015625,356.89974977787955,22.953224274038803,8.9,84.46875,1127.0,2.0,6.05078125,394.234375,3.7,5239.18359375
32,381.32923405354643,0.08391698601190001,10.2,0.0078125,753.48828125,49.5,3.44921875,392.5859375,3.1,4592.3203125,373.1911989869878,0.08574693102855235,5.0,0.0,753.49609375,0.0,0.375,390.0546875,1.9,4588.09765625,342.3289061695676,0.09347735298797488,4.9,0.0,753.49609375,4.7,0.72265625,391.11328125,1.6,4649.6953125,353.0443198932098,0.09064017800847068,63.1,4.203125,941.93359375,0.0,0.8046875,388.98828125,2.0,4779.6171875,349.32787405925626,0.09160448500188068,9.7,0.33203125,938.38671875,0.0,0.8046875,388.98828125,1.8,4846.6015625,307.27527318514615,0.1041411489713937,13.6,0.265625,938.671875,0.0,0.8046875,388.9921875,1.7,4848.37109375
64,381.3819759436374,0.16781076201004907,3.5,0.03515625,938.70703125,65.6,5.8203125,395.0546875,1.7,4839.8984375,378.77252259562533,0.16896684997482225,7.0,0.0,938.70703125,0.0,1.0,390.6640625,1.9,4844.0234375,345.8296033201017,0.18506223696749657,6.7,0.00390625,938.7109375,0.0,1.72265625,392.1171875,1.9,4836.91015625,355.8410605884215,0.17985557904466987,81.3,4.8828125,952.078125,0.0,1.86328125,390.0546875,1.8,4836.3359375,354.3984074218915,0.1805877189617604,6.8,0.03125,949.703125,3.3,1.86328125,390.046875,2.0,4856.8984375,316.612429076582,0.20213988499017432,9.4,0.0546875,949.7578125,3.1,1.86328125,390.0546875,1.9,4857.26953125
128,418.4796918324542,0.3058690839679912,4.7,0.00390625,949.76171875,86.7,9.44140625,398.63671875,2.0,4902.41015625,415.2138722724052,0.30827486398629844,4.7,0.0,949.76171875,0.0,1.97265625,391.67578125,2.4,4895.6484375,375.9846711791825,0.34043941099662334,2.2,0.0,949.76171875,0.0,3.5546875,393.9609375,2.1,4844.59375,387.2406868626777,0.33054377895314246,94.1,7.8671875,959.8828125,0.0,-0.015625,388.1640625,2.0,4844.60546875,386.54002879115507,0.3311429359600879,6.7,0.48046875,954.64453125,0.0,-0.015625,388.16015625,2.1,4837.75,343.5877804552219,0.37253944197436795,10.2,0.0234375,954.66796875,2.0,-0.015625,388.16015625,2.0,4862.13671875
256,450.00723623055785,0.5688797410111874,2.9,0.01953125,954.6875,104.3,13.0390625,402.2265625,2.3,4835.48828125,446.034257660725,0.5739469460095279,1.5,0.0,954.6875,1.4,3.79296875,393.46875,2.4,4864.91015625,403.3298299544278,0.6347162569873035,2.7,0.0,954.6875,0.0,2.83203125,393.23046875,2.4,4856.2890625,413.7742152000173,0.6186949079856277,106.2,9.2109375,965.59375,1.4,-0.015625,388.171875,2.5,4840.265625,412.68556742373147,0.620327000040561,8.1,0.515625,963.98828125,1.3,-0.015625,388.18359375,2.4,4833.58203125,366.90537641220664,0.6977275789831765,11.1,0.02734375,964.015625,2.4,-0.015625,388.16796875,2.5,4848.18359375
512,440.4369878151171,1.1624818400014192,0.8,0.0234375,964.0390625,112.9,19.6015625,408.7890625,2.9,4914.08203125,437.94950127112565,1.1690845600096509,1.6,0.0,964.0390625,0.8,7.52734375,397.19921875,3.0,4908.10546875,395.88323406408705,1.2933106429991312,1.4,0.0,964.0390625,1.4,11.41015625,401.81640625,2.8,4858.5703125,406.26633673270373,1.260257012967486,113.3,12.0703125,977.015625,2.2,3.875,392.07421875,2.9,4864.1640625,405.53627060249863,1.262525788974017,7.3,5.65625,978.46875,2.2,3.875,392.07421875,3.0,4819.69921875,360.97005347336625,1.4184002109686844,9.1,1.86328125,980.33203125,2.6,3.875,392.0703125,2.7,4835.1328125
1024,435.27075841676697,2.3525586780160666,0.8,0.0234375,980.35546875,116.8,22.22265625,411.40625,3.1,4867.8671875,431.41150457873346,2.373603830987122,0.8,0.0,980.35546875,0.8,7.48828125,397.15625,3.3,4852.87890625,393.08356507313783,2.6050440440303646,0.4,0.0,980.35546875,0.7,20.83984375,411.23828125,3.2,4847.1484375,402.56240673932956,2.5437049830215983,118.0,14.1875,994.54296875,1.9,3.89453125,392.08984375,3.1,4935.8515625,400.3605568994075,2.5576945139910094,6.7,13.3203125,999.41796875,1.9,3.89453125,392.08203125,3.2,4901.02734375,355.52091559872144,2.880280610988848,8.7,27.76953125,1001.97265625,2.0,3.89453125,392.078125,3.2,4861.41015625
2048,427.3204076914773,4.7926566649694,0.4,0.0234375,975.78125,120.5,32.921875,422.1015625,3.6,4846.75,424.7750007597261,4.8213760139769875,0.6,-1.0,974.78125,0.8,13.33203125,403.015625,3.5,4870.14453125,383.6911969795311,5.337625715998001,0.4,0.0,974.78125,1.1,38.03125,428.421875,3.5,4906.03515625,395.24679958002395,5.181572633038741,119.3,51.90234375,1028.44140625,2.1,10.36328125,398.546875,3.5,4983.7578125,392.6158711745545,5.216294476005714,6.4,-8.921875,1001.5859375,1.9,10.36328125,398.546875,3.5,4927.63671875,348.0425749948866,5.884337569994386,8.7,32.29296875,1015.9453125,2.0,10.36328125,398.546875,3.4,4950.16015625
4096,437.78184122431486,9.356258333020378,0.3,3.20703125,995.296875,122.9,39.2734375,428.4765625,3.6,4943.234375,433.92618162502714,9.439393549982924,0.3,1.55078125,996.84765625,0.8,12.12890625,401.80078125,3.8,4936.43359375,391.426489651666,10.464289230003487,0.3,0.0,996.84765625,1.2,61.1328125,451.515625,3.6,4931.16015625,404.40865842093444,10.128368705045432,121.1,58.06640625,1054.9140625,2.2,4.03515625,392.21875,3.7,5037.08203125,401.00970763065294,10.214216568972915,6.7,48.26953125,1067.3203125,2.2,4.03515625,392.21484375,3.8,5076.765625,354.0278430824617,11.569711479009129,9.1,50.51953125,1082.9609375,2.0,4.03515625,392.2265625,3.6,5121.5703125
8192,444.07134414380977,18.447486215969548,0.2,0.0,1036.23828125,123.6,50.76171875,439.92578125,3.7,5014.703125,440.03405369370853,18.616740980010945,0.2,-0.984375,1034.26953125,1.0,19.0703125,408.76171875,3.9,5100.08203125,395.53338887625034,20.711273005988915,0.2,0.0,1034.26953125,1.3,82.4609375,472.875,3.8,5062.15625,408.9356210251824,20.03249308402883,122.0,84.62890625,1118.8984375,2.3,6.05078125,394.234375,3.8,5257.19140625,405.0938877061926,20.222472489986103,6.9,50.94921875,1101.01953125,2.3,6.05078125,394.23828125,3.8,5247.43359375,356.3612081119719,22.987911741016433,9.4,90.15625,1122.34765625,2.1,6.05078125,394.234375,3.7,5217.64453125
32,380.1894945563412,0.08416855399264023,10.2,0.0078125,753.44921875,54.4,3.38671875,392.5703125,3.0,4637.9453125,373.67996823957094,0.0856347749941051,5.0,0.0,753.45703125,0.0,0.375,390.0546875,1.9,4618.1796875,342.11704600165183,0.09353523998288438,9.7,0.00390625,753.4609375,0.0,0.71875,391.1171875,1.7,4676.45703125,351.3338844925614,0.09108145104255527,62.9,4.15625,941.82421875,4.7,1.01171875,389.21484375,1.9,4851.11328125,350.33513765120057,0.09134110901504755,9.7,0.25390625,938.26171875,0.0,0.8046875,389.109375,1.7,4847.19140625,309.75758662456644,0.10330658999737352,9.1,0.0546875,938.3359375,4.4,1.01171875,389.21484375,1.7,4849.06640625
64,380.5062508921406,0.16819697403116152,7.0,0.00390625,938.33984375,72.4,6.2265625,395.41015625,1.8,4873.3125,377.43080780787477,0.1695675039663911,7.0,0.0,938.33984375,3.4,0.99609375,390.68359375,2.1,4894.44140625,345.140025312104,0.1854319850099273,3.3,0.0,938.33984375,0.0,1.71875,392.1328125,2.0,4895.2578125,353.8952638502336,0.1808444659691304,81.0,5.2890625,952.1875,0.0,2.08203125,390.28125,2.0,4930.640625,354.02415919673234,0.18077862297650427,10.1,0.015625,949.85546875,0.0,2.08203125,390.29296875,2.0,4929.26953125,318.20891026259665,0.2011257319827564,12.6,0.16796875,950.0234375,0.0,2.08203125,390.29296875,1.8,4993.9140625
128,416.8859429353155,0.30703841702779755,2.4,0.00390625,950.02734375,88.7,9.19921875,398.4453125,2.2,4885.59375,416.4151638562347,0.30738553998526186,2.4,0.0,950.02734375,0.0,1.9765625,391.65234375,2.3,5003.12890625,376.3108420331202,0.3401443320326507,6.6,0.0,950.02734375,0.0,3.4765625,393.90234375,2.2,5021.14453125,387.5484321947027,0.3302813000045717,96.4,7.61328125,959.99609375,2.2,0.20703125,388.41015625,2.1,5037.89453125,386.08513573439546,0.3315330950426869,8.9,0.2578125,953.35546875,2.2,0.20703125,388.40625,2.1,4981.15234375,345.0602853065474,0.3709496730007231,8.2,0.22265625,953.578125,4.1,0.20703125,388.4140625,2.2,4988.1328125
256,450.11447320138257,0.5687442089547403,1.5,0.06640625,953.64453125,102.8,12.88671875,402.1796875,2.3,5015.7578125,445.25737150637485,0.5749483700492419,4.3,0.0,953.64453125,1.4,3.71875,393.39453125,2.5,4956.69921875,404.0378788134743,0.6336039599846117,2.7,0.0,953.64453125,1.3,2.82421875,393.2421875,2.5,5044.921875,415.9867071319349,0.6154042800189927,105.3,8.6484375,965.15625,2.7,0.20703125,388.41796875,2.5,4998.1640625,414.70674934450335,0.6173036739928648,8.2,0.01171875,960.32421875,2.7,0.20703125,388.4140625,2.4,4976.1171875,367.8586240104753,0.6959195280214772,8.6,6.953125,959.98828125,2.4,0.20703125,388.41015625,2.6,4961.40234375
512,441.69165525465786,1.1591796990251169,1.6,0.0234375,953.77734375,112.4,19.6796875,408.953125,2.8,4917.84375,438.99246441345434,1.1663070360082202,0.8,0.0,953.77734375,1.6,7.53125,397.21875,2.8,4944.53515625,396.5476336905109,1.2911437529837713,1.4,0.0,953.77734375,0.7,4.109375,394.5234375,2.9,4904.55078125,407.4713643702445,1.256530016020406,113.7,14.109375,975.6796875,1.5,4.078125,392.2890625,3.1,4975.12890625,404.47903524258476,1.2658258040319197,7.2,7.3359375,978.78125,2.2,4.078125,392.2734375,2.8,4971.75,361.3144025521145,1.4170484109781682,8.5,1.5859375,980.3671875,1.9,4.078125,392.28125,2.9,4970.93359375
1024,435.2734299376905,2.3525442390237004,0.4,0.0234375,980.390625,117.6,22.48046875,411.73828125,3.2,4937.1171875,431.7362582593927,2.371818397019524,0.8,0.0,980.390625,0.8,7.484375,397.17578125,3.2,4890.046875,391.4073237122378,2.616200408025179,0.4,0.0,980.390625,1.1,20.8359375,411.265625,3.3,4892.3203125,402.2716255145619,2.545543694985099,118.0,16.68359375,997.07421875,2.2,4.1015625,392.296875,3.2,4933.4921875,399.48738979743035,2.5632849149988033,7.1,13.07421875,1001.703125,2.2,4.1015625,392.296875,3.1,4915.50390625,357.8488875551003,2.861543058010284,8.4,29.875,996.7265625,2.0,4.1015625,392.296875,3.2,4909.40625
2048,427.66999267408306,4.78873906302033,0.4,1.11328125,969.9921875,120.5,33.18359375,422.5625,3.4,4906.7578125,424.10806415768053,4.828957930963952,0.6,0.0,969.9921875,0.8,13.3359375,403.01953125,3.4,4917.984375,381.98137532498555,5.361517949029803,0.4,0.0,969.9921875,1.1,38.01953125,428.43359375,3.5,4934.0234375,395.30880356883057,5.180759905953892,119.3,50.7421875,1028.52734375,2.1,10.5625,398.75390625,3.5,5003.765625,392.86561604527105,5.212978474970441,6.2,-13.234375,997.37890625,2.1,10.5625,398.76953125,3.6,4964.078125,350.25447925087343,5.847177184943575,8.4,23.90625,1004.3515625,2.0,10.5625,398.76953125,3.5,4992.140625
4096,437.3179325312968,9.366183491016272,0.3,7.23046875,988.7265625,122.8,39.28515625,428.47265625,3.6,4939.54296875,434.65689546248467,9.423524722049478,0.3,0.0,988.7265625,0.8,12.13671875,401.8125,3.8,4999.796875,391.4464271311558,10.463756254001055,0.3,1.546875,990.2734375,1.2,61.12109375,451.53515625,3.7,4965.29296875,404.77591289073905,10.119179203989916,121.0,56.8828125,1048.75390625,2.2,4.2421875,392.44921875,3.7,5019.68359375,401.82420344226864,10.19351239898242,6.7,50.29296875,1064.15234375,2.3,4.2421875,392.45703125,3.7,5034.4609375,354.7982335830352,11.544589606986847,8.7,63.5390625,1092.796875,2.1,4.2421875,392.44140625,3.6,5127.53515625
8192,443.9214683463098,18.4537144160131,0.2,0.0,1044.99609375,123.6,50.4296875,439.61328125,3.8,5032.12109375,440.240608583709,18.60800625901902,0.2,0.0,1043.99609375,1.0,19.0703125,408.76171875,3.9,5110.1015625,394.32443330689534,20.774771502998192,0.2,0.0,1043.99609375,1.3,82.484375,472.8984375,3.8,5064.65625,409.280845089744,20.015595887962263,122.0,85.53515625,1129.53125,2.3,6.2578125,394.46484375,3.8,5301.9296875,405.09718886423013,20.222307696007192,6.9,55.0234375,1115.7265625,2.3,6.2578125,394.46875,3.8,5308.1875,356.5726098859148,22.97428286098875,8.9,87.296875,1133.203125,2.1,6.2578125,394.47265625,3.7,5317.3828125
32,380.5928068506989,0.08407936099683866,5.1,0.015625,753.86328125,54.3,3.40234375,392.58984375,3.0,4776.39453125,375.3600216823408,0.08525148697663099,10.1,0.0,753.8671875,4.9,0.37890625,390.0703125,1.9,4701.015625,340.83073259895036,0.09388824697816744,4.8,0.0,753.87109375,4.7,0.72265625,391.125,1.7,4734.8125,352.17901559667933,0.09086288104299456,63.0,4.04296875,941.97265625,0.0,0.8046875,389.1015625,1.9,4939.3203125,348.192033041892,0.09190330898854882,9.6,0.3828125,938.48046875,0.0,1.01171875,389.2109375,1.8,4914.62109375,307.99322292996817,0.10389839002164081,13.7,0.05078125,938.55078125,4.4,1.01171875,389.21484375,1.7,4926.14453125
64,382.0404206846331,0.16752154100686312,3.5,0.00390625,938.5546875,72.6,6.14453125,395.38671875,2.0,4945.88671875,377.7570353846286,0.16942106699571013,7.0,0.0,938.5546875,0.0,0.99609375,390.6875,2.0,4963.29296875,345.85444219893424,0.18504894600482658,3.3,0.0,938.5546875,0.0,1.71875,392.1328125,1.8,4983.4296875,356.5232349493849,0.17951144196558744,81.3,5.41015625,952.7421875,0.0,2.08203125,390.296875,1.8,4941.75390625,352.34421406200454,0.18164055899251252,6.7,0.01171875,950.6328125,0.0,2.08203125,390.29296875,2.0,5078.01171875,318.2119115895105,0.20112383499508724,12.6,0.17578125,950.80859375,0.0,2.08203125,390.28125,2.0,5032.1875
128,416.44598279819525,0.30736279202392325,4.7,0.00390625,950.8125,88.6,9.34375,398.53515625,2.0,5038.75390625,416.06430795096196,0.30764474999159575,2.4,0.0,950.8125,0.0,1.96484375,391.65625,2.3,5065.40234375,376.11351492516843,0.34032278798986226,4.4,0.0,950.8125,0.0,3.48046875,393.90625,2.2,5007.07421875,387.4043185736553,0.33040416397852823,94.1,7.24609375,958.88671875,0.0,0.20703125,388.40625,2.0,5025.30078125,385.8186310043796,0.3317621019668877,8.9,0.734375,954.796875,2.2,0.20703125,388.3984375,2.2,5047.49609375,344.2563154414981,0.3718159820418805,8.2,0.0234375,954.8203125,2.0,0.20703125,388.421875,2.2,4963.5703125
256,448.6576018078873,0.5705910230171867,2.9,0.01953125,954.83984375,102.6,13.15625,402.4140625,2.5,4976.00390625,446.41826498461165,0.5734532389906235,2.9,0.0,954.83984375,1.4,3.71875,393.40625,2.3,4929.1328125,403.63372777617195,0.6342383759911172,1.3,0.0,954.83984375,1.3,2.88671875,393.30859375,2.4,4924.93359375,413.8409105655835,0.6185951979714446,106.2,9.16796875,965.390625,4.1,0.20703125,388.421875,2.5,4964.78125,413.6486827919911,0.6188826669822447,6.8,1.25,961.5078125,1.4,0.20703125,388.4140625,2.5,4933.95703125,366.6246949854738,0.6982617469620891,9.8,0.125,961.6328125,1.2,0.20703125,388.41796875,2.6,4938.23828125
512,441.1235138327666,1.16067265503807,0.8,0.0234375,961.65625,112.3,19.359375,408.5390625,2.6,4977.92578125,438.58672618776603,1.1673859910224564,1.6,0.0,961.65625,0.0,7.5234375,397.22265625,3.1,4995.09375,397.9199892147922,1.2866908269934356,1.4,0.0,961.65625,0.7,11.41796875,401.83984375,2.8,4972.73046875,407.0668011453311,1.257778818020597,113.6,13.69140625,975.38671875,2.2,4.078125,392.28125,2.8,4975.796875,406.29808824136035,1.260158526012674,7.3,6.51171875,977.6640625,2.2,4.078125,392.2734375,2.9,4950.7421875,359.2212575683718,1.4253054049913771,9.1,0.4296875,978.09375,1.9,4.078125,392.27734375,2.9,4996.72265625
1024,434.2900833174857,2.357871016021818,0.4,0.0234375,978.1171875,117.0,22.640625,411.9375,3.2,5092.3359375,433.37980783227994,2.3628235129872337,0.8,0.0,978.1171875,0.4,7.484375,397.17578125,3.3,5038.8515625,390.97547118193194,2.6190901360241696,0.7,0.0,978.1171875,1.5,20.8359375,411.2578125,3.2,4972.7578125,401.9589759530292,2.5475236560450867,117.5,16.1171875,994.71875,1.9,4.1015625,392.3046875,3.3,5027.76171875,399.40325813934663,2.563824854034465,6.7,11.9453125,998.21875,2.2,4.1015625,392.31640625,3.2,4991.7421875,355.7167206760549,2.878695153980516,8.3,28.1953125,1001.19921875,2.0,4.1015625,392.30859375,3.3,4999.453125
2048,427.64669399218417,4.788999959011562,0.4,0.0234375,974.0390625,119.5,32.984375,422.3125,3.4,4990.7734375,424.65956833058317,4.822686577041168,0.6,0.0,974.0390625,0.8,13.33203125,403.0078125,3.6,4997.859375,384.5567365329086,5.325612076034304,0.4,0.0,974.0390625,1.1,38.01953125,428.4453125,3.5,5049.3359375,395.26579320498075,5.181323644006625,119.5,51.4453125,1026.20703125,2.1,10.5625,398.76171875,3.5,5081.765625,392.632798368749,5.2160695909988135,6.2,-10.75390625,997.53515625,2.2,10.5625,398.76171875,3.4,5024.05859375,349.38814015248005,5.861675783002283,8.7,31.15625,1011.7578125,1.7,10.5625,398.7734375,3.4,5051.328125
4096,437.23880165592425,9.367878569988534,0.3,2.33203125,992.21875,122.4,39.671875,428.89453125,3.6,5040.8046875,434.51764545481416,9.426544682006352,0.2,0.0,992.21875,0.8,12.1328125,401.80859375,3.8,5087.6328125,391.3567110785989,10.466155003989115,0.3,0.0,992.21875,1.2,61.1171875,451.54296875,3.6,5049.6015625,403.96768435829875,10.139424905995838,121.2,59.58203125,1052.53125,2.2,4.2421875,392.45703125,3.7,5187.0,400.7904613748014,10.21980409900425,6.8,51.51171875,1069.1640625,2.3,4.2421875,392.43359375,3.7,5207.74609375,354.91548393404946,11.5407757210196,8.7,50.08984375,1084.375,1.9,4.2421875,392.453125,3.6,5127.37890625
8192,443.13027993282907,18.486662661016453,0.2,0.0,1036.68359375,123.5,51.01171875,440.1875,3.8,5084.83984375,440.38038019992865,18.60210029402515,0.2,0.0,1035.69921875,1.0,19.078125,408.75390625,3.9,5105.515625,394.8080971876774,20.749321147042792,0.2,0.0,1035.69921875,1.3,82.59375,473.0078125,3.8,5253.6875,408.8780134462362,20.035315499000717,122.3,88.61328125,1124.3125,2.3,6.2578125,394.45703125,3.8,5336.2109375,405.3749578144591,20.208451070007868,6.8,111.046875,1167.53125,2.3,6.2578125,394.46484375,3.8,5362.69140625,357.07997010418825,22.941639648983255,9.0,85.54296875,1184.24609375,2.0,6.2578125,394.4609375,3.7,5423.40234375
32,381.09305875203006,0.08396899199578911,5.1,0.0078125,753.87890625,49.4,3.5546875,392.7421875,3.0,4750.765625,375.12034037784736,0.08530595799675211,5.1,0.0,753.88671875,0.0,0.375,390.0546875,1.8,4762.4609375,342.76208618644705,0.09335921704769135,4.9,0.0,753.88671875,0.0,0.71875,391.12109375,1.7,4762.7578125,352.39296970492785,0.09080771397566423,58.2,4.125,941.81640625,4.7,0.8046875,389.11328125,2.0,4970.38671875,349.9385212025014,0.09144463401753455,14.5,0.375,938.31640625,0.0,1.01171875,389.20703125,1.9,5000.359375,308.9575362608709,0.10357410402502865,9.1,0.0625,938.40234375,4.4,1.01171875,389.21484375,1.6,5006.33984375
64,380.37882854892,0.16825331799918786,7.0,0.00390625,938.40625,69.0,5.6171875,394.86328125,1.7,5022.8671875,376.24269806270814,0.1701029689866118,3.5,0.0,938.40625,0.0,1.00390625,390.69921875,2.1,4967.08203125,346.1980605104724,0.18486527597997338,6.7,0.0,938.40625,0.0,1.703125,392.125,1.9,4966.50390625,354.2702669099481,0.18065303802723065,81.0,5.28125,952.29296875,3.3,2.08203125,390.28125,1.9,5152.06640625,352.89109839352255,0.1813590659876354,6.7,0.015625,950.0078125,0.0,2.08203125,390.28515625,1.9,5121.703125,316.3642033710193,0.20229848800227046,9.4,0.015625,950.0234375,3.1,2.08203125,390.2890625,1.9,4997.359375
128,416.8029783682093,0.3070995329762809,2.4,0.00390625,950.02734375,90.9,9.31640625,398.52734375,2.0,4986.7578125,414.0589940172829,0.30913469300139695,2.4,0.0,950.02734375,2.3,1.96484375,391.65625,2.3,5003.21875,378.6233492848028,0.3380668419995345,2.2,0.0,950.02734375,2.2,3.484375,393.9140625,2.2,5037.40625,386.73504589455933,0.3309759520343505,96.3,7.81640625,959.140625,0.0,0.20703125,388.4140625,2.1,5129.046875,384.5908322768694,0.3328212460037321,8.9,0.34765625,954.1796875,2.2,0.20703125,388.40625,2.2,5087.52734375,343.93158882975837,0.3721670359955169,10.3,0.45703125,954.63671875,0.0,0.20703125,388.40625,2.1,5078.703125
256,450.55996127777433,0.5681818670127541,1.5,0.01953125,954.65625,102.9,12.88671875,402.0703125,2.4,5031.41796875,447.799739486266,0.5716841199900955,2.9,0.0,954.65625,1.4,3.796875,393.48828125,2.5,5015.55078125,404.64947620346425,0.6326463150326163,2.7,0.0,954.65625,1.3,2.8828125,393.30859375,2.4,5021.8359375,413.994430989807,0.6183658060035668,106.2,8.84375,965.953125,1.4,0.20703125,388.41796875,2.6,5031.5625,413.49823572980875,0.6191078410483897,8.2,1.98046875,962.30078125,1.4,0.20703125,388.421875,2.5,5053.88671875,363.64242417518864,0.7039882669923827,9.8,6.94140625,960.609375,2.4,0.20703125,388.390625,2.6,5049.55078125
512,441.8575907159508,1.1587443799944595,2.4,0.0234375,954.40234375,111.7,19.09765625,408.25390625,2.9,5021.9453125,437.7157008579248,1.1697090120287612,1.6,0.0,954.40234375,0.0,7.53125,397.21875,3.1,5030.61328125,396.2877816299756,1.2919903760193847,0.7,0.0,954.40234375,0.7,11.41796875,401.83984375,2.8,4979.640625,408.58945791785663,1.2530915570096113,113.9,13.31640625,975.2421875,2.2,4.078125,392.28515625,2.8,5043.2421875,405.28389446117404,1.2633119820384309,6.5,7.6796875,978.6875,2.9,4.078125,392.2734375,3.0,5028.42578125,359.245747823077,1.4252082400489599,8.4,0.76953125,979.4609375,1.9,4.078125,392.29296875,2.8,5011.69921875
1024,433.9799530739356,2.3595559950335883,0.8,0.0234375,979.484375,118.1,22.2265625,411.4375,3.2,5035.5546875,432.2645347181336,2.3689197649946436,0.8,0.0,979.484375,0.8,7.484375,397.16015625,3.2,5033.11328125,391.4920144827365,2.615634450048674,1.1,0.0,979.484375,1.5,19.70703125,410.1328125,3.3,5036.91015625,401.9995536366827,2.5472665099659935,117.1,16.30859375,995.796875,2.2,4.1015625,392.3046875,3.1,5046.2734375,399.3035808641455,2.5644648559973575,6.3,11.4453125,998.796875,1.9,4.1015625,392.30078125,3.2,5017.84765625,354.78231747304636,2.886276878998615,9.0,30.109375,1003.6875,2.0,4.1015625,392.29296875,3.1,5040.55078125
2048,427.3895717335704,4.79188107396476,0.4,0.0234375,978.49609375,120.1,32.73046875,422.04296875,3.4,5007.9765625,423.44192116375444,4.836554666981101,0.4,0.0,978.49609375,0.8,13.328125,403.0234375,3.5,5034.9609375,384.0872153570295,5.332122283987701,0.4,0.0,978.49609375,1.1,38.02734375,428.44921875,3.5,5036.29296875,395.0314399060204,5.184397476026788,119.4,49.28515625,1028.48828125,2.1,10.5625,398.76171875,3.6,5094.5859375,392.672090500881,5.215547652973328,6.6,-6.75,1003.8046875,2.2,10.5625,398.76953125,3.6,5040.12109375,347.1394570199909,5.899646261997987,8.6,22.93359375,1009.8046875,2.0,10.5625,398.7734375,3.5,5049.34765625
4096,437.46122583401007,9.3631155359908,0.3,7.2265625,995.14453125,122.4,39.25,428.5390625,3.6,5062.40234375,434.42127125942295,9.428635913995095,0.3,0.0,995.14453125,0.7,12.12109375,401.81640625,3.8,5106.15234375,391.3058543350036,10.467515255964827,0.3,0.0,995.14453125,1.2,61.1796875,451.61328125,3.7,5140.2734375,404.39874474437414,10.128616998030338,121.4,55.46875,1050.61328125,2.2,4.2421875,392.4453125,3.7,5249.94921875,400.72464167891746,10.221482719003689,6.8,50.8046875,1066.5390625,2.2,4.2421875,392.4375,3.6,5285.7421875,354.10328313203064,11.567246606049594,9.0,51.5546875,1083.21484375,2.0,4.2421875,392.4375,3.7,5274.45703125
8192,443.9648600983309,18.451910807052627,0.2,0.00390625,1034.48046875,123.9,49.953125,439.21484375,3.8,5119.0,439.89529970658504,18.62261316605145,0.2,0.0,1033.49609375,1.0,19.07421875,408.75,3.9,5160.2109375,394.3662949288942,20.77256627997849,0.2,0.0,1033.49609375,1.3,82.45703125,472.88671875,3.7,5269.65625,408.79718605772536,20.039276882016566,122.1,83.78515625,1117.28125,2.3,6.2578125,394.47265625,3.8,5398.0390625,404.8506337956572,20.234623132972047,7.0,48.63671875,1097.08984375,2.3,6.2578125,394.46875,3.8,5413.20703125,356.7811529992295,22.960854100994766,9.2,90.40625,1117.66796875,2.0,6.2578125,394.46484375,3.7,5556.53515625
32,381.33548250697936,0.08391561097232625,5.1,0.01171875,753.921875,54.4,3.1171875,392.26953125,3.1,4940.87109375,373.7242470648384,0.08562462899135426,5.1,0.00390625,753.9296875,0.0,0.375,390.05078125,1.8,4834.22265625,342.2220778490888,0.09350653295405209,9.7,0.0,753.93359375,0.0,0.71875,391.1171875,1.6,4875.3203125,353.41117056437344,0.09054609097074717,58.1,3.98046875,942.05078125,0.0,0.8046875,389.1015625,1.9,5026.125,348.627327336277,0.09178855898790061,9.7,0.30859375,938.5390625,0.0,1.01171875,389.2109375,1.8,5057.4921875,309.5544412376702,0.10337438504211605,13.7,0.06640625,938.625,4.4,1.01171875,389.20703125,1.7,5048.66796875
64,382.0047175558473,0.16753719799453393,7.1,0.00390625,938.62890625,65.7,6.46484375,395.6953125,1.8,5022.171875,376.6275068048044,0.16992917098104954,3.5,0.0,938.62890625,0.0,0.9921875,390.68359375,2.1,5016.84375,345.0737766573217,0.18546758498996496,6.6,0.0,938.62890625,0.0,1.71875,392.13671875,1.8,5033.8046875,354.18374876666076,0.18069716700119898,81.0,5.5390625,952.69921875,0.0,2.08203125,390.2734375,1.9,5089.28515625,354.40471479471313,0.18058450502576306,6.7,0.0078125,950.38671875,0.0,2.08203125,390.28125,1.9,5085.30078125,318.547574316353,0.20091190503444523,9.5,0.015625,950.40234375,0.0,2.08203125,390.27734375,1.9,5031.5234375
128,417.43417762472836,0.3066351699526422,2.4,0.00390625,950.40625,88.7,9.36328125,398.5546875,2.1,5040.91015625,415.2617383980892,0.3082393299555406,4.7,0.0,950.40625,0.0,1.9765625,391.65234375,2.2,5098.09375,374.821459789729,0.3414959220099263,4.4,0.0,950.40625,2.2,3.48046875,393.90625,2.2,5112.49609375,387.0558660996057,0.33070161496289074,96.3,7.24609375,961.26953125,2.2,0.20703125,388.4140625,2.1,5051.17578125,386.4389164944197,0.33122957998421043,6.7,0.01953125,954.84375,4.4,0.20703125,388.40625,2.1,5061.15234375,344.630176832627,0.3714126289705746,10.3,0.35546875,955.19921875,0.0,0.20703125,388.41015625,2.2,5077.5
256,451.84973283884716,0.5665600339998491,1.5,0.01953125,955.21875,101.7,12.84765625,402.07421875,2.4,5081.16796875,446.6326435405548,0.5731779880006798,1.5,0.0,955.21875,1.4,3.7890625,393.4765625,2.5,5138.6328125,403.13932339626825,0.6350161969894543,2.7,0.0,955.21875,1.3,2.8828125,393.296875,2.5,5103.87109375,413.452501461619,0.6191763239912689,106.1,5.53125,965.3984375,1.3,0.20703125,388.40625,2.4,5061.29296875,411.88082534163595,0.6215390089782886,8.1,2.01953125,961.19140625,1.3,0.20703125,388.4140625,2.5,5109.375,367.0343483444447,0.6974824049975723,8.6,0.54296875,961.734375,1.2,0.20703125,388.39453125,2.5,5277.0625
512,439.76161880888156,1.1642671349691227,1.6,0.0234375,961.7578125,112.0,19.421875,408.62109375,2.7,5102.64453125,438.7267856079746,1.1670133139705285,0.8,0.0,961.7578125,0.8,7.5390625,397.22265625,3.0,5064.78125,395.7099149834165,1.2938771069748327,1.4,0.0,961.7578125,0.7,4.10546875,394.5234375,2.9,5040.28515625,407.6214754803398,1.2560672849649563,113.7,12.85546875,977.54296875,1.5,4.078125,392.2890625,2.9,5089.21484375,407.13622329620625,1.2575643499731086,7.3,5.0703125,978.37890625,2.2,4.078125,392.28515625,2.9,5130.69140625,361.4061251484172,1.4166887730243616,9.1,9.66796875,974.63671875,1.9,4.078125,392.27734375,2.9,5097.140625
1024,436.1450447347619,2.3478427930385806,0.8,0.0234375,974.66015625,117.4,22.66796875,411.85546875,3.3,5053.1484375,431.2679901094826,2.3743937029503286,1.2,0.0,974.66015625,0.8,7.484375,397.17578125,3.3,5035.2265625,389.35676047788314,2.629978734010365,0.7,0.0,974.66015625,1.5,19.703125,410.12890625,3.3,5059.5546875,402.34746421831113,2.5450638839975,117.2,20.58203125,995.77734375,2.2,4.1015625,392.29296875,3.2,5106.85546875,399.8895633093434,2.560706990014296,7.1,11.2890625,998.62109375,1.9,4.1015625,392.30078125,3.3,5056.17578125,355.05892809569144,2.8840283090248704,8.7,27.21484375,1000.62109375,2.0,4.1015625,392.30859375,3.3,5065.4765625
2048,427.5476667572201,4.790109171997756,0.4,0.0234375,973.4609375,120.3,33.3359375,422.70703125,4.6,5150.875,424.42708238196695,4.825328271952458,0.4,0.0,973.4609375,0.8,13.3203125,403.015625,3.6,5053.62109375,384.2046170019475,5.330492944049183,0.4,0.0,973.4609375,1.3,38.015625,428.44140625,3.5,5103.10546875,395.20798150020335,5.182081576960627,119.7,48.0859375,1026.1875,2.1,10.5625,398.76171875,3.5,5148.21484375,393.3447794201393,5.206628146988805,6.4,-13.44140625,994.828125,2.1,10.5625,398.76171875,3.4,5148.5078125,349.6388700835861,5.857472309959121,8.4,25.87109375,1003.765625,1.8,10.5625,398.7734375,3.5,5162.11328125
4096,438.0957732250458,9.349553796986584,0.3,7.23046875,987.17578125,122.8,39.39453125,428.66015625,3.6,5066.73046875,434.5498097330086,9.425846953003202,0.3,0.0,987.17578125,0.9,12.13671875,401.8125,3.7,5112.63671875,392.08447700874376,10.446728295006324,0.3,0.0,987.17578125,1.3,61.1015625,451.57421875,3.7,5056.8125,404.0126168140153,10.13829724502284,121.6,58.83984375,1047.6484375,2.2,4.0234375,392.27734375,3.6,5211.48046875,401.3005731859604,10.206813230994157,6.6,50.69921875,1063.46875,2.2,4.0234375,392.26953125,3.6,5203.58984375,354.2529537900783,11.562359484029002,8.7,51.625,1080.21484375,2.0,4.0234375,392.265625,3.6,5288.359375
8192,443.02954086512125,18.49086628400255,0.3,0.00390625,1032.51171875,123.7,49.76171875,438.9765625,3.8,5210.33984375,439.81601481819894,18.625970232998952,0.2,0.0,1031.52734375,0.9,19.0859375,408.80078125,3.9,5280.37109375,394.97209460661065,20.74070576595841,0.2,0.0,1031.52734375,1.3,82.515625,472.98046875,3.8,5271.8359375,409.40298877256345,20.00962431798689,122.2,83.7734375,1115.30078125,2.3,6.0390625,394.28515625,3.8,5343.81640625,405.39019020039194,20.207691744959448,6.8,50.20703125,1096.6953125,2.3,6.0390625,394.29296875,3.8,5421.734375,356.97067321636376,22.94866389496019,9.1,85.11328125,1112.99609375,2.0,6.0390625,394.27734375,3.7,5434.69140625
32,382.1378090588174,0.0837394239497371,5.1,0.01171875,753.84375,54.4,3.4375,392.625,3.1,4792.0546875,374.2038200320437,0.08551489398814738,5.1,0.0,753.84765625,0.0,0.37109375,390.06640625,2.0,4846.71875,341.4796687021963,0.09370982501422986,9.7,0.0,753.8515625,0.0,0.72265625,391.12109375,1.7,4835.05078125,353.91635654715793,0.09041684400290251,68.0,3.9765625,941.62109375,4.7,0.8046875,389.12109375,1.9,5013.35546875,348.67108005402196,0.09177704097237438,4.8,0.25390625,938.05859375,0.0,1.01171875,389.203125,1.8,5009.328125,309.1418469680378,0.10351235303096473,13.7,0.05859375,938.15625,0.0,1.01171875,389.21484375,1.7,5057.60546875
64,380.87794419425677,0.16803283302579075,7.0,0.00390625,938.16015625,69.0,6.12109375,395.29296875,1.8,5018.3515625,376.7823645707063,0.16985932999523357,7.0,0.0,938.16015625,3.4,1.01171875,390.703125,2.1,5016.4609375,345.8614641583073,0.18504518899135292,3.3,0.0,938.16015625,0.0,1.71875,392.1328125,2.0,5081.05859375,354.5679007893736,0.18050139298429713,77.7,5.2890625,952.296875,0.0,2.08203125,390.28125,1.8,5026.0,354.2976336901092,0.18063908396288753,10.1,0.015625,950.0078125,0.0,2.08203125,390.28125,2.0,5045.7421875,319.1939316245122,0.20050506497500464,9.5,0.03515625,950.04296875,3.1,2.08203125,390.29296875,2.0,5055.94921875
128,417.2296740622557,0.306785466033034,4.7,0.02734375,950.0703125,91.0,9.1875,398.41015625,2.1,5067.0,415.32542646067526,0.3081920630065724,2.4,0.0,950.0703125,2.3,1.96875,391.65234375,2.4,5049.01953125,375.23875668744176,0.341116149968002,2.2,0.0,950.0703125,2.2,3.48046875,393.90625,2.2,5051.59375,388.97934838001925,0.3290663129882887,94.4,7.46484375,959.77734375,4.4,0.20703125,388.41796875,2.2,5069.4765625,385.28773603673557,0.3322192429914139,8.9,0.015625,954.22265625,0.0,0.20703125,388.41015625,2.1,5133.6328125,343.90213185559264,0.3721989140030928,8.2,0.25,954.47265625,4.1,0.20703125,388.421875,2.0,5076.55078125
256,449.54575701634644,0.5694637220003642,2.9,0.06640625,954.5390625,104.2,12.9453125,402.12109375,2.3,5110.203125,445.9910353087119,0.5740025689592585,1.5,0.0,954.5390625,0.0,3.78125,393.48046875,2.4,5137.1953125,404.09512782481266,0.6335141959716566,2.7,0.0,954.5390625,1.3,2.8828125,393.296875,2.4,5088.1796875,415.92317283371784,0.6154982860316522,106.6,8.69140625,965.08984375,2.7,0.20703125,388.40625,2.5,5179.7421875,413.86406730510373,0.6185605860082433,8.2,1.0078125,960.75390625,2.7,0.20703125,388.41015625,2.5,5180.6875,366.1547180787549,0.6991579989553429,8.6,0.6796875,961.43359375,2.4,0.20703125,388.4140625,2.6,5122.68359375
512,442.1687286582342,1.1579290140070952,0.8,0.0234375,961.45703125,111.8,19.42578125,408.640625,2.9,5136.53125,437.97416465236853,1.1690187260392122,1.6,0.0,961.45703125,0.0,7.53125,397.19921875,2.8,5099.90234375,395.9228581613189,1.2931812080205418,0.7,0.0,961.45703125,0.7,4.10546875,394.51953125,2.9,5074.9296875,406.91311202545774,1.2582538750139065,114.3,15.40234375,977.421875,2.2,4.078125,392.26953125,2.7,5116.96484375,405.5334590570395,1.2625345420092344,6.5,9.3984375,974.375,1.4,4.078125,392.27734375,2.9,5077.1484375,360.9953890581471,1.4183006639941595,9.1,0.16015625,974.53515625,1.3,4.078125,392.27734375,2.8,5107.94140625
1024,434.9038076589009,2.3545436530257575,0.8,0.0234375,974.55859375,117.5,22.296875,411.5234375,3.2,5129.78125,432.66079492579365,2.3667501470190473,0.4,0.0,974.55859375,0.4,7.48046875,397.17578125,3.3,5102.0078125,391.6956032241891,2.6142749409773387,0.7,0.0,974.55859375,1.1,19.703125,410.1328125,3.3,5129.9140625,403.2510776092583,2.539360851980746,117.1,19.98046875,994.54296875,2.3,4.1015625,392.296875,3.2,5174.1875,399.3589669348678,2.564109196944628,6.3,12.0625,998.16015625,2.2,4.1015625,392.3046875,3.2,5131.15625,355.821114613467,2.877850577002391,8.7,31.17578125,1004.12890625,2.0,4.1015625,392.30859375,3.3,5101.1484375
2048,427.4864479856845,4.790795146021992,0.6,0.0234375,976.9765625,120.5,32.6640625,421.98046875,3.5,5079.01953125,424.02991525784523,4.829847910034005,0.2,0.0,976.9765625,0.8,13.3359375,403.02734375,3.5,5087.50390625,384.3133134719755,5.328985304979142,0.6,0.0,976.9765625,1.1,38.01953125,428.43359375,3.6,5069.2578125,395.5645524398022,5.177410330041312,119.8,50.7890625,1030.81640625,2.3,10.5625,398.76171875,3.4,5153.390625,392.6798812296697,5.215444177039899,6.2,-12.35546875,1000.54296875,2.2,10.5625,398.765625,3.5,5133.6875,349.96838023500095,5.8519572500372306,8.2,23.875,1007.484375,1.8,10.5625,398.77734375,3.5,5125.31640625
4096,437.59147936162253,9.36032850999618,0.3,7.22265625,991.8671875,122.5,38.4453125,427.6875,3.7,5099.8203125,434.78475949531736,9.42075339704752,0.3,0.0,991.8671875,0.7,12.13671875,401.8125,3.7,5133.55859375,390.79328131797644,10.481244677968789,0.3,1.55078125,993.41796875,1.3,61.1015625,451.5546875,3.7,5136.390625,404.70355142569883,10.120988524984568,121.1,54.8125,1048.23046875,2.2,4.0234375,392.26953125,3.7,5225.74609375,401.6352799671705,10.198307281010784,6.6,50.3203125,1063.671875,2.2,4.0234375,392.28125,3.7,5266.98828125,355.6513064262487,11.516898507019505,8.8,51.5078125,1080.30078125,2.0,4.0234375,392.2578125,3.6,5289.33984375
8192,443.17320386489126,18.484872118977364,0.3,0.0,1032.609375,123.7,49.58984375,438.8359375,3.8,5154.75,440.02224192064523,18.617240720021073,0.2,0.0,1031.625,0.9,19.08203125,408.80078125,3.9,5247.265625,394.73267591640735,20.753285704005975,0.2,0.0,1031.625,1.3,82.5078125,472.98046875,3.8,5262.9296875,409.3487724857219,20.012274497014005,122.1,83.296875,1114.921875,2.3,6.046875,394.2890625,3.8,5464.24609375,404.9526521240992,20.229525493981782,6.8,49.83203125,1095.94140625,2.3,6.046875,394.28515625,3.8,5431.15625,357.9509359215896,22.885818077018484,9.0,86.1171875,1112.26953125,2.0,6.046875,394.2890625,3.7,5485.5703125
32,382.67767861998806,0.08362128701992333,5.1,0.0078125,753.3515625,49.6,3.57421875,392.75390625,3.1,4876.19921875,373.51103177709723,0.08567350701196119,5.1,0.0,753.359375,0.0,0.37109375,390.046875,1.9,4929.828125,344.0310246806987,0.09301486698677763,9.8,0.0,753.359375,0.0,0.71484375,391.125,1.8,4938.56640625,352.1160895005161,0.09087911900132895,58.3,4.0703125,941.66796875,0.0,0.8046875,389.1171875,1.8,5119.37109375,347.63850948902177,0.09204964101081714,9.7,0.328125,938.1796875,4.7,1.01171875,389.21484375,1.8,5117.27734375,308.5486517565251,0.1037113590282388,13.7,0.27734375,938.4765625,8.9,1.01171875,389.22265625,1.7,5124.86328125
64,381.7689985385881,0.16764064197195694,3.5,0.00390625,938.48046875,69.1,6.37109375,395.5859375,1.8,5078.0546875,378.0777522563456,0.169277350010816,3.5,0.0,938.48046875,3.4,0.99609375,390.671875,2.1,5113.3984375,346.551662090716,0.18467664998024702,6.7,0.0,938.48046875,3.3,1.71875,392.13671875,1.8,5179.640625,355.88881384689995,0.17983144597383216,78.0,5.296875,952.671875,0.0,2.0859375,390.29296875,1.8,5242.5078125,354.4419246952198,0.18056554696522653,10.1,0.01171875,950.05859375,0.0,2.08203125,390.27734375,1.9,5142.546875,318.1189136176515,0.20118263096082956,9.5,0.015625,950.07421875,3.1,2.08203125,390.2734375,1.9,5136.77734375
128,416.3432308414269,0.30743864801479504,4.7,0.00390625,950.078125,88.6,9.53125,398.74609375,2.2,5153.40625,410.5711959605139,0.3117607890162617,7.0,0.0,950.078125,0.0,2.01953125,391.7109375,2.2,5145.91796875,377.10669622800003,0.33942648401716724,2.2,0.0,950.078125,0.0,3.4765625,393.890625,2.2,5165.2109375,387.295314561438,0.33049715601373464,96.5,7.47265625,959.2578125,2.2,0.20703125,388.40234375,2.2,5093.3359375,384.99311745453366,0.33247347600990906,8.9,0.36328125,954.24609375,2.2,0.20703125,388.4140625,2.2,5099.55859375,344.0216728120329,0.37206958199385554,8.2,0.03125,954.27734375,0.0,0.20703125,388.41796875,2.1,5130.58203125
256,449.9283603317348,0.568979470001068,1.5,0.01953125,954.296875,102.8,13.18359375,402.38671875,2.3,5133.42578125,445.07857789606106,0.5751793339732103,2.9,0.0,954.296875,0.0,3.71875,393.41015625,2.5,5188.59375,401.63421384112826,0.6373958970070817,4.0,0.0,954.296875,1.3,2.8828125,393.30859375,2.6,5169.25390625,413.87850111143166,0.6185390140162781,104.9,9.109375,964.75390625,1.4,0.20703125,388.40234375,2.5,5208.46875,412.3792806181901,0.6207877360284328,8.2,2.375,962.125,1.3,0.20703125,388.41015625,2.6,5139.41796875,366.17964456973175,0.6991104060434736,8.6,0.35546875,962.48046875,2.4,0.20703125,388.41015625,2.4,5147.640625
512,442.0858279081094,1.158146150992252,1.6,0.0234375,962.50390625,113.3,19.921875,409.11328125,2.8,5148.1796875,437.00501334356426,1.1716112730209716,1.6,0.0,962.50390625,0.8,7.53125,397.19921875,2.9,5146.48046875,397.4352275100338,1.2882602360332385,0.7,0.0,962.50390625,0.7,4.10546875,394.53125,2.9,5166.38671875,407.0103018696557,1.2579534170217812,112.9,14.75390625,977.3984375,2.9,4.078125,392.27734375,2.8,5161.25,406.0536263819948,1.2609171959920786,7.3,1.58203125,974.74609375,2.9,4.078125,392.28515625,2.7,5112.30859375,360.92671146899505,1.4185705400304869,9.1,4.35546875,979.1015625,1.3,4.078125,392.2890625,2.8,5107.66796875
1024,434.7580592282923,2.355332990991883,0.4,0.0234375,979.125,117.1,22.37109375,411.58203125,3.1,5110.42578125,431.9065016387325,2.370883503986988,0.8,0.0,979.125,0.8,7.4765625,397.16796875,3.3,5145.3125,391.5284127108078,2.6153912890003994,1.1,0.0,979.125,1.1,19.70703125,410.12109375,3.2,5147.28515625,402.8122031893344,2.5421275519765913,118.1,16.359375,995.4921875,2.3,4.1015625,392.30078125,3.2,5223.15625,400.5339358251287,2.556587366038002,6.4,11.2109375,998.2578125,1.9,4.1015625,392.30859375,3.2,5145.52734375,356.92067427412195,2.868984829983674,8.4,27.2421875,1000.28515625,2.3,4.1015625,392.30078125,3.3,5139.85546875
2048,428.1354936715671,4.783532386994921,0.6,0.0234375,974.09375,120.1,33.13671875,422.4375,3.5,5132.28125,423.7854516229463,4.832634041958954,0.4,0.0,974.09375,0.8,13.33203125,403.01953125,3.5,5117.69140625,382.8557067922512,5.349273796018679,0.4,0.0,974.09375,1.3,38.01953125,428.44140625,3.5,5128.15625,394.19886123178094,5.195347326982301,119.7,49.578125,1025.21484375,2.3,10.5625,398.7578125,3.5,5200.515625,392.6932273733671,5.215266924002208,6.2,-9.1484375,998.1484375,2.1,10.5625,398.76171875,3.6,5177.8671875,349.4911394947941,5.85994827497052,8.5,25.84765625,1006.078125,1.8,10.5625,398.77734375,3.4,5197.75
4096,438.34312850882867,9.344277880969457,0.3,7.23046875,989.484375,122.4,38.75,427.96875,3.6,5181.89453125,433.92190956347025,9.439486482995562,0.3,0.0,989.484375,0.9,12.140625,401.80859375,3.8,5210.8359375,392.5612782853911,10.434039796004072,0.3,0.0,989.484375,1.2,61.1015625,451.56640625,3.7,5222.18359375,404.4233883145058,10.127999809978064,121.4,54.9453125,1044.4296875,2.2,4.0234375,392.2734375,3.7,5306.7578125,400.86401839088376,10.217928803991526,6.7,52.578125,1062.11328125,2.2,4.0234375,392.265625,3.7,5305.515625,356.3985560108998,11.492751390032936,8.6,52.65625,1079.875,1.9,4.0234375,392.27734375,3.7,5352.671875
8192,444.06262479094016,18.447848439973313,0.2,0.0,1031.13671875,123.5,49.8984375,439.12890625,3.7,5220.9921875,440.2058173146998,18.609476925979834,0.2,0.0,1031.13671875,1.0,19.0859375,408.8046875,3.9,5308.1015625,393.99618607903375,20.792079439968802,0.2,0.0,1031.13671875,1.3,82.5234375,472.9765625,3.7,5231.87890625,409.11901021509715,20.023513440974057,122.2,84.9296875,1116.06640625,2.3,6.046875,394.28515625,3.8,5447.84765625,405.10685186376594,20.221825334010646,6.7,54.3359375,1101.34765625,2.3,6.0625,394.3828125,3.8,5428.45703125,356.7814013541141,22.960838117985986,8.8,78.62109375,1111.15625,2.0,6.046875,394.27734375,3.7,5560.5703125
32,382.15894314730014,0.08373479300644249,5.1,0.01171875,753.8515625,54.4,3.4765625,392.66796875,3.0,4803.8046875,373.3475536226137,0.08571102097630501,5.0,0.0,753.859375,0.0,0.37109375,390.0546875,1.9,4851.75390625,341.5741257061106,0.09368391102179885,9.7,0.0,753.86328125,0.0,0.71484375,391.12890625,1.8,4948.54296875,353.0079598918261,0.09064951399341226,63.1,3.96875,941.609375,0.0,0.8046875,389.1015625,1.9,5080.75390625,346.86578507345587,0.09225470304954797,14.5,0.25390625,938.03515625,4.7,1.01171875,389.2109375,1.8,5085.67578125,307.3493501081044,0.10411604901310056,13.6,0.05078125,938.10546875,0.0,1.01171875,389.21875,1.7,5134.91796875
64,381.50482044892954,0.1677567269653082,3.5,0.00390625,938.109375,72.6,6.265625,395.4765625,1.8,5141.24609375,378.3773318790454,0.16914332495070994,7.0,0.0,938.109375,0.0,0.99609375,390.6953125,2.0,5078.3984375,345.82438029618385,0.18506503198295832,6.7,0.0,938.109375,0.0,1.71875,392.1484375,1.9,5101.7890625,354.79954866192776,0.1803835440077819,81.1,5.4375,951.9140625,3.3,2.08203125,390.29296875,1.9,5101.6640625,353.79452567540017,0.18089595896890387,10.1,0.01171875,949.6484375,3.3,2.08203125,390.296875,1.9,5081.28515625,317.3074479215611,0.2016971250413917,9.5,0.13671875,949.78515625,3.1,2.08203125,390.29296875,1.9,5077.07421875
128,417.43763950426415,0.3066326269763522,4.7,0.00390625,949.7890625,88.8,9.0546875,398.29296875,2.0,5073.94921875,414.77349030640704,0.3086021720082499,4.7,0.0,949.7890625,0.0,2.015625,391.70703125,2.2,5119.9296875,376.39255426822535,0.3400704890373163,4.4,0.0,949.7890625,2.2,3.48828125,393.90234375,2.2,5075.37109375,385.60927052932357,0.3319422269705683,93.8,7.6015625,959.33203125,2.2,0.20703125,388.40625,2.2,5068.6640625,384.0673914859447,0.3332748440443538,8.9,0.01953125,954.0859375,0.0,0.20703125,388.40234375,2.2,5060.265625,342.2326257946376,0.37401460396358743,8.2,0.03125,954.1171875,0.0,0.20703125,388.40234375,2.1,5042.875
256,449.1510736198764,0.5699641279643402,1.5,0.01953125,954.13671875,104.1,13.01953125,402.2109375,2.3,5086.51171875,444.2271702966621,0.5762817250215448,2.9,0.0,954.13671875,0.0,3.79296875,393.48828125,2.5,5233.0,403.45342198101275,0.6345218209899031,2.7,0.0,954.13671875,1.3,2.88671875,393.31640625,2.5,5103.734375,412.7379388857664,0.6202482880325988,107.4,7.6875,964.2421875,2.7,0.20703125,388.40625,2.6,5107.1484375,411.1189939237526,0.6226907629752532,8.1,0.98828125,960.078125,1.3,0.20703125,388.390625,2.4,5119.375,365.67378734715624,0.7000775249907747,9.8,0.078125,960.15625,2.4,0.20703125,388.4140625,2.3,5166.7890625
512,442.7736871384324,1.1563469439861365,0.8,0.0234375,960.1796875,111.9,19.44921875,408.6640625,2.7,5063.3984375,437.77168482488554,1.1695594250340946,2.3,0.0,960.1796875,0.0,7.53125,397.2265625,2.9,5072.76953125,397.83495915961043,1.2869658339768648,0.7,0.0,960.1796875,0.7,4.10546875,394.51953125,2.9,5093.22265625,405.77931183680465,1.261769600037951,113.2,15.046875,975.453125,2.2,4.078125,392.29296875,2.9,5119.71484375,405.3991097748526,1.2629529460100457,7.3,7.19921875,971.34765625,2.2,4.078125,392.28125,3.1,5088.8046875,359.9924565830562,1.422252024000045,9.1,1.0234375,972.37109375,1.9,4.0859375,392.29296875,3.0,5097.4453125
1024,434.5135672679864,2.3566582890343852,1.2,0.0234375,972.39453125,117.0,22.45703125,411.65234375,3.2,5118.96484375,433.1709622149819,2.3639627060038038,0.4,0.0,972.39453125,0.8,7.4765625,397.1640625,3.4,5098.4296875,391.75587677698695,2.613872722024098,0.7,0.0,972.39453125,1.1,19.703125,410.1171875,3.3,5101.71875,401.48473524562485,2.550532835011836,117.4,22.328125,994.90625,1.9,4.1015625,392.3125,3.2,5133.44140625,396.8420454016582,2.580371742020361,7.4,26.32421875,996.109375,1.5,4.1015625,392.30859375,3.1,5206.90234375,354.9692909872973,2.8847565859905444,8.7,30.05078125,1000.9375,2.0,4.1015625,392.30078125,3.2,5115.9609375
2048,427.4821918114987,4.790842844988219,0.6,0.0234375,974.74609375,120.1,33.04296875,422.375,3.4,5083.33984375,424.2697173342145,4.827118024986703,0.4,0.0,974.74609375,0.8,13.3359375,403.0234375,3.7,5098.3046875,383.99691016757464,5.333376248017885,0.6,0.0,974.74609375,1.1,38.01953125,428.43359375,3.5,5109.5,393.539914479309,5.204046463011764,119.3,51.51171875,1028.671875,2.1,10.5625,398.7578125,3.4,5158.9375,391.294430310674,5.233910429989919,6.5,-2.2578125,1008.51171875,2.2,10.5625,398.76171875,3.5,5183.37109375,347.9201386095614,5.886408324004151,8.8,17.81640625,1009.39453125,2.0,10.5625,398.77734375,3.5,5188.13671875
4096,437.3844564899931,9.364758941985201,0.3,7.22265625,993.69921875,122.6,39.26171875,428.40625,3.6,5092.03125,434.27409685844873,9.431831255031284,0.2,0.00390625,993.703125,0.8,12.1328125,401.81640625,3.8,5203.32421875,389.95150583255736,10.503870196000207,0.2,0.0,993.703125,1.2,61.1015625,451.5703125,3.7,5165.79296875,403.16882737251336,10.159515622013714,120.8,54.89453125,1050.328125,2.2,4.0234375,392.26953125,3.6,5299.73828125,400.2224099252312,10.234309469989967,6.9,50.76171875,1066.2109375,2.2,4.0234375,392.27734375,3.7,5228.95703125,354.74056936835484,11.546466216968838,9.0,50.33984375,1081.671875,2.0,4.0234375,392.2578125,3.6,5336.38671875
8192,444.03349151928,18.44905881304294,0.2,0.0,1033.88671875,123.7,49.66015625,438.82421875,3.8,5244.62109375,440.1169751842772,18.613233439973556,0.3,0.0,1032.90234375,0.9,19.078125,408.7890625,3.8,5287.16796875,396.1588235043836,20.67857514199568,0.2,0.0,1032.90234375,1.3,82.57421875,473.0390625,3.7,5271.35546875,408.21621660675265,20.06779659097083,122.0,84.02734375,1116.9296875,2.3,6.046875,394.27734375,3.8,5405.1484375,404.5120093164822,20.251561909972224,7.0,49.17578125,1096.27734375,2.3,6.03125,394.27734375,3.8,5460.86328125,356.31132737291216,22.991129864996765,9.2,86.0234375,1113.47265625,2.0,6.046875,394.3046875,3.7,5461.82421875
32,380.0165720782069,0.08420685399323702,10.2,0.0078125,753.7578125,49.4,3.55078125,392.7890625,3.1,4857.6796875,373.568928807586,0.08566022902959958,5.1,0.0,753.765625,0.0,0.37109375,390.06640625,1.7,4925.640625,341.00461582502163,0.09384037199197337,4.9,0.0,753.76953125,4.7,0.7265625,391.25390625,1.7,4870.77734375,351.74195749399865,0.09097578300861642,63.1,4.1953125,941.77734375,0.0,0.8046875,388.984375,2.0,5125.04296875,348.89046835488364,0.09171932999743149,9.7,0.3984375,938.3515625,0.0,0.8046875,389.00390625,1.8,5106.25,306.3606462402713,0.1044520580326207,13.6,0.25390625,938.625,0.0,0.8046875,388.9921875,1.7,5116.4765625
64,381.112523127185,0.1679294069763273,3.5,0.00390625,938.62890625,69.2,5.890625,395.1015625,1.7,5142.36328125,378.4284658066725,0.16912047000369057,7.0,0.0,938.62890625,3.4,0.98046875,390.67578125,2.0,5116.5859375,346.1618199994466,0.18488462996901944,6.7,0.0,938.62890625,3.3,1.71875,392.1171875,1.9,5085.21484375,356.91697764107744,0.17931340902578086,78.0,5.48828125,952.96484375,0.0,1.86328125,390.0625,2.1,5169.6015625,355.05339173341315,0.18025457998737693,13.5,0.01171875,950.765625,3.3,1.86328125,390.03125,2.0,5141.1953125,317.4314746849901,0.20161831798031926,9.5,0.01171875,950.77734375,3.1,1.86328125,390.046875,1.8,5126.52734375
128,417.56839014480425,0.30653661297401413,2.4,0.00390625,950.78125,86.5,9.21875,398.44140625,2.0,5106.6328125,415.81019247447745,0.3078327619587071,2.4,0.0,950.78125,0.0,1.9765625,391.671875,2.4,5115.83984375,376.5033849618872,0.339970383036416,4.4,0.0,950.78125,0.0,3.56640625,393.96484375,1.9,5141.78125,389.1708575067408,0.32890438102185726,92.3,7.40625,959.9296875,2.2,-0.015625,388.16796875,2.2,5205.71484375,386.4885347800703,0.33118705597007647,9.0,0.35546875,954.65625,2.2,-0.015625,388.171875,2.1,5128.14453125,344.77590697462665,0.3712556399987079,10.3,0.3125,954.96875,2.0,-0.015625,388.16796875,2.1,5142.51953125
256,450.36039342281873,0.5684336450067349,1.5,0.01953125,954.98828125,102.9,12.8515625,402.01953125,2.4,5106.59375,446.3855870467231,0.5734952189959586,1.5,0.0,954.98828125,0.0,3.78125,393.4609375,2.6,5114.1171875,405.6894927991746,0.6310244769556448,2.7,0.0,954.98828125,2.7,2.828125,393.21875,2.5,5114.00390625,415.86210074456847,0.6155886760097928,108.1,8.58984375,965.33203125,2.7,-0.015625,388.1796875,2.4,5119.68359375,413.9936972270481,0.6183669019956142,6.8,1.38671875,961.08984375,2.7,-0.015625,388.16796875,2.5,5168.7578125,367.8244853400097,0.6959841179777868,9.9,0.68359375,961.7734375,2.4,-0.015625,388.1640625,2.5,5161.40234375
512,444.0625233000615,1.152990791015327,1.6,0.0234375,961.796875,110.6,19.671875,408.87890625,2.8,5161.03125,437.80841131899547,1.1694613140425645,0.8,0.0,961.796875,0.8,7.53125,397.2109375,2.9,5136.41015625,395.50478500050343,1.2945481810020283,2.1,0.0,961.796875,1.4,11.41796875,401.82421875,3.0,5121.46875,408.10945596695524,1.2545653929701075,113.8,14.90625,976.78125,1.5,3.875,392.0546875,2.9,5118.46875,405.38326650146143,1.2630023050005548,7.3,2.2734375,974.8203125,2.2,3.875,392.05859375,2.8,5120.875,360.7126561442316,1.4194123529596254,8.5,3.15234375,977.97265625,2.6,3.875,392.046875,3.0,5130.9375
1024,436.3677904759818,2.3466443269862793,0.8,0.0234375,977.99609375,117.5,22.80078125,411.98046875,3.2,5131.16015625,432.4362942275238,2.367978852998931,0.8,0.0,977.99609375,0.8,7.48046875,397.16015625,3.2,5125.8359375,391.4156132864355,2.616145000967663,0.7,0.0,977.99609375,1.1,19.7265625,410.1484375,3.3,5110.1796875,402.95004228137657,2.5412579539697617,117.0,17.4921875,995.48828125,1.9,3.89453125,392.0859375,3.2,5145.125,400.30934796517204,2.5580217029782943,6.7,11.94921875,998.9921875,2.2,3.89453125,392.0859375,3.2,5141.53125,357.0387891542322,2.86803571798373,8.4,27.66796875,1001.4453125,2.0,3.89453125,392.0703125,3.2,5150.8984375
2048,427.70831149687433,4.788310035015456,0.4,0.0234375,975.25390625,119.9,32.85546875,422.16796875,3.5,5150.17578125,424.2314644906523,4.827553284994792,0.4,0.0,975.25390625,0.6,13.328125,403.0234375,3.6,5131.00390625,384.1948973427576,5.330627798975911,0.4,0.0,975.25390625,1.3,38.03125,428.421875,3.4,5138.76171875,395.54761048618127,5.177632087026723,119.2,52.04296875,1030.23046875,2.3,10.36328125,398.55078125,3.5,5218.4140625,393.0045813957103,5.211135179968551,6.2,-11.89453125,1000.41796875,2.1,10.36328125,398.5625,3.5,5187.546875,348.60615088466886,5.8748246260220185,8.3,23.90625,1007.390625,2.0,10.36328125,398.546875,3.5,5185.7421875
4096,437.35877163709614,9.365308907988947,0.3,4.77734375,989.3125,122.3,39.3515625,428.52734375,3.7,5181.125,434.20465307120224,9.433339719020296,0.3,1.55078125,990.86328125,0.9,12.1328125,401.796875,3.7,5233.984375,392.8515174156711,10.426331116002984,0.3,0.0,990.86328125,1.2,61.11328125,451.5234375,3.7,5193.1875,403.7578816548242,10.144693605019711,121.3,57.56640625,1048.4296875,2.2,4.03515625,392.2265625,3.7,5279.19140625,401.53461026525594,10.200864123005886,6.6,50.96875,1064.51953125,2.3,4.03515625,392.22265625,3.7,5300.33984375,355.30073362305643,11.528262151987292,8.6,51.94140625,1081.58203125,2.0,4.03515625,392.2265625,3.6,5318.45703125
8192,443.2320304781444,18.482418770960066,0.2,0.0,1032.921875,123.5,49.25390625,438.45703125,3.8,5240.484375,440.4005740757227,18.601247323967982,0.2,0.0,1031.9375,0.9,19.0859375,408.77734375,3.8,5319.578125,394.27714645924254,20.77726308401907,0.2,0.0,1031.9375,1.3,82.515625,472.91796875,3.7,5386.58203125,409.3745880559602,20.011012503004167,122.0,83.3359375,1115.2734375,2.3,6.05859375,394.25390625,3.8,5542.328125,405.0527976197956,20.224523934011813,6.8,49.80078125,1096.24609375,2.3,6.05859375,394.2578125,3.8,5492.33984375,357.7818257601208,22.89663535199361,9.0,91.328125,1118.74609375,2.0,6.05859375,394.25,3.7,5558.734375
32,380.9351481610196,0.08400380000239238,10.2,0.0078125,753.88671875,49.5,3.30859375,392.46484375,3.1,4918.54296875,372.9223549503196,0.08580874698236585,5.0,0.0,753.89453125,0.0,0.37109375,390.06640625,1.9,4909.75390625,342.2678872831693,0.09349401795770973,4.9,0.0,753.90234375,4.7,0.7265625,391.2421875,1.7,4953.94140625,350.8068163161472,0.0912182959727943,62.9,4.12890625,941.828125,4.7,0.8046875,388.99609375,2.0,5109.359375,348.3289831361045,0.09186717600096017,14.5,0.27734375,938.2265625,4.7,0.8046875,388.9921875,1.7,5102.98046875,309.0920727014761,0.10352902201702818,9.1,0.046875,938.29296875,0.0,0.8046875,388.98046875,1.7,5143.18359375
64,379.80114482681887,0.16850923403399065,7.0,0.00390625,938.296875,68.9,6.17578125,395.33984375,1.9,5170.0546875,375.8513709321771,0.1702800759812817,3.5,0.0,938.296875,0.0,0.98046875,390.67578125,2.0,5141.49609375,344.94166597914875,0.18553861801046878,3.3,0.0,938.296875,0.0,1.7265625,392.12109375,2.0,5164.99609375,356.17951878967506,0.17968467198079452,81.4,5.01171875,951.96875,0.0,1.86328125,390.06640625,1.9,5125.45703125,354.0058772036273,0.18078795896144584,10.1,0.0625,949.91796875,0.0,1.86328125,390.046875,2.0,5126.44140625,318.94743683503907,0.20066002296516672,6.3,0.0078125,949.92578125,0.0,1.86328125,390.05078125,1.9,5149.4140625
128,416.1725769082853,0.3075647149817087,7.1,0.00390625,949.9296875,86.3,9.3125,398.4765625,2.0,5185.640625,416.3823515437268,0.3074097629869357,7.1,0.0,949.9296875,2.3,1.97265625,391.66796875,2.2,5212.19140625,376.05030334121506,0.34037999401334673,2.2,0.0,949.9296875,0.0,3.5625,393.953125,2.1,5211.21484375,387.71296780472176,0.3301411369466223,94.1,7.79296875,960.29296875,2.2,-0.015625,388.16796875,2.2,5178.765625,385.38035879128523,0.3321393970400095,8.9,0.20703125,954.92578125,2.2,-0.015625,388.18359375,2.2,5192.0625,343.254073291587,0.37290161999408156,10.2,0.1875,955.11328125,2.0,-0.015625,388.1640625,2.1,5182.171875
256,450.3811854710028,0.5684074030141346,2.9,0.01953125,955.1328125,102.8,12.7734375,401.9453125,2.5,5159.1875,446.270748583118,0.5736427960218862,2.9,0.0,955.1328125,0.0,3.80859375,393.484375,2.6,5153.98828125,397.99652776171416,0.6432216920075007,1.3,0.0,955.1328125,0.0,2.83203125,393.21484375,2.5,5161.55078125,416.5897941927585,0.6145133739919402,106.8,7.7421875,964.5625,4.1,-0.015625,388.18359375,2.4,5224.92578125,414.05192673199,0.6182799389935099,5.5,2.15234375,961.2109375,1.4,-0.015625,388.16796875,2.4,5155.8984375,367.2019488009205,0.6971640560077503,9.8,0.65234375,961.86328125,1.2,-0.015625,388.171875,2.6,5183.79296875
512,443.22075964697456,1.1551805479684845,1.6,0.0234375,961.88671875,112.8,19.68359375,408.87890625,2.8,5169.9609375,439.16324265458513,1.1658534919843078,0.8,0.0,961.88671875,0.8,7.5078125,397.203125,3.1,5158.98828125,395.116141313612,1.2958215230028145,1.4,0.0,961.88671875,1.4,4.109375,394.51953125,2.8,5143.58984375,407.2574318015232,1.257190071977675,114.3,14.99609375,976.94921875,2.2,3.875,392.05859375,2.8,5196.546875,404.6734836466961,1.2652175659895875,7.2,1.6328125,974.34765625,2.2,3.875,392.07421875,2.8,5153.8671875,359.70498031409403,1.4233886880101636,9.1,3.84375,978.19140625,1.9,3.875,392.05859375,2.9,5160.3203125
1024,435.8789172748878,2.34927627700381,0.4,0.0234375,978.21484375,118.2,22.60546875,411.76953125,3.1,5195.359375,431.6800389131863,2.3721272880211473,0.8,0.0,978.21484375,0.8,7.4765625,397.16796875,3.3,5211.44140625,391.7846398787397,2.6136808230075985,1.1,0.0,978.21484375,0.7,20.83203125,411.22265625,3.1,5193.3203125,402.1775790409321,2.5461389529518783,117.9,17.12109375,995.75390625,2.2,3.89453125,392.078125,3.2,5225.7890625,400.54926585157824,2.556489519018214,6.4,10.22265625,997.53125,2.6,3.89453125,392.078125,3.2,5205.515625,357.08168772662043,2.867691161984112,8.7,28.1953125,1000.51171875,2.0,3.89453125,392.08203125,3.2,5233.56640625
2048,427.4688966524332,4.790991850022692,0.6,0.0234375,973.3515625,120.1,33.0625,422.42578125,3.5,5193.90234375,424.2329965466633,4.827535850985441,0.4,0.0,973.3515625,0.8,13.328125,403.0234375,3.7,5189.6875,384.01512681022564,5.3331232470227405,0.6,0.0,973.3515625,1.3,38.0234375,428.4140625,3.5,5215.3359375,394.52226851050693,5.191088471969124,120.0,50.8671875,1026.1171875,2.3,10.36328125,398.5390625,3.5,5219.12890625,392.9633200327868,5.211682352004573,6.4,-10.74609375,997.453125,2.1,10.36328125,398.546875,3.5,5248.46875,349.5026258260221,5.859755688987207,8.4,23.90234375,1004.421875,2.0,10.36328125,398.5625,3.4,5247.5625
4096,438.6841322267225,9.337014264019672,0.3,3.77734375,985.34375,122.2,39.3125,428.4921875,3.7,5225.9453125,434.5190009340026,9.42651527596172,0.3,0.0,985.34375,0.8,12.1328125,401.82421875,3.8,5231.42578125,392.37259235037783,10.439057365001645,0.3,1.55078125,986.89453125,1.2,61.1328125,451.53125,3.6,5237.734375,404.7230628507119,10.120500598975923,121.0,58.46484375,1045.359375,2.2,4.03515625,392.23046875,3.7,5325.27734375,401.25949442127063,10.207858149020467,6.7,50.12109375,1060.5859375,2.2,4.03515625,392.2265625,3.7,5373.36328125,354.22822399621185,11.56316668895306,8.7,49.37890625,1075.0703125,2.1,4.03515625,392.234375,3.6,5365.61328125
8192,444.40822541604507,18.433502197964117,0.2,0.0,1027.30078125,123.6,50.15625,439.328125,3.8,5312.72265625,440.3568599407168,18.60309386596782,0.2,0.0,1026.30078125,1.0,19.078125,408.7734375,3.8,5320.8125,395.45021935007287,20.715628919017036,0.2,0.0,1026.30078125,1.3,82.60546875,473.01171875,3.7,5307.66015625,409.3826832358485,20.010616802959703,121.9,85.6875,1111.98828125,2.3,6.05859375,394.24609375,3.8,5487.5390625,405.45252596538165,20.2045849399874,6.7,48.60546875,1091.78125,2.3,6.05859375,394.25,3.8,5461.59765625,357.54810147773514,22.91160256799776,8.9,90.50390625,1113.47265625,2.0,6.05859375,394.24609375,3.7,5519.84375
